Device: cuda

##### CKPLUS: N=636, kelas=7 (sample-level) #####

================================================================
  CKPLUS 7c — Early Fusion concat — randomsplit (5 folds)
================================================================
 Epoch  Train Loss  Train Acc   Val Loss   Val Acc   Val F1         LR
---------------------------------------------------------------------------
     1      1.9504     0.1995     1.8978    0.1974   0.1185   0.000050  (15.3s)
     2      1.5246     0.4495     1.5746    0.5000   0.2956   0.000050  (1.4s)
     3      1.2008     0.6947     1.3427    0.6053   0.3443   0.000050  (1.3s)
     4      0.9371     0.8101     1.2022    0.7237   0.4484   0.000050  (1.4s)
     5      0.7654     0.8582     1.0601    0.7368   0.4949   0.000050  (1.6s)
     6      0.5706     0.9375     0.9787    0.7763   0.4954   0.000050  (1.3s)
     7      0.4765     0.9471     1.0077    0.7237   0.4803   0.000050  (1.5s)
     8      0.4619     0.9591     0.9161    0.7632   0.5072   0.000050  (1.3s)
     9      0.3633     0.9784     0.8890    0.7632   0.5147   0.000050  (1.4s)
    10      0.3117     0.9880     0.8550    0.7632   0.5222   0.000050  (1.4s)
    11      0.2650     0.9904     0.8470    0.7368   0.5104   0.000050  (1.4s)
    12      0.2480     0.9904     0.8053    0.7632   0.5306   0.000050  (1.5s)
    13      0.2055     0.9928     0.7920    0.7500   0.5126   0.000050  (1.4s)
    14      0.1838     0.9952     0.7686    0.7632   0.5222   0.000050  (1.5s)
    15      0.1773     1.0000     0.7734    0.7632   0.5146   0.000050  (1.6s)
    16      0.1567     1.0000     0.7501    0.7632   0.5146   0.000050  (1.5s)
    17      0.1519     0.9976     0.7583    0.7368   0.5134   0.000050  (1.4s)
    18      0.1402     1.0000     0.7317    0.7632   0.5306   0.000050  (1.4s)
    19      0.1175     1.0000     0.7118    0.7632   0.5306   0.000050  (1.5s)
    20      0.1124     1.0000     0.7145    0.7632   0.5320   0.000050  (1.5s)
    21      0.1059     1.0000     0.7086    0.7500   0.5299   0.000050  (1.4s)
    22      0.1107     1.0000     0.6867    0.7763   0.5326   0.000050  (1.5s)
    23      0.0984     1.0000     0.6822    0.7895   0.5634   0.000050  (1.4s)
    24      0.0887     1.0000     0.6840    0.7895   0.5655   0.000050  (1.4s)
    25      0.0798     1.0000     0.6849    0.7763   0.5320   0.000050  (1.4s)
    26      0.0753     1.0000     0.6780    0.7763   0.5320   0.000050  (1.5s)
    27      0.0926     1.0000     0.6826    0.7632   0.5225   0.000050  (1.5s)
    28      0.0671     1.0000     0.6874    0.7500   0.5127   0.000050  (1.4s)
    29      0.0675     1.0000     0.6807    0.7500   0.5142   0.000050  (1.5s)
    30      0.0786     1.0000     0.6804    0.7632   0.5538   0.000050  (1.5s)
    31      0.0794     1.0000     0.7052    0.7763   0.5666   0.000050  (1.5s)
    32      0.0551     1.0000     0.7088    0.7763   0.5582   0.000050  (1.4s)
    33      0.0513     1.0000     0.7058    0.7500   0.5215   0.000050  (1.4s)
    34      0.0565     1.0000     0.6829    0.7632   0.5461   0.000050  (1.4s)
    35      0.0560     1.0000     0.6871    0.7632   0.5461   0.000050  (1.4s)
    36      0.0490     1.0000     0.6638    0.7500   0.5430   0.000050  (1.4s)
    37      0.0521     1.0000     0.6863    0.7763   0.5539   0.000050  (1.4s)
    38      0.0458     1.0000     0.6768    0.7632   0.5517   0.000050  (1.4s)
    39      0.0491     1.0000     0.6845    0.7632   0.5455   0.000050  (1.4s)
    40      0.0375     1.0000     0.6805    0.7763   0.6506   0.000050  (1.5s)
    41      0.0451     1.0000     0.6763    0.7632   0.6244   0.000050  (1.3s)
    42      0.0371     1.0000     0.6717    0.7500   0.5303   0.000050  (1.5s)
    43      0.0475     1.0000     0.6872    0.7632   0.5309   0.000050  (1.5s)
    44      0.0414     1.0000     0.6838    0.7895   0.5665   0.000050  (1.4s)
    45      0.0461     1.0000     0.6886    0.8026   0.5802   0.000050  (1.4s)
    46      0.0366     1.0000     0.6696    0.7632   0.5294   0.000050  (1.4s)
    47      0.0411     1.0000     0.6688    0.8026   0.5702   0.000050  (1.5s)
    48      0.0432     1.0000     0.6834    0.7895   0.5750   0.000050  (1.5s)
    49      0.0441     1.0000     0.7122    0.7763   0.5666   0.000050  (1.6s)
    50      0.0422     0.9976     0.7123    0.7632   0.5383   0.000025  (1.5s)

Best: epoch 40, val_acc=0.7763, val_f1=0.6506
Model saved: /mnt/extended-home/fitra_dosen/2025_iris_fer_taufik/MultimodalEmoLearn/models/benchmark/ckplus_samplelevel/_tmp/m.pth
Test Loss: 0.4931
Test Accuracy: 0.8438
Test Macro F1:    0.6432
Test Micro F1:    0.8438
Test Weighted F1: 0.8351

Classification Report:
              precision    recall  f1-score   support

     neutral       0.94      0.91      0.92        66
       happy       0.87      0.93      0.90        14
         sad       0.00      0.00      0.00         5
       angry       0.46      0.67      0.55         9
     fearful       0.50      0.20      0.29         5
   disgusted       0.85      0.92      0.88        12
   surprised       0.94      1.00      0.97        17

    accuracy                           0.84       128
   macro avg       0.65      0.66      0.64       128
weighted avg       0.83      0.84      0.84       128

    [fold 1/5] macro_f1=0.6432 acc=0.8438 (94s)
 Epoch  Train Loss  Train Acc   Val Loss   Val Acc   Val F1         LR
---------------------------------------------------------------------------
     1      1.9993     0.1731     1.8302    0.1447   0.0688   0.000050  (1.4s)
     2      1.5389     0.4760     1.4755    0.5263   0.2743   0.000050  (1.4s)
     3      1.1978     0.6971     1.1337    0.6974   0.3531   0.000050  (1.4s)
     4      0.9111     0.8269     0.9962    0.7763   0.4943   0.000050  (1.5s)
     5      0.7747     0.8558     0.8095    0.8026   0.4531   0.000050  (1.5s)
     6      0.5845     0.9207     0.7460    0.8289   0.5404   0.000050  (1.4s)
     7      0.5059     0.9303     0.6403    0.8684   0.6325   0.000050  (1.5s)
     8      0.3980     0.9591     0.6165    0.8553   0.5832   0.000050  (1.4s)
     9      0.3449     0.9760     0.5827    0.8816   0.6492   0.000050  (1.5s)
    10      0.2792     0.9976     0.5480    0.8816   0.6492   0.000050  (1.4s)
    11      0.2710     0.9928     0.5430    0.8947   0.6673   0.000050  (1.5s)
    12      0.2136     0.9976     0.5351    0.8816   0.6558   0.000050  (1.5s)
    13      0.2150     0.9928     0.4967    0.8816   0.6086   0.000050  (1.6s)
    14      0.1830     0.9976     0.4640    0.8947   0.6213   0.000050  (1.5s)
    15      0.1659     0.9976     0.4771    0.8816   0.5931   0.000050  (1.6s)
    16      0.1443     1.0000     0.4355    0.9079   0.7178   0.000050  (1.5s)
    17      0.1529     1.0000     0.4170    0.9079   0.6719   0.000050  (1.6s)
    18      0.1254     0.9976     0.4219    0.8947   0.6686   0.000050  (1.5s)
    19      0.1152     1.0000     0.4129    0.8816   0.6115   0.000050  (1.5s)
    20      0.1020     1.0000     0.4183    0.9079   0.7178   0.000050  (1.4s)
    21      0.0898     1.0000     0.3995    0.9079   0.7178   0.000050  (1.4s)
    22      0.0902     1.0000     0.3958    0.9079   0.6719   0.000050  (1.3s)
    23      0.0839     1.0000     0.4140    0.9079   0.7178   0.000050  (1.5s)
    24      0.0801     1.0000     0.3707    0.8947   0.6423   0.000050  (1.5s)
    25      0.0806     1.0000     0.3551    0.9079   0.7178   0.000050  (1.7s)
    26      0.0707     1.0000     0.3806    0.9079   0.7178   0.000025  (1.5s)
    27      0.0586     1.0000     0.3690    0.9079   0.7178   0.000025  (1.5s)
    28      0.0699     1.0000     0.3798    0.8947   0.6264   0.000025  (1.6s)
    29      0.0872     1.0000     0.3716    0.9079   0.6757   0.000025  (1.5s)
    30      0.0762     0.9976     0.3552    0.9079   0.6757   0.000025  (1.5s)
    31      0.0743     1.0000     0.3715    0.9079   0.7178   0.000025  (1.3s)

Early stopping at epoch 31. Best epoch: 16 (val_f1=0.7178)

Best: epoch 16, val_acc=0.9079, val_f1=0.7178
Model saved: /mnt/extended-home/fitra_dosen/2025_iris_fer_taufik/MultimodalEmoLearn/models/benchmark/ckplus_samplelevel/_tmp/m.pth
Test Loss: 0.5578
Test Accuracy: 0.8516
Test Macro F1:    0.5888
Test Micro F1:    0.8516
Test Weighted F1: 0.8185

Classification Report:
              precision    recall  f1-score   support

     neutral       0.88      0.98      0.93        66
       happy       0.82      1.00      0.90        14
         sad       0.00      0.00      0.00         5
       angry       0.57      0.44      0.50         9
     fearful       0.00      0.00      0.00         5
   disgusted       0.90      0.75      0.82        12
   surprised       0.94      1.00      0.97        17

    accuracy                           0.85       128
   macro avg       0.59      0.60      0.59       128
weighted avg       0.79      0.85      0.82       128

    [fold 2/5] macro_f1=0.5888 acc=0.8516 (50s)
 Epoch  Train Loss  Train Acc   Val Loss   Val Acc   Val F1         LR
---------------------------------------------------------------------------
     1      1.9593     0.1875     1.8588    0.2237   0.1361   0.000050  (1.6s)
     2      1.5292     0.4784     1.5032    0.5789   0.3024   0.000050  (1.5s)
     3      1.1632     0.7115     1.1489    0.6842   0.3289   0.000050  (1.4s)
     4      0.9195     0.8221     0.9551    0.7632   0.4404   0.000050  (1.5s)
     5      0.7308     0.8630     0.9139    0.7500   0.4328   0.000050  (1.5s)
     6      0.5681     0.9038     0.8223    0.8026   0.5011   0.000050  (1.4s)
     7      0.4872     0.9399     0.7417    0.8158   0.5104   0.000050  (1.5s)
     8      0.3960     0.9688     0.7192    0.8158   0.4948   0.000050  (1.4s)
     9      0.3532     0.9712     0.6808    0.8289   0.5133   0.000050  (1.5s)
    10      0.3087     0.9832     0.6838    0.8289   0.5168   0.000050  (1.4s)
    11      0.2637     0.9952     0.6203    0.8289   0.5240   0.000050  (1.4s)
    12      0.2342     0.9928     0.6136    0.8158   0.5110   0.000050  (1.5s)
    13      0.2204     0.9952     0.6180    0.8158   0.5165   0.000050  (1.4s)
    14      0.1704     1.0000     0.5663    0.8026   0.5069   0.000050  (1.5s)
    15      0.1691     1.0000     0.6081    0.8026   0.5164   0.000050  (1.4s)
    16      0.1605     1.0000     0.5379    0.8158   0.5191   0.000050  (1.5s)
    17      0.1329     1.0000     0.5189    0.8289   0.5410   0.000050  (1.5s)
    18      0.1103     1.0000     0.5309    0.8158   0.5113   0.000050  (1.5s)
    19      0.1161     1.0000     0.5050    0.8158   0.5252   0.000050  (1.4s)
    20      0.1023     1.0000     0.5156    0.8158   0.5192   0.000050  (1.4s)
    21      0.1016     1.0000     0.5071    0.8158   0.5129   0.000050  (1.5s)
    22      0.0928     1.0000     0.4951    0.8289   0.5425   0.000050  (1.6s)
    23      0.0866     1.0000     0.4883    0.8158   0.5191   0.000050  (1.4s)
    24      0.0838     1.0000     0.5031    0.8026   0.5164   0.000050  (1.5s)
    25      0.0880     1.0000     0.4725    0.8289   0.5425   0.000050  (1.5s)
    26      0.0762     1.0000     0.4756    0.8289   0.5937   0.000050  (1.5s)
    27      0.0649     1.0000     0.4789    0.8289   0.5883   0.000050  (1.6s)
    28      0.0591     1.0000     0.4729    0.8158   0.5129   0.000050  (1.6s)
    29      0.0613     1.0000     0.4530    0.8421   0.5761   0.000050  (1.5s)
    30      0.0647     1.0000     0.4570    0.8553   0.6569   0.000050  (1.5s)
    31      0.0564     1.0000     0.4795    0.8289   0.5880   0.000050  (1.5s)
    32      0.0619     1.0000     0.4522    0.8289   0.5410   0.000050  (1.5s)
    33      0.0539     1.0000     0.4569    0.8421   0.6186   0.000050  (1.5s)
    34      0.0516     1.0000     0.4425    0.8421   0.5679   0.000050  (1.5s)
    35      0.0638     1.0000     0.4300    0.8289   0.5471   0.000050  (1.5s)
    36      0.0473     1.0000     0.4349    0.8289   0.5471   0.000050  (1.5s)
    37      0.0386     1.0000     0.4485    0.8289   0.5471   0.000050  (1.5s)
    38      0.0476     1.0000     0.4580    0.8289   0.5471   0.000050  (1.4s)
    39      0.0585     0.9976     0.4449    0.8421   0.5669   0.000050  (1.5s)
    40      0.0462     1.0000     0.4532    0.8421   0.5679   0.000025  (1.4s)
    41      0.0474     1.0000     0.4420    0.8421   0.5679   0.000025  (1.4s)
    42      0.0430     1.0000     0.4356    0.8289   0.5471   0.000025  (1.5s)
    43      0.0418     1.0000     0.4318    0.8421   0.5679   0.000025  (1.4s)
    44      0.0412     1.0000     0.4289    0.8553   0.6475   0.000025  (1.4s)
    45      0.0383     1.0000     0.4347    0.8421   0.5679   0.000025  (1.3s)

Early stopping at epoch 45. Best epoch: 30 (val_f1=0.6569)

Best: epoch 30, val_acc=0.8553, val_f1=0.6569
Model saved: /mnt/extended-home/fitra_dosen/2025_iris_fer_taufik/MultimodalEmoLearn/models/benchmark/ckplus_samplelevel/_tmp/m.pth
Test Loss: 0.4895
Test Accuracy: 0.8750
Test Macro F1:    0.6289
Test Micro F1:    0.8750
Test Weighted F1: 0.8412

Classification Report:
              precision    recall  f1-score   support

     neutral       0.89      0.98      0.94        66
       happy       0.88      1.00      0.93        14
         sad       0.00      0.00      0.00         5
       angry       0.75      0.67      0.71         9
     fearful       0.00      0.00      0.00         5
   disgusted       1.00      0.83      0.91        12
   surprised       0.85      1.00      0.92        17

    accuracy                           0.88       128
   macro avg       0.62      0.64      0.63       128
weighted avg       0.81      0.88      0.84       128

    [fold 3/5] macro_f1=0.6289 acc=0.8750 (71s)
 Epoch  Train Loss  Train Acc   Val Loss   Val Acc   Val F1         LR
---------------------------------------------------------------------------
     1      1.9735     0.1803     1.9051    0.1579   0.1071   0.000050  (1.5s)
     2      1.5532     0.4471     1.6869    0.4079   0.2596   0.000050  (1.4s)
     3      1.2418     0.6490     1.4258    0.4868   0.2584   0.000050  (1.5s)
     4      0.9855     0.7668     1.1884    0.6184   0.3394   0.000050  (1.4s)
     5      0.7505     0.8774     1.0768    0.7105   0.4668   0.000050  (1.4s)
     6      0.6006     0.9255     0.8866    0.7763   0.5151   0.000050  (1.5s)
     7      0.5141     0.9207     0.8558    0.7895   0.5105   0.000050  (1.5s)
     8      0.4357     0.9615     0.8269    0.8158   0.5644   0.000050  (1.5s)
     9      0.3660     0.9856     0.7860    0.8026   0.5221   0.000050  (1.5s)
    10      0.3187     0.9808     0.7570    0.8026   0.5221   0.000050  (1.5s)
    11      0.2657     0.9832     0.7044    0.7895   0.5304   0.000050  (1.4s)
    12      0.2265     0.9952     0.7148    0.8158   0.5835   0.000050  (1.4s)
    13      0.2125     0.9952     0.7063    0.8026   0.5816   0.000050  (1.5s)
    14      0.1809     1.0000     0.6617    0.8158   0.5835   0.000050  (1.4s)
    15      0.1871     1.0000     0.6629    0.8421   0.6559   0.000050  (1.5s)
    16      0.1565     1.0000     0.6490    0.8421   0.6535   0.000050  (1.4s)
    17      0.1335     1.0000     0.6525    0.8158   0.6440   0.000050  (1.3s)
    18      0.1355     1.0000     0.6727    0.8026   0.5799   0.000050  (1.4s)
    19      0.1216     1.0000     0.6490    0.8158   0.5946   0.000050  (1.4s)
    20      0.1031     0.9976     0.6284    0.8158   0.6440   0.000050  (1.5s)
    21      0.1015     1.0000     0.6211    0.8289   0.6602   0.000050  (1.3s)
    22      0.1006     1.0000     0.6133    0.8158   0.6561   0.000050  (1.4s)
    23      0.0861     1.0000     0.6234    0.8158   0.6440   0.000050  (1.4s)
    24      0.0829     1.0000     0.6274    0.8158   0.6561   0.000050  (1.4s)
    25      0.0841     1.0000     0.6073    0.8158   0.6561   0.000050  (1.3s)
    26      0.0703     1.0000     0.5937    0.8026   0.6523   0.000050  (1.3s)
    27      0.0746     1.0000     0.6339    0.8421   0.6662   0.000050  (1.5s)
    28      0.0604     1.0000     0.6174    0.8026   0.6523   0.000050  (1.3s)
    29      0.0635     1.0000     0.6109    0.8158   0.6561   0.000050  (1.5s)
    30      0.0600     1.0000     0.6171    0.8158   0.6561   0.000050  (1.5s)
    31      0.0604     1.0000     0.6085    0.8421   0.6662   0.000050  (1.5s)
    32      0.0516     1.0000     0.6167    0.8289   0.6612   0.000050  (1.3s)
    33      0.0591     1.0000     0.6020    0.8421   0.6662   0.000050  (1.4s)
    34      0.0531     1.0000     0.6171    0.8289   0.6612   0.000050  (1.3s)
    35      0.0778     1.0000     0.6029    0.8289   0.6612   0.000050  (1.3s)
    36      0.0513     1.0000     0.5812    0.8421   0.6662   0.000050  (1.5s)
    37      0.0447     1.0000     0.5895    0.8289   0.6602   0.000025  (1.4s)
    38      0.0487     1.0000     0.5946    0.8289   0.6602   0.000025  (1.4s)
    39      0.0437     1.0000     0.6012    0.8289   0.6602   0.000025  (1.7s)
    40      0.0511     0.9976     0.6171    0.8289   0.6612   0.000025  (1.6s)
    41      0.0475     0.9976     0.6198    0.8421   0.6662   0.000025  (1.7s)
    42      0.0498     1.0000     0.5835    0.8158   0.6561   0.000025  (1.7s)

Early stopping at epoch 42. Best epoch: 27 (val_f1=0.6662)

Best: epoch 27, val_acc=0.8421, val_f1=0.6662
Model saved: /mnt/extended-home/fitra_dosen/2025_iris_fer_taufik/MultimodalEmoLearn/models/benchmark/ckplus_samplelevel/_tmp/m.pth
Test Loss: 0.4424
Test Accuracy: 0.8438
Test Macro F1:    0.5535
Test Micro F1:    0.8438
Test Weighted F1: 0.8098

Classification Report:
              precision    recall  f1-score   support

     neutral       0.92      1.00      0.96        66
       happy       0.80      0.86      0.83        14
         sad       0.00      0.00      0.00         5
       angry       0.67      0.22      0.33         9
     fearful       0.00      0.00      0.00         5
   disgusted       0.69      0.92      0.79        12
   surprised       0.94      1.00      0.97        17

    accuracy                           0.84       128
   macro avg       0.57      0.57      0.55       128
weighted avg       0.80      0.84      0.81       128

    [fold 4/5] macro_f1=0.5535 acc=0.8438 (65s)
 Epoch  Train Loss  Train Acc   Val Loss   Val Acc   Val F1         LR
---------------------------------------------------------------------------
     1      1.9565     0.2163     1.8707    0.1184   0.0791   0.000050  (1.5s)
     2      1.5066     0.4736     1.5271    0.5395   0.3155   0.000050  (1.5s)
     3      1.1795     0.6851     1.3333    0.5789   0.3827   0.000050  (1.6s)
     4      0.9153     0.8029     1.0850    0.6974   0.4447   0.000050  (1.6s)
     5      0.7040     0.8942     0.8879    0.8289   0.5311   0.000050  (1.6s)
     6      0.6068     0.9159     0.8673    0.8158   0.5238   0.000050  (1.7s)
     7      0.4945     0.9255     0.7589    0.8289   0.5311   0.000050  (1.6s)
     8      0.3993     0.9760     0.7464    0.8421   0.5623   0.000050  (1.5s)
     9      0.3327     0.9856     0.7007    0.8421   0.5543   0.000050  (1.6s)
    10      0.2862     0.9952     0.6683    0.8421   0.5654   0.000050  (1.6s)
    11      0.2396     0.9976     0.6578    0.8553   0.5794   0.000050  (1.7s)
    12      0.2217     0.9952     0.6107    0.8421   0.5746   0.000050  (1.6s)
    13      0.1989     0.9976     0.6302    0.8421   0.5746   0.000050  (1.5s)
    14      0.1984     1.0000     0.6237    0.8553   0.5953   0.000050  (1.4s)
    15      0.1734     1.0000     0.5782    0.8553   0.5802   0.000050  (1.4s)
    16      0.1488     1.0000     0.6107    0.8421   0.5746   0.000050  (1.3s)
    17      0.1285     1.0000     0.6049    0.8421   0.5746   0.000050  (1.5s)
    18      0.1198     0.9976     0.5711    0.8421   0.5730   0.000050  (1.2s)
    19      0.1142     1.0000     0.5730    0.8421   0.5730   0.000050  (1.4s)
    20      0.1026     1.0000     0.5436    0.8553   0.5802   0.000050  (1.3s)
    21      0.0984     1.0000     0.5708    0.8421   0.5730   0.000050  (1.5s)
    22      0.0950     1.0000     0.5688    0.8421   0.5730   0.000050  (1.5s)
    23      0.0977     1.0000     0.5417    0.8553   0.5802   0.000050  (1.5s)
    24      0.0880     1.0000     0.5472    0.8421   0.5730   0.000025  (1.5s)
    25      0.0828     1.0000     0.5553    0.8421   0.5730   0.000025  (1.5s)
    26      0.0712     1.0000     0.5377    0.8553   0.5802   0.000025  (1.4s)
    27      0.0750     1.0000     0.5316    0.8553   0.5802   0.000025  (1.5s)
    28      0.0758     1.0000     0.5408    0.8421   0.5730   0.000025  (1.6s)
    29      0.0614     1.0000     0.5332    0.8421   0.5730   0.000025  (1.5s)

Early stopping at epoch 29. Best epoch: 14 (val_f1=0.5953)

Best: epoch 14, val_acc=0.8553, val_f1=0.5953
Model saved: /mnt/extended-home/fitra_dosen/2025_iris_fer_taufik/MultimodalEmoLearn/models/benchmark/ckplus_samplelevel/_tmp/m.pth
Test Loss: 0.7114
Test Accuracy: 0.7812
Test Macro F1:    0.5278
Test Micro F1:    0.7812
Test Weighted F1: 0.7625

Classification Report:
              precision    recall  f1-score   support

     neutral       0.85      0.92      0.88        66
       happy       0.79      0.79      0.79        14
         sad       0.00      0.00      0.00         5
       angry       0.29      0.22      0.25         9
     fearful       0.00      0.00      0.00         5
   disgusted       0.83      0.83      0.83        12
   surprised       0.94      0.94      0.94        17

    accuracy                           0.78       128
   macro avg       0.53      0.53      0.53       128
weighted avg       0.75      0.78      0.76       128

    [fold 5/5] macro_f1=0.5278 acc=0.7812 (48s)
  randomsplit: macro_f1=0.5884±0.0437  acc=0.8391±0.0311  -> saved ckplus_7c_randomsplit_earlyfusion.json

================================================================
  CKPLUS 7c — Early Fusion concat — cv10 (10 folds)
================================================================
 Epoch  Train Loss  Train Acc   Val Loss   Val Acc   Val F1         LR
---------------------------------------------------------------------------
     1      1.9445     0.2188     1.8122    0.2235   0.1190   0.000050  (1.6s)
     2      1.4641     0.5292     1.4109    0.6000   0.3144   0.000050  (1.6s)
     3      1.1210     0.7021     1.1251    0.7059   0.3981   0.000050  (1.7s)
     4      0.8431     0.8271     0.9610    0.7529   0.4243   0.000050  (1.6s)
     5      0.6420     0.9000     0.8587    0.7647   0.4548   0.000050  (1.7s)
     6      0.5393     0.9104     0.8042    0.7765   0.4521   0.000050  (1.6s)
     7      0.4361     0.9437     0.7753    0.7765   0.4687   0.000050  (1.6s)
     8      0.3933     0.9604     0.7273    0.7647   0.4603   0.000050  (1.7s)
     9      0.3293     0.9792     0.7465    0.7765   0.4717   0.000050  (1.7s)
    10      0.2909     0.9854     0.7005    0.7765   0.4927   0.000050  (1.4s)
    11      0.2457     0.9958     0.7025    0.7647   0.4607   0.000050  (1.5s)
    12      0.2215     0.9917     0.6951    0.7647   0.5173   0.000050  (1.4s)
    13      0.1734     1.0000     0.6877    0.7647   0.4756   0.000050  (1.5s)
    14      0.1567     0.9958     0.6592    0.7882   0.5255   0.000050  (1.4s)
    15      0.1490     1.0000     0.6592    0.7529   0.4876   0.000050  (1.7s)
    16      0.1177     1.0000     0.6509    0.7529   0.4657   0.000050  (1.5s)
    17      0.1099     1.0000     0.6428    0.7647   0.5057   0.000050  (1.4s)
    18      0.1250     1.0000     0.6348    0.7647   0.4858   0.000050  (1.5s)
    19      0.0935     1.0000     0.6447    0.7529   0.4635   0.000050  (1.4s)
    20      0.0914     1.0000     0.6424    0.7647   0.4874   0.000050  (1.5s)
    21      0.0827     1.0000     0.6284    0.7765   0.5062   0.000050  (1.4s)
    22      0.0759     1.0000     0.6200    0.7882   0.5255   0.000050  (1.4s)
    23      0.0846     1.0000     0.6130    0.7765   0.5062   0.000050  (1.6s)
    24      0.0727     1.0000     0.6242    0.7529   0.4695   0.000025  (1.6s)
    25      0.0713     1.0000     0.6218    0.7765   0.5117   0.000025  (1.6s)
    26      0.0681     1.0000     0.6207    0.7765   0.5106   0.000025  (1.7s)
    27      0.0641     1.0000     0.6255    0.7647   0.5073   0.000025  (1.6s)
    28      0.0707     1.0000     0.6355    0.7765   0.5047   0.000025  (1.8s)
    29      0.0709     1.0000     0.6189    0.7529   0.4876   0.000025  (1.6s)

Early stopping at epoch 29. Best epoch: 14 (val_f1=0.5255)

Best: epoch 14, val_acc=0.7882, val_f1=0.5255
Model saved: /mnt/extended-home/fitra_dosen/2025_iris_fer_taufik/MultimodalEmoLearn/models/benchmark/ckplus_samplelevel/_tmp/m.pth
Test Loss: 0.4393
Test Accuracy: 0.9219
Test Macro F1:    0.8161
Test Micro F1:    0.9219
Test Weighted F1: 0.9105

Classification Report:
              precision    recall  f1-score   support

     neutral       0.92      1.00      0.96        33
       happy       1.00      1.00      1.00         7
         sad       1.00      0.33      0.50         3
       angry       0.75      0.60      0.67         5
     fearful       1.00      0.50      0.67         2
   disgusted       0.86      1.00      0.92         6
   surprised       1.00      1.00      1.00         8

    accuracy                           0.92        64
   macro avg       0.93      0.78      0.82        64
weighted avg       0.92      0.92      0.91        64

    [fold 1/10] macro_f1=0.8161 acc=0.9219 (50s)
 Epoch  Train Loss  Train Acc   Val Loss   Val Acc   Val F1         LR
---------------------------------------------------------------------------
     1      1.9633     0.2083     1.8654    0.1765   0.1226   0.000050  (1.6s)
     2      1.4492     0.5250     1.4720    0.5529   0.2752   0.000050  (1.5s)
     3      1.0944     0.7417     1.1969    0.6824   0.3726   0.000050  (1.5s)
     4      0.8534     0.8167     1.0568    0.7412   0.4528   0.000050  (1.6s)
     5      0.6282     0.8958     0.9427    0.7529   0.4734   0.000050  (1.6s)
     6      0.5238     0.9187     0.9343    0.7412   0.4623   0.000050  (1.7s)
     7      0.4312     0.9437     0.8590    0.7529   0.4775   0.000050  (1.6s)
     8      0.3973     0.9667     0.8226    0.7529   0.4775   0.000050  (1.7s)
     9      0.3169     0.9750     0.7880    0.7529   0.4818   0.000050  (1.6s)
    10      0.2912     0.9896     0.7669    0.7412   0.4742   0.000050  (1.7s)
    11      0.2540     0.9896     0.7721    0.7412   0.4732   0.000050  (1.6s)
    12      0.2315     0.9958     0.7402    0.7529   0.5026   0.000050  (1.6s)
    13      0.1784     1.0000     0.7158    0.7647   0.5152   0.000050  (1.5s)
    14      0.1506     1.0000     0.6991    0.7647   0.5128   0.000050  (1.5s)
    15      0.1410     0.9979     0.6989    0.7765   0.5367   0.000050  (1.6s)
    16      0.1186     1.0000     0.6979    0.7529   0.5050   0.000050  (1.5s)
    17      0.1073     1.0000     0.6919    0.7529   0.5050   0.000050  (1.4s)
    18      0.1148     1.0000     0.6856    0.7529   0.5018   0.000050  (1.6s)
    19      0.0933     1.0000     0.6744    0.7647   0.5241   0.000050  (1.6s)
    20      0.0901     1.0000     0.6721    0.7647   0.5412   0.000050  (1.8s)
    21      0.0784     1.0000     0.6563    0.7765   0.5604   0.000050  (1.8s)
    22      0.0748     1.0000     0.6635    0.7765   0.5496   0.000050  (1.8s)
    23      0.0942     1.0000     0.6934    0.7882   0.5731   0.000050  (1.8s)
    24      0.0722     1.0000     0.6611    0.7647   0.5367   0.000050  (1.6s)
    25      0.0692     1.0000     0.6663    0.8000   0.6246   0.000050  (1.6s)
    26      0.0678     1.0000     0.6332    0.7647   0.5367   0.000050  (1.7s)
    27      0.0666     1.0000     0.6464    0.7765   0.5494   0.000050  (1.7s)
    28      0.0671     1.0000     0.6389    0.7882   0.5711   0.000050  (1.6s)
    29      0.0654     1.0000     0.6458    0.7765   0.5583   0.000050  (1.7s)
    30      0.0507     1.0000     0.6434    0.7647   0.5367   0.000050  (1.6s)
    31      0.0590     1.0000     0.6570    0.7882   0.5711   0.000050  (1.7s)
    32      0.0492     1.0000     0.6479    0.7647   0.5348   0.000050  (1.7s)
    33      0.0573     1.0000     0.6294    0.7765   0.5636   0.000050  (1.7s)
    34      0.0486     1.0000     0.6480    0.8000   0.5882   0.000050  (1.8s)
    35      0.0548     1.0000     0.6438    0.7765   0.5479   0.000025  (1.6s)
    36      0.0437     1.0000     0.6344    0.7647   0.5348   0.000025  (1.4s)
    37      0.0427     1.0000     0.6466    0.7647   0.5348   0.000025  (1.5s)
    38      0.0434     1.0000     0.6477    0.7765   0.5564   0.000025  (1.4s)
    39      0.0437     1.0000     0.6376    0.7647   0.5515   0.000025  (1.3s)
    40      0.0495     1.0000     0.6523    0.7765   0.5496   0.000025  (1.5s)

Early stopping at epoch 40. Best epoch: 25 (val_f1=0.6246)

Best: epoch 25, val_acc=0.8000, val_f1=0.6246
Model saved: /mnt/extended-home/fitra_dosen/2025_iris_fer_taufik/MultimodalEmoLearn/models/benchmark/ckplus_samplelevel/_tmp/m.pth
Test Loss: 0.4484
Test Accuracy: 0.8438
Test Macro F1:    0.6107
Test Micro F1:    0.8438
Test Weighted F1: 0.8181

Classification Report:
              precision    recall  f1-score   support

     neutral       0.94      0.97      0.96        33
       happy       0.70      1.00      0.82         7
         sad       1.00      0.33      0.50         3
       angry       0.50      0.20      0.29         5
     fearful       0.00      0.00      0.00         2
   disgusted       0.71      0.83      0.77         6
   surprised       0.89      1.00      0.94         8

    accuracy                           0.84        64
   macro avg       0.68      0.62      0.61        64
weighted avg       0.83      0.84      0.82        64

    [fold 2/10] macro_f1=0.6107 acc=0.8438 (70s)
 Epoch  Train Loss  Train Acc   Val Loss   Val Acc   Val F1         LR
---------------------------------------------------------------------------
     1      1.9419     0.2083     1.8573    0.1765   0.1034   0.000050  (1.6s)
     2      1.4460     0.5250     1.5246    0.4706   0.3177   0.000050  (1.6s)
     3      1.0830     0.7333     1.1778    0.6824   0.4448   0.000050  (1.5s)
     4      0.8337     0.8313     0.9718    0.7294   0.4605   0.000050  (1.6s)
     5      0.6365     0.8875     0.9015    0.7412   0.4426   0.000050  (1.5s)
     6      0.5313     0.9146     0.7945    0.7765   0.5098   0.000050  (1.5s)
     7      0.4243     0.9521     0.7417    0.7647   0.4605   0.000050  (1.4s)
     8      0.3700     0.9688     0.7113    0.7765   0.4761   0.000050  (1.6s)
     9      0.3062     0.9938     0.7064    0.7765   0.4788   0.000050  (1.4s)
    10      0.2833     0.9875     0.6686    0.7765   0.5059   0.000050  (1.6s)
    11      0.2447     0.9896     0.6502    0.7765   0.5110   0.000050  (1.5s)
    12      0.2143     1.0000     0.6801    0.7882   0.5621   0.000050  (1.4s)
    13      0.1762     0.9979     0.6226    0.8000   0.6035   0.000050  (1.6s)
    14      0.1497     1.0000     0.6238    0.8000   0.6016   0.000050  (1.4s)
    15      0.1519     0.9958     0.5799    0.7882   0.5560   0.000050  (1.5s)
    16      0.1199     1.0000     0.5968    0.8118   0.6333   0.000050  (1.6s)
    17      0.1063     1.0000     0.5796    0.8000   0.5956   0.000050  (1.4s)
    18      0.1142     0.9979     0.5523    0.8353   0.7167   0.000050  (1.6s)
    19      0.0940     1.0000     0.5695    0.8000   0.6034   0.000050  (1.5s)
    20      0.0956     1.0000     0.5555    0.8353   0.7123   0.000050  (1.6s)
    21      0.0787     1.0000     0.5456    0.8235   0.6835   0.000050  (1.4s)
    22      0.0733     1.0000     0.5468    0.8235   0.6786   0.000050  (1.5s)
    23      0.0879     0.9979     0.5468    0.8235   0.6811   0.000050  (1.6s)
    24      0.0695     1.0000     0.5490    0.8235   0.6811   0.000050  (1.6s)
    25      0.0696     1.0000     0.5477    0.8118   0.6248   0.000050  (1.6s)
    26      0.0631     1.0000     0.5397    0.8353   0.6993   0.000050  (1.5s)
    27      0.0644     1.0000     0.5468    0.8353   0.6986   0.000050  (1.6s)
    28      0.0683     1.0000     0.5389    0.8353   0.6882   0.000025  (1.5s)
    29      0.0714     0.9979     0.5331    0.8235   0.6747   0.000025  (1.5s)
    30      0.0520     1.0000     0.5337    0.8118   0.6422   0.000025  (1.5s)
    31      0.0594     1.0000     0.5556    0.8118   0.6353   0.000025  (1.6s)
    32      0.0513     1.0000     0.5539    0.8235   0.6597   0.000025  (1.6s)
    33      0.0632     1.0000     0.5444    0.8118   0.6510   0.000025  (1.5s)

Early stopping at epoch 33. Best epoch: 18 (val_f1=0.7167)

Best: epoch 18, val_acc=0.8353, val_f1=0.7167
Model saved: /mnt/extended-home/fitra_dosen/2025_iris_fer_taufik/MultimodalEmoLearn/models/benchmark/ckplus_samplelevel/_tmp/m.pth
Test Loss: 0.6495
Test Accuracy: 0.7812
Test Macro F1:    0.5106
Test Micro F1:    0.7812
Test Weighted F1: 0.7444

Classification Report:
              precision    recall  f1-score   support

     neutral       0.80      0.97      0.88        33
       happy       1.00      1.00      1.00         7
         sad       0.00      0.00      0.00         3
       angry       0.25      0.20      0.22         5
     fearful       0.00      0.00      0.00         2
   disgusted       0.75      0.50      0.60         6
   surprised       0.88      0.88      0.88         8

    accuracy                           0.78        64
   macro avg       0.53      0.51      0.51        64
weighted avg       0.72      0.78      0.74        64

    [fold 3/10] macro_f1=0.5106 acc=0.7812 (55s)
 Epoch  Train Loss  Train Acc   Val Loss   Val Acc   Val F1         LR
---------------------------------------------------------------------------
     1      1.9225     0.2292     1.8459    0.2118   0.1589   0.000050  (1.7s)
     2      1.4472     0.5750     1.4698    0.5765   0.3149   0.000050  (1.4s)
     3      1.0799     0.7208     1.1666    0.6471   0.3846   0.000050  (1.7s)
     4      0.8029     0.8375     1.0406    0.7176   0.4570   0.000050  (1.7s)
     5      0.6253     0.8792     0.9734    0.7176   0.4690   0.000050  (1.6s)
     6      0.5174     0.9167     0.9453    0.6941   0.4455   0.000050  (1.6s)
     7      0.4244     0.9500     0.8763    0.7176   0.4601   0.000050  (1.7s)
     8      0.3830     0.9583     0.8113    0.7294   0.4679   0.000050  (1.8s)
     9      0.3217     0.9750     0.8059    0.7176   0.4506   0.000050  (1.6s)
    10      0.2937     0.9792     0.7762    0.7647   0.5942   0.000050  (1.8s)
    11      0.2442     0.9875     0.7616    0.7765   0.6123   0.000050  (1.6s)
    12      0.2356     0.9938     0.8016    0.7529   0.5934   0.000050  (1.6s)
    13      0.1731     0.9958     0.7199    0.7529   0.5921   0.000050  (1.7s)
    14      0.1518     1.0000     0.7217    0.7765   0.6216   0.000050  (1.7s)
    15      0.1367     1.0000     0.6744    0.7765   0.6033   0.000050  (1.6s)
    16      0.1229     0.9958     0.6852    0.7647   0.5862   0.000050  (1.6s)
    17      0.1091     1.0000     0.6672    0.7765   0.6231   0.000050  (1.6s)
    18      0.1194     1.0000     0.6581    0.7765   0.6085   0.000050  (1.7s)
    19      0.0918     1.0000     0.6529    0.7882   0.6308   0.000050  (1.7s)
    20      0.0910     1.0000     0.6495    0.7765   0.6149   0.000050  (1.7s)
    21      0.0813     1.0000     0.6361    0.7765   0.6203   0.000050  (1.6s)
    22      0.0747     1.0000     0.6555    0.7765   0.6216   0.000050  (1.6s)
    23      0.0891     1.0000     0.6295    0.7765   0.6149   0.000050  (1.7s)
    24      0.0691     1.0000     0.6167    0.7765   0.6141   0.000050  (1.6s)
    25      0.0626     1.0000     0.6305    0.7765   0.6216   0.000050  (1.6s)
    26      0.0672     1.0000     0.5992    0.8000   0.6778   0.000050  (1.6s)
    27      0.0626     1.0000     0.6211    0.7882   0.6335   0.000050  (1.5s)
    28      0.0624     1.0000     0.6253    0.7765   0.6248   0.000050  (1.4s)
    29      0.0634     1.0000     0.6194    0.7647   0.6068   0.000050  (1.6s)
    30      0.0500     1.0000     0.6188    0.7529   0.5988   0.000050  (1.6s)
    31      0.0580     1.0000     0.6529    0.7647   0.6136   0.000050  (1.6s)
    32      0.0526     1.0000     0.6312    0.7647   0.6001   0.000050  (1.8s)
    33      0.0521     1.0000     0.6226    0.7765   0.6041   0.000050  (1.8s)
    34      0.0455     1.0000     0.6250    0.7647   0.5936   0.000050  (1.7s)
    35      0.0486     1.0000     0.6084    0.7765   0.6149   0.000050  (1.6s)
    36      0.0417     1.0000     0.6039    0.7882   0.6464   0.000025  (1.6s)
    37      0.0419     1.0000     0.6135    0.7882   0.6281   0.000025  (1.7s)
    38      0.0426     1.0000     0.6183    0.7882   0.6289   0.000025  (1.6s)
    39      0.0428     1.0000     0.6107    0.7765   0.6090   0.000025  (1.6s)
    40      0.0483     1.0000     0.6204    0.7765   0.6149   0.000025  (1.7s)
    41      0.0431     1.0000     0.6186    0.7765   0.6081   0.000025  (1.6s)

Early stopping at epoch 41. Best epoch: 26 (val_f1=0.6778)

Best: epoch 26, val_acc=0.8000, val_f1=0.6778
Model saved: /mnt/extended-home/fitra_dosen/2025_iris_fer_taufik/MultimodalEmoLearn/models/benchmark/ckplus_samplelevel/_tmp/m.pth
Test Loss: 0.4553
Test Accuracy: 0.8281
Test Macro F1:    0.5904
Test Micro F1:    0.8281
Test Weighted F1: 0.8074

Classification Report:
              precision    recall  f1-score   support

     neutral       0.89      0.94      0.91        33
       happy       0.78      1.00      0.88         7
         sad       0.25      0.50      0.33         2
       angry       0.50      0.20      0.29         5
     fearful       0.00      0.00      0.00         2
   disgusted       0.80      0.67      0.73         6
   surprised       1.00      1.00      1.00         9

    accuracy                           0.83        64
   macro avg       0.60      0.62      0.59        64
weighted avg       0.80      0.83      0.81        64

    [fold 4/10] macro_f1=0.5904 acc=0.8281 (72s)
 Epoch  Train Loss  Train Acc   Val Loss   Val Acc   Val F1         LR
---------------------------------------------------------------------------
     1      1.9771     0.1875     1.8261    0.2235   0.1084   0.000050  (1.7s)
     2      1.4848     0.5437     1.5143    0.5294   0.3076   0.000050  (1.7s)
     3      1.1458     0.6896     1.1696    0.6824   0.3543   0.000050  (1.6s)
     4      0.8397     0.8521     1.0371    0.7294   0.4271   0.000050  (1.4s)
     5      0.6563     0.8958     0.9651    0.7176   0.4205   0.000050  (1.5s)
     6      0.5227     0.9271     0.9402    0.7176   0.4194   0.000050  (1.4s)
     7      0.4380     0.9563     0.8193    0.7647   0.4629   0.000050  (1.4s)
     8      0.3872     0.9708     0.7745    0.7647   0.4620   0.000050  (1.7s)
     9      0.3125     0.9833     0.7700    0.7882   0.5132   0.000050  (1.7s)
    10      0.2800     0.9833     0.7436    0.7765   0.4961   0.000050  (1.6s)
    11      0.2511     0.9917     0.7429    0.7647   0.4870   0.000050  (1.7s)
    12      0.2118     0.9958     0.6996    0.7882   0.5134   0.000050  (1.7s)
    13      0.1699     0.9979     0.6824    0.7765   0.5045   0.000050  (1.7s)
    14      0.1561     0.9979     0.6805    0.7882   0.5094   0.000050  (1.6s)
    15      0.1338     1.0000     0.6650    0.7765   0.5050   0.000050  (1.6s)
    16      0.1189     0.9979     0.6501    0.7647   0.4942   0.000050  (1.6s)
    17      0.1057     1.0000     0.6342    0.7765   0.4981   0.000050  (1.5s)
    18      0.1175     1.0000     0.6193    0.8000   0.5160   0.000050  (1.6s)
    19      0.0930     1.0000     0.6456    0.7765   0.5095   0.000050  (1.6s)
    20      0.0922     1.0000     0.6316    0.7882   0.5393   0.000050  (1.7s)
    21      0.0802     1.0000     0.6142    0.7765   0.5400   0.000050  (1.6s)
    22      0.0766     1.0000     0.6277    0.7882   0.5252   0.000050  (1.7s)
    23      0.0904     1.0000     0.5940    0.8118   0.6322   0.000050  (1.5s)
    24      0.0704     1.0000     0.6170    0.7882   0.5464   0.000050  (1.6s)
    25      0.0693     1.0000     0.6253    0.7882   0.5464   0.000050  (1.8s)
    26      0.0605     1.0000     0.6225    0.7765   0.5097   0.000050  (1.5s)
    27      0.0576     1.0000     0.6241    0.7882   0.5512   0.000050  (1.7s)
    28      0.0692     1.0000     0.6260    0.8000   0.5551   0.000050  (1.7s)
    29      0.0620     1.0000     0.5987    0.7882   0.5443   0.000050  (1.7s)
    30      0.0501     1.0000     0.6040    0.8000   0.5551   0.000050  (1.6s)
    31      0.0541     1.0000     0.6148    0.7765   0.5354   0.000050  (1.5s)
    32      0.0535     1.0000     0.6059    0.8235   0.6127   0.000050  (1.6s)
    33      0.0550     1.0000     0.5991    0.8118   0.5557   0.000025  (1.5s)
    34      0.0455     1.0000     0.6039    0.8000   0.5624   0.000025  (1.4s)
    35      0.0532     1.0000     0.5962    0.8118   0.5596   0.000025  (1.5s)
    36      0.0432     1.0000     0.5967    0.8000   0.5508   0.000025  (1.6s)
    37      0.0437     1.0000     0.6018    0.7882   0.5464   0.000025  (1.5s)
    38      0.0440     1.0000     0.6064    0.7882   0.5514   0.000025  (1.6s)

Early stopping at epoch 38. Best epoch: 23 (val_f1=0.6322)

Best: epoch 23, val_acc=0.8118, val_f1=0.6322
Model saved: /mnt/extended-home/fitra_dosen/2025_iris_fer_taufik/MultimodalEmoLearn/models/benchmark/ckplus_samplelevel/_tmp/m.pth
Test Loss: 0.3797
Test Accuracy: 0.8750
Test Macro F1:    0.6448
Test Micro F1:    0.8750
Test Weighted F1: 0.8509

Classification Report:
              precision    recall  f1-score   support

     neutral       0.91      0.97      0.94        33
       happy       0.78      1.00      0.88         7
         sad       0.00      0.00      0.00         2
       angry       1.00      0.60      0.75         5
     fearful       0.00      0.00      0.00         3
   disgusted       1.00      1.00      1.00         5
   surprised       0.90      1.00      0.95         9

    accuracy                           0.88        64
   macro avg       0.66      0.65      0.64        64
weighted avg       0.84      0.88      0.85        64

    [fold 5/10] macro_f1=0.6448 acc=0.8750 (66s)
 Epoch  Train Loss  Train Acc   Val Loss   Val Acc   Val F1         LR
---------------------------------------------------------------------------
     1      1.9614     0.1750     1.8582    0.2118   0.1340   0.000050  (1.6s)
     2      1.4719     0.5292     1.5322    0.5294   0.2829   0.000050  (1.7s)
     3      1.1298     0.7167     1.2396    0.6118   0.3275   0.000050  (1.6s)
     4      0.8553     0.8125     1.0985    0.7529   0.4364   0.000050  (1.5s)
     5      0.6502     0.9042     0.9338    0.7529   0.4451   0.000050  (1.5s)
     6      0.5268     0.9167     0.8656    0.7529   0.4451   0.000050  (1.6s)
     7      0.4243     0.9604     0.7922    0.7765   0.4755   0.000050  (1.6s)
     8      0.3909     0.9688     0.7569    0.8000   0.5488   0.000050  (1.6s)
     9      0.3250     0.9729     0.7750    0.8000   0.5457   0.000050  (1.6s)
    10      0.2725     0.9917     0.7225    0.7882   0.5279   0.000050  (1.6s)
    11      0.2353     0.9938     0.7245    0.8000   0.5484   0.000050  (1.6s)
    12      0.2153     0.9979     0.7068    0.8000   0.5534   0.000050  (1.6s)
    13      0.1695     0.9979     0.6561    0.7882   0.5331   0.000050  (1.6s)
    14      0.1480     1.0000     0.6863    0.8118   0.5756   0.000050  (1.6s)
    15      0.1430     1.0000     0.6471    0.8000   0.5534   0.000050  (1.6s)
    16      0.1208     0.9979     0.6647    0.8000   0.5534   0.000050  (1.6s)
    17      0.1110     1.0000     0.6649    0.8000   0.5522   0.000050  (1.6s)
    18      0.1205     1.0000     0.6385    0.8000   0.5534   0.000050  (1.6s)
    19      0.0965     1.0000     0.6269    0.8000   0.5549   0.000050  (1.6s)
    20      0.0950     1.0000     0.6094    0.8000   0.5549   0.000050  (1.5s)
    21      0.0840     1.0000     0.5960    0.8118   0.6279   0.000050  (1.6s)
    22      0.0813     1.0000     0.6230    0.8118   0.5771   0.000050  (1.5s)
    23      0.0922     1.0000     0.5863    0.8235   0.6501   0.000050  (1.6s)
    24      0.0674     1.0000     0.5813    0.8118   0.5583   0.000050  (1.6s)
    25      0.0689     1.0000     0.5849    0.8118   0.5598   0.000050  (1.6s)
    26      0.0641     1.0000     0.6007    0.8000   0.5538   0.000050  (1.6s)
    27      0.0641     1.0000     0.5825    0.8118   0.5755   0.000050  (1.7s)
    28      0.0678     1.0000     0.5908    0.8118   0.5771   0.000050  (1.6s)
    29      0.0628     1.0000     0.5934    0.8000   0.5549   0.000050  (1.6s)
    30      0.0543     1.0000     0.5827    0.8000   0.5549   0.000050  (1.8s)
    31      0.0569     1.0000     0.6100    0.8235   0.6066   0.000050  (1.8s)
    32      0.0489     1.0000     0.5784    0.8235   0.6501   0.000050  (1.5s)
    33      0.0555     1.0000     0.5741    0.8118   0.5771   0.000025  (1.5s)
    34      0.0449     1.0000     0.5791    0.8353   0.6812   0.000025  (1.5s)
    35      0.0631     1.0000     0.5874    0.8118   0.5598   0.000025  (1.6s)
    36      0.0441     1.0000     0.5764    0.8118   0.5598   0.000025  (1.8s)
    37      0.0432     1.0000     0.5756    0.8000   0.5549   0.000025  (1.7s)
    38      0.0465     1.0000     0.5682    0.8235   0.6501   0.000025  (1.7s)
    39      0.0500     1.0000     0.5689    0.8118   0.6279   0.000025  (1.8s)
    40      0.0518     1.0000     0.5820    0.8118   0.6279   0.000025  (1.8s)
    41      0.0471     1.0000     0.5766    0.8353   0.6555   0.000025  (1.6s)
    42      0.0499     1.0000     0.5578    0.8235   0.6501   0.000025  (1.6s)
    43      0.0412     1.0000     0.5679    0.8235   0.6328   0.000025  (1.6s)
    44      0.0383     1.0000     0.5757    0.8118   0.6279   0.000013  (1.5s)
    45      0.0362     0.9979     0.5768    0.8235   0.6501   0.000013  (1.6s)
    46      0.0424     1.0000     0.5772    0.8235   0.6590   0.000013  (1.4s)
    47      0.0535     1.0000     0.5815    0.8118   0.5861   0.000013  (1.5s)
    48      0.0463     1.0000     0.5791    0.8235   0.6082   0.000013  (1.7s)
    49      0.0385     1.0000     0.5669    0.8353   0.6136   0.000013  (1.7s)

Early stopping at epoch 49. Best epoch: 34 (val_f1=0.6812)

Best: epoch 34, val_acc=0.8353, val_f1=0.6812
Model saved: /mnt/extended-home/fitra_dosen/2025_iris_fer_taufik/MultimodalEmoLearn/models/benchmark/ckplus_samplelevel/_tmp/m.pth
Test Loss: 0.5972
Test Accuracy: 0.8594
Test Macro F1:    0.6719
Test Micro F1:    0.8594
Test Weighted F1: 0.8333

Classification Report:
              precision    recall  f1-score   support

     neutral       0.89      1.00      0.94        32
       happy       0.86      0.86      0.86         7
         sad       0.50      0.67      0.57         3
       angry       0.00      0.00      0.00         4
     fearful       1.00      0.33      0.50         3
   disgusted       0.83      0.83      0.83         6
   surprised       1.00      1.00      1.00         9

    accuracy                           0.86        64
   macro avg       0.73      0.67      0.67        64
weighted avg       0.83      0.86      0.83        64

    [fold 6/10] macro_f1=0.6719 acc=0.8594 (84s)
 Epoch  Train Loss  Train Acc   Val Loss   Val Acc   Val F1         LR
---------------------------------------------------------------------------
     1      1.9274     0.2354     1.8834    0.1765   0.1222   0.000050  (1.6s)
     2      1.4490     0.5375     1.5831    0.4353   0.2701   0.000050  (1.6s)
     3      1.0810     0.7438     1.2159    0.6235   0.3703   0.000050  (1.6s)
     4      0.7874     0.8646     1.0748    0.7176   0.4428   0.000050  (1.8s)
     5      0.6033     0.8958     1.0096    0.7294   0.4463   0.000050  (1.8s)
     6      0.5074     0.9208     0.9072    0.7412   0.4632   0.000050  (1.5s)
     7      0.4260     0.9458     0.8616    0.7529   0.4676   0.000050  (1.7s)
     8      0.3721     0.9604     0.8146    0.7647   0.5045   0.000050  (1.6s)
     9      0.2956     0.9854     0.7948    0.7412   0.4695   0.000050  (1.7s)
    10      0.2529     0.9958     0.7462    0.7765   0.5131   0.000050  (1.6s)
    11      0.2348     0.9896     0.7363    0.7765   0.5434   0.000050  (1.6s)
    12      0.2120     0.9917     0.7134    0.7882   0.5664   0.000050  (1.7s)
    13      0.1759     0.9896     0.6900    0.7765   0.5575   0.000050  (1.7s)
    14      0.1468     1.0000     0.6869    0.7647   0.5332   0.000050  (1.7s)
    15      0.1203     0.9979     0.6498    0.7765   0.5406   0.000050  (1.6s)
    16      0.1287     1.0000     0.6493    0.7882   0.5443   0.000050  (1.6s)
    17      0.1085     1.0000     0.6560    0.7647   0.5352   0.000050  (1.6s)
    18      0.1068     0.9979     0.6489    0.7882   0.5625   0.000050  (1.6s)
    19      0.0970     1.0000     0.6412    0.7647   0.5267   0.000050  (1.6s)
    20      0.0997     0.9979     0.6376    0.7765   0.5455   0.000050  (1.6s)
    21      0.0833     1.0000     0.6156    0.7647   0.5510   0.000050  (1.6s)
    22      0.0716     1.0000     0.6320    0.7647   0.5264   0.000025  (1.7s)
    23      0.0794     1.0000     0.6586    0.7882   0.5612   0.000025  (1.7s)
    24      0.0683     1.0000     0.6355    0.7765   0.5435   0.000025  (1.7s)
    25      0.0813     1.0000     0.6295    0.7647   0.5222   0.000025  (1.6s)
    26      0.0645     1.0000     0.6163    0.7647   0.5437   0.000025  (1.6s)
    27      0.0669     1.0000     0.6154    0.7529   0.5249   0.000025  (1.6s)

Early stopping at epoch 27. Best epoch: 12 (val_f1=0.5664)

Best: epoch 12, val_acc=0.7882, val_f1=0.5664
Model saved: /mnt/extended-home/fitra_dosen/2025_iris_fer_taufik/MultimodalEmoLearn/models/benchmark/ckplus_samplelevel/_tmp/m.pth
Test Loss: 0.7132
Test Accuracy: 0.8095
Test Macro F1:    0.5823
Test Micro F1:    0.8095
Test Weighted F1: 0.7894

Classification Report:
              precision    recall  f1-score   support

     neutral       0.88      0.91      0.89        32
       happy       0.78      1.00      0.88         7
         sad       0.00      0.00      0.00         3
       angry       0.33      0.50      0.40         4
     fearful       0.00      0.00      0.00         3
   disgusted       1.00      0.83      0.91         6
   surprised       1.00      1.00      1.00         8

    accuracy                           0.81        63
   macro avg       0.57      0.61      0.58        63
weighted avg       0.78      0.81      0.79        63

    [fold 7/10] macro_f1=0.5823 acc=0.8095 (49s)
 Epoch  Train Loss  Train Acc   Val Loss   Val Acc   Val F1         LR
---------------------------------------------------------------------------
     1      1.9474     0.1896     1.8493    0.2000   0.1620   0.000050  (1.7s)
     2      1.4689     0.5333     1.4976    0.5176   0.2822   0.000050  (1.7s)
     3      1.1231     0.7208     1.2286    0.6471   0.3590   0.000050  (1.7s)
     4      0.8445     0.8250     1.0927    0.7294   0.4310   0.000050  (1.7s)
     5      0.6402     0.8854     0.9705    0.7529   0.4834   0.000050  (1.7s)
     6      0.5345     0.9083     0.9558    0.7412   0.4845   0.000050  (1.6s)
     7      0.4315     0.9417     0.9123    0.7529   0.4914   0.000050  (1.6s)
     8      0.3649     0.9750     0.8587    0.7529   0.4920   0.000050  (1.6s)
     9      0.2915     0.9812     0.8266    0.7647   0.5159   0.000050  (1.6s)
    10      0.2633     0.9917     0.8450    0.7647   0.5125   0.000050  (1.7s)
    11      0.2429     0.9896     0.8225    0.7412   0.4925   0.000050  (1.6s)
    12      0.2111     0.9979     0.7995    0.7412   0.5165   0.000050  (1.6s)
    13      0.1728     0.9979     0.8084    0.7765   0.5554   0.000050  (1.5s)
    14      0.1471     0.9979     0.7801    0.7765   0.5554   0.000050  (1.4s)
    15      0.1244     1.0000     0.7971    0.7647   0.5450   0.000050  (1.6s)
    16      0.1333     1.0000     0.7575    0.7647   0.5316   0.000050  (1.5s)
    17      0.1149     1.0000     0.7568    0.7765   0.5516   0.000050  (1.5s)
    18      0.1039     1.0000     0.7724    0.7647   0.5250   0.000050  (1.7s)
    19      0.0999     1.0000     0.7583    0.7647   0.5288   0.000050  (1.8s)
    20      0.0954     1.0000     0.7383    0.7647   0.5288   0.000050  (1.6s)
    21      0.0860     1.0000     0.7553    0.7647   0.5199   0.000050  (1.6s)
    22      0.0738     1.0000     0.7421    0.7647   0.5288   0.000050  (1.6s)
    23      0.0823     1.0000     0.7247    0.7647   0.5337   0.000025  (1.6s)
    24      0.0671     1.0000     0.7164    0.7647   0.5337   0.000025  (1.6s)
    25      0.0798     1.0000     0.7250    0.7647   0.5288   0.000025  (1.7s)
    26      0.0669     1.0000     0.7277    0.7647   0.5288   0.000025  (1.7s)
    27      0.0685     1.0000     0.7238    0.7647   0.5337   0.000025  (1.7s)
    28      0.0602     1.0000     0.7228    0.7529   0.5248   0.000025  (1.6s)

Early stopping at epoch 28. Best epoch: 13 (val_f1=0.5554)

Best: epoch 13, val_acc=0.7765, val_f1=0.5554
Model saved: /mnt/extended-home/fitra_dosen/2025_iris_fer_taufik/MultimodalEmoLearn/models/benchmark/ckplus_samplelevel/_tmp/m.pth
Test Loss: 0.4864
Test Accuracy: 0.8730
Test Macro F1:    0.6569
Test Micro F1:    0.8730
Test Weighted F1: 0.8457

Classification Report:
              precision    recall  f1-score   support

     neutral       0.94      1.00      0.97        32
       happy       0.70      1.00      0.82         7
         sad       0.50      0.33      0.40         3
       angry       0.67      0.50      0.57         4
     fearful       0.00      0.00      0.00         3
   disgusted       0.83      0.83      0.83         6
   surprised       1.00      1.00      1.00         8

    accuracy                           0.87        63
   macro avg       0.66      0.67      0.66        63
weighted avg       0.83      0.87      0.85        63

    [fold 8/10] macro_f1=0.6569 acc=0.8730 (51s)
 Epoch  Train Loss  Train Acc   Val Loss   Val Acc   Val F1         LR
---------------------------------------------------------------------------
     1      1.9216     0.2083     1.8484    0.1647   0.1011   0.000050  (1.6s)
     2      1.4053     0.5750     1.5071    0.5176   0.3360   0.000050  (1.7s)
     3      1.0597     0.7625     1.1804    0.6941   0.4234   0.000050  (1.6s)
     4      0.8232     0.8354     1.0137    0.7294   0.4581   0.000050  (1.6s)
     5      0.6122     0.9021     0.9260    0.7412   0.4657   0.000050  (1.6s)
     6      0.5153     0.9104     0.8878    0.7412   0.4657   0.000050  (1.7s)
     7      0.4269     0.9479     0.8738    0.7529   0.4770   0.000050  (1.6s)
     8      0.3449     0.9771     0.8254    0.7412   0.4833   0.000050  (1.6s)
     9      0.3000     0.9729     0.7633    0.7647   0.5085   0.000050  (1.6s)
    10      0.2607     0.9917     0.7776    0.7765   0.5415   0.000050  (1.7s)
    11      0.2276     0.9938     0.7231    0.8000   0.5906   0.000050  (1.8s)
    12      0.2073     0.9979     0.7086    0.8000   0.6138   0.000050  (1.6s)
    13      0.1709     0.9979     0.6991    0.8118   0.6598   0.000050  (1.6s)
    14      0.1487     1.0000     0.7149    0.8118   0.6598   0.000050  (1.6s)
    15      0.1249     1.0000     0.6805    0.8000   0.5906   0.000050  (1.6s)
    16      0.1335     0.9958     0.6726    0.8000   0.5906   0.000050  (1.7s)
    17      0.1212     0.9979     0.6699    0.8000   0.5852   0.000050  (1.7s)
    18      0.1011     0.9958     0.6700    0.8000   0.6191   0.000050  (1.5s)
    19      0.0970     1.0000     0.6643    0.8000   0.6191   0.000050  (1.6s)
    20      0.0840     1.0000     0.6508    0.8000   0.6191   0.000050  (1.6s)
    21      0.0848     1.0000     0.6502    0.8000   0.6191   0.000050  (1.6s)
    22      0.0722     1.0000     0.6490    0.8118   0.6652   0.000050  (1.6s)
    23      0.0746     1.0000     0.6622    0.8000   0.5906   0.000050  (1.6s)
    24      0.0684     1.0000     0.6569    0.8000   0.5830   0.000050  (1.7s)
    25      0.0757     0.9979     0.6603    0.8118   0.6630   0.000050  (1.8s)
    26      0.0589     1.0000     0.6457    0.8118   0.6630   0.000050  (1.7s)
    27      0.0598     1.0000     0.6408    0.8118   0.6652   0.000050  (1.6s)
    28      0.0539     1.0000     0.6529    0.8118   0.6652   0.000050  (1.7s)
    29      0.0558     1.0000     0.6446    0.8000   0.6191   0.000050  (1.6s)
    30      0.0580     1.0000     0.6330    0.8000   0.6191   0.000050  (1.7s)
    31      0.0521     1.0000     0.6434    0.8000   0.6191   0.000050  (1.6s)
    32      0.0527     1.0000     0.6539    0.8000   0.6276   0.000025  (1.3s)
    33      0.0552     1.0000     0.6533    0.8118   0.6652   0.000025  (1.6s)
    34      0.0547     1.0000     0.6469    0.8000   0.6191   0.000025  (1.4s)
    35      0.0581     1.0000     0.6503    0.8000   0.6191   0.000025  (1.7s)
    36      0.0493     1.0000     0.6589    0.8000   0.6276   0.000025  (1.6s)
    37      0.0458     1.0000     0.6553    0.8000   0.6169   0.000025  (1.6s)

Early stopping at epoch 37. Best epoch: 22 (val_f1=0.6652)

Best: epoch 22, val_acc=0.8118, val_f1=0.6652
Model saved: /mnt/extended-home/fitra_dosen/2025_iris_fer_taufik/MultimodalEmoLearn/models/benchmark/ckplus_samplelevel/_tmp/m.pth
Test Loss: 0.4978
Test Accuracy: 0.8730
Test Macro F1:    0.6163
Test Micro F1:    0.8730
Test Weighted F1: 0.8286

Classification Report:
              precision    recall  f1-score   support

     neutral       0.89      1.00      0.94        33
       happy       0.67      1.00      0.80         6
         sad       0.00      0.00      0.00         3
       angry       0.67      0.50      0.57         4
     fearful       0.00      0.00      0.00         3
   disgusted       1.00      1.00      1.00         6
   surprised       1.00      1.00      1.00         8

    accuracy                           0.87        63
   macro avg       0.60      0.64      0.62        63
weighted avg       0.80      0.87      0.83        63

    [fold 9/10] macro_f1=0.6163 acc=0.8730 (65s)
 Epoch  Train Loss  Train Acc   Val Loss   Val Acc   Val F1         LR
---------------------------------------------------------------------------
     1      1.9313     0.2271     1.8289    0.2000   0.1157   0.000050  (1.8s)
     2      1.4549     0.5354     1.6131    0.4000   0.2255   0.000050  (1.7s)
     3      1.1000     0.7250     1.2100    0.6588   0.3916   0.000050  (1.5s)
     4      0.8116     0.8562     1.0690    0.6941   0.4168   0.000050  (1.6s)
     5      0.6208     0.8938     0.9753    0.7176   0.4321   0.000050  (1.5s)
     6      0.5028     0.9229     0.9247    0.6941   0.4259   0.000050  (1.3s)
     7      0.4167     0.9479     0.8838    0.7412   0.4580   0.000050  (1.7s)
     8      0.3454     0.9833     0.8448    0.7294   0.4390   0.000050  (1.4s)
     9      0.2862     0.9833     0.8218    0.7176   0.4387   0.000050  (1.6s)
    10      0.2546     0.9917     0.8198    0.7294   0.4401   0.000050  (1.6s)
    11      0.2279     0.9958     0.7678    0.7294   0.4688   0.000050  (1.6s)
    12      0.2075     0.9979     0.7644    0.7529   0.5030   0.000050  (1.7s)
    13      0.1678     0.9938     0.7318    0.7294   0.4718   0.000050  (1.9s)
    14      0.1391     0.9979     0.7469    0.7647   0.5580   0.000050  (1.6s)
    15      0.1167     0.9979     0.7400    0.7647   0.5552   0.000050  (1.8s)
    16      0.1351     0.9979     0.7374    0.7294   0.5328   0.000050  (1.7s)
    17      0.1126     0.9979     0.7523    0.7529   0.5624   0.000050  (1.7s)
    18      0.1000     1.0000     0.7411    0.7412   0.5356   0.000050  (1.7s)
    19      0.0966     1.0000     0.7308    0.7647   0.5562   0.000050  (1.7s)
    20      0.0890     0.9979     0.7245    0.7647   0.5642   0.000050  (1.6s)
    21      0.0809     1.0000     0.7183    0.7647   0.5661   0.000050  (1.4s)
    22      0.0703     1.0000     0.7090    0.7647   0.5605   0.000050  (1.7s)
    23      0.0760     1.0000     0.7034    0.7647   0.5609   0.000050  (1.6s)
    24      0.0659     1.0000     0.6982    0.7529   0.5591   0.000050  (1.7s)
    25      0.0767     1.0000     0.7053    0.7529   0.5391   0.000050  (1.6s)
    26      0.0614     1.0000     0.6934    0.7529   0.5587   0.000050  (1.7s)
    27      0.0593     1.0000     0.6976    0.7647   0.5955   0.000050  (1.6s)
    28      0.0583     0.9979     0.6991    0.7529   0.5529   0.000050  (1.7s)
    29      0.0565     1.0000     0.7081    0.7765   0.6040   0.000050  (1.7s)
    30      0.0590     1.0000     0.7190    0.7529   0.5806   0.000050  (1.7s)
    31      0.0496     1.0000     0.6959    0.7647   0.5669   0.000050  (1.6s)
    32      0.0501     1.0000     0.6930    0.7647   0.5741   0.000050  (1.7s)
    33      0.0541     1.0000     0.6907    0.7647   0.5711   0.000050  (1.7s)
    34      0.0503     1.0000     0.7055    0.7647   0.5761   0.000050  (1.7s)
    35      0.0598     1.0000     0.7049    0.7647   0.5799   0.000050  (1.7s)
    36      0.0457     1.0000     0.7200    0.7529   0.5758   0.000050  (1.7s)
    37      0.0438     1.0000     0.6880    0.7647   0.5722   0.000050  (1.6s)
    38      0.0376     1.0000     0.6879    0.7647   0.5790   0.000050  (1.7s)
    39      0.0471     1.0000     0.6902    0.7647   0.5675   0.000025  (1.8s)
    40      0.0417     1.0000     0.6733    0.7765   0.5956   0.000025  (1.5s)
    41      0.0405     1.0000     0.6926    0.7647   0.5724   0.000025  (1.7s)
    42      0.0442     1.0000     0.6842    0.7647   0.5675   0.000025  (1.6s)
    43      0.0355     1.0000     0.6820    0.7765   0.5956   0.000025  (1.6s)
    44      0.0375     1.0000     0.6846    0.7765   0.5990   0.000025  (1.5s)

Early stopping at epoch 44. Best epoch: 29 (val_f1=0.6040)

Best: epoch 29, val_acc=0.7765, val_f1=0.6040
Model saved: /mnt/extended-home/fitra_dosen/2025_iris_fer_taufik/MultimodalEmoLearn/models/benchmark/ckplus_samplelevel/_tmp/m.pth
Test Loss: 0.5550
Test Accuracy: 0.8413
Test Macro F1:    0.6467
Test Micro F1:    0.8413
Test Weighted F1: 0.8235

Classification Report:
              precision    recall  f1-score   support

     neutral       0.88      0.91      0.90        33
       happy       0.78      1.00      0.88         7
         sad       0.50      0.33      0.40         3
       angry       0.50      0.50      0.50         4
     fearful       0.00      0.00      0.00         2
   disgusted       0.86      1.00      0.92         6
   surprised       1.00      0.88      0.93         8

    accuracy                           0.84        63
   macro avg       0.65      0.66      0.65        63
weighted avg       0.81      0.84      0.82        63

    [fold 10/10] macro_f1=0.6467 acc=0.8413 (78s)
  cv10: macro_f1=0.6347±0.0749  acc=0.8506±0.0373  -> saved ckplus_7c_cv10_earlyfusion.json

##### KDEF: N=2941, kelas=7 (sample-level) #####

================================================================
  KDEF 7c — Early Fusion concat — randomsplit (5 folds)
================================================================
 Epoch  Train Loss  Train Acc   Val Loss   Val Acc   Val F1         LR
---------------------------------------------------------------------------
     1      1.7701     0.3029     1.3850    0.5085   0.4657   0.000050  (5.5s)
     2      1.0237     0.6815     0.9057    0.7074   0.6952   0.000050  (5.3s)
     3      0.6105     0.8503     0.6263    0.8466   0.8451   0.000050  (5.3s)
     4      0.3549     0.9435     0.4992    0.8722   0.8673   0.000050  (4.9s)
     5      0.2351     0.9778     0.4429    0.8807   0.8763   0.000050  (5.2s)
     6      0.1471     0.9970     0.4781    0.8665   0.8606   0.000050  (5.8s)
     7      0.1158     0.9960     0.4063    0.9062   0.9025   0.000050  (5.4s)
     8      0.0911     0.9980     0.3903    0.8920   0.8900   0.000050  (5.6s)
     9      0.0739     0.9995     0.3553    0.8949   0.8923   0.000050  (5.2s)
    10      0.0669     0.9985     0.3722    0.8949   0.8885   0.000050  (5.4s)
    11      0.0529     1.0000     0.3557    0.9006   0.8979   0.000050  (5.5s)
    12      0.0419     1.0000     0.3555    0.8892   0.8846   0.000050  (5.6s)
    13      0.0413     1.0000     0.3504    0.8977   0.8935   0.000050  (5.8s)
    14      0.0366     1.0000     0.3767    0.8949   0.8915   0.000050  (5.8s)
    15      0.0395     0.9985     0.3731    0.8778   0.8731   0.000050  (5.7s)
    16      0.0332     1.0000     0.3475    0.9006   0.8970   0.000050  (5.2s)
    17      0.0303     1.0000     0.3374    0.8892   0.8843   0.000025  (5.4s)
    18      0.0276     1.0000     0.3376    0.8977   0.8946   0.000025  (5.2s)
    19      0.0279     1.0000     0.3383    0.9091   0.9058   0.000025  (5.0s)
    20      0.0242     1.0000     0.3523    0.8892   0.8853   0.000025  (5.1s)
    21      0.0231     1.0000     0.3496    0.8892   0.8847   0.000025  (5.4s)
    22      0.0254     1.0000     0.3561    0.8920   0.8876   0.000025  (5.6s)
    23      0.0228     1.0000     0.3368    0.9091   0.9052   0.000025  (5.5s)
    24      0.0210     1.0000     0.3422    0.8977   0.8926   0.000025  (5.4s)
    25      0.0240     0.9995     0.3452    0.8977   0.8936   0.000025  (5.7s)
    26      0.0271     0.9985     0.3671    0.8949   0.8904   0.000025  (5.8s)
    27      0.0202     1.0000     0.3546    0.9034   0.8992   0.000025  (5.5s)
    28      0.0198     1.0000     0.3660    0.9034   0.8990   0.000025  (5.5s)
    29      0.0182     1.0000     0.3523    0.8949   0.8905   0.000013  (5.9s)
    30      0.0187     1.0000     0.3562    0.9006   0.8969   0.000013  (5.4s)
    31      0.0167     1.0000     0.3575    0.8920   0.8865   0.000013  (5.5s)
    32      0.0166     1.0000     0.3595    0.8892   0.8856   0.000013  (5.6s)
    33      0.0182     1.0000     0.3571    0.8892   0.8859   0.000013  (5.3s)
    34      0.0186     1.0000     0.3865    0.8750   0.8690   0.000013  (5.2s)

Early stopping at epoch 34. Best epoch: 19 (val_f1=0.9058)

Best: epoch 19, val_acc=0.9091, val_f1=0.9058
Model saved: /mnt/extended-home/fitra_dosen/2025_iris_fer_taufik/MultimodalEmoLearn/models/benchmark/kdef_samplelevel/_tmp/m.pth
Test Loss: 0.3601
Test Accuracy: 0.8795
Test Macro F1:    0.8800
Test Micro F1:    0.8795
Test Weighted F1: 0.8798

Classification Report:
              precision    recall  f1-score   support

     neutral       0.94      0.93      0.93        84
       happy       0.95      1.00      0.98        84
         sad       0.83      0.88      0.86        84
       angry       0.93      0.82      0.87        84
     fearful       0.74      0.82      0.78        85
   disgusted       0.87      0.90      0.89        84
   surprised       0.92      0.80      0.85        84

    accuracy                           0.88       589
   macro avg       0.88      0.88      0.88       589
weighted avg       0.88      0.88      0.88       589

    [fold 1/5] macro_f1=0.8800 acc=0.8795 (192s)
 Epoch  Train Loss  Train Acc   Val Loss   Val Acc   Val F1         LR
---------------------------------------------------------------------------
     1      1.7618     0.3251     1.3712    0.5000   0.4486   0.000050  (5.3s)
     2      1.0154     0.6920     0.8757    0.7301   0.7123   0.000050  (4.9s)
     3      0.6105     0.8498     0.6749    0.7898   0.7882   0.000050  (5.0s)
     4      0.3564     0.9461     0.5132    0.8466   0.8468   0.000050  (5.4s)
     5      0.2288     0.9803     0.4242    0.8722   0.8735   0.000050  (5.4s)
     6      0.1588     0.9904     0.4335    0.8807   0.8806   0.000050  (5.5s)
     7      0.1147     0.9970     0.3923    0.8807   0.8825   0.000050  (5.6s)
     8      0.0948     0.9990     0.3638    0.8722   0.8727   0.000050  (5.6s)
     9      0.0695     0.9995     0.3399    0.8920   0.8922   0.000050  (5.4s)
    10      0.0598     0.9995     0.3275    0.8892   0.8906   0.000050  (5.2s)
    11      0.0545     0.9995     0.3388    0.8835   0.8850   0.000050  (5.5s)
    12      0.0447     1.0000     0.3342    0.8835   0.8850   0.000050  (5.7s)
    13      0.0396     1.0000     0.3340    0.8920   0.8923   0.000050  (5.3s)
    14      0.0463     0.9975     0.3911    0.8750   0.8764   0.000050  (5.3s)
    15      0.0493     0.9960     0.3266    0.8892   0.8899   0.000050  (5.3s)
    16      0.0339     1.0000     0.3141    0.9034   0.9037   0.000050  (5.3s)
    17      0.0298     1.0000     0.2867    0.9006   0.9007   0.000050  (5.3s)
    18      0.0297     1.0000     0.3229    0.8977   0.8985   0.000050  (5.0s)
    19      0.0277     0.9995     0.3077    0.8977   0.8980   0.000050  (5.1s)
    20      0.0256     0.9995     0.3321    0.8892   0.8888   0.000050  (5.3s)
    21      0.0232     1.0000     0.2772    0.9091   0.9099   0.000050  (5.6s)
    22      0.0190     1.0000     0.2746    0.8949   0.8952   0.000050  (5.3s)
    23      0.0198     1.0000     0.2835    0.9091   0.9100   0.000050  (5.4s)
    24      0.0171     1.0000     0.2864    0.9091   0.9093   0.000050  (4.7s)
    25      0.0171     1.0000     0.2801    0.9091   0.9098   0.000050  (5.1s)
    26      0.0158     1.0000     0.2874    0.9034   0.9035   0.000050  (5.0s)
    27      0.0162     1.0000     0.2947    0.9062   0.9068   0.000050  (5.3s)
    28      0.0131     1.0000     0.2840    0.9034   0.9044   0.000050  (5.5s)
    29      0.0136     1.0000     0.3153    0.8920   0.8922   0.000050  (5.6s)
    30      0.0134     1.0000     0.2845    0.9006   0.9010   0.000050  (5.2s)
    31      0.0114     1.0000     0.3020    0.8949   0.8959   0.000025  (5.3s)
    32      0.0136     1.0000     0.3011    0.9091   0.9093   0.000025  (5.3s)
    33      0.0157     0.9985     0.2900    0.9006   0.9018   0.000025  (5.1s)
    34      0.0162     0.9995     0.3080    0.9006   0.9007   0.000025  (4.9s)
    35      0.0107     1.0000     0.3036    0.9006   0.9002   0.000025  (5.3s)
    36      0.0119     1.0000     0.2871    0.8977   0.8976   0.000025  (5.3s)
    37      0.0110     1.0000     0.2776    0.9119   0.9127   0.000025  (5.4s)
    38      0.0101     1.0000     0.3002    0.9062   0.9072   0.000025  (5.5s)
    39      0.0098     1.0000     0.2805    0.9205   0.9217   0.000025  (4.8s)
    40      0.0087     1.0000     0.2754    0.9091   0.9096   0.000025  (5.0s)
    41      0.0087     1.0000     0.2808    0.9034   0.9043   0.000025  (5.5s)
    42      0.0089     1.0000     0.2722    0.9205   0.9217   0.000025  (5.5s)
    43      0.0083     1.0000     0.2725    0.9148   0.9145   0.000025  (5.6s)
    44      0.0085     1.0000     0.2661    0.9148   0.9156   0.000025  (5.6s)
    45      0.0092     1.0000     0.2803    0.9148   0.9143   0.000025  (5.5s)
    46      0.0095     1.0000     0.2682    0.9148   0.9146   0.000025  (5.5s)
    47      0.0081     1.0000     0.2669    0.9062   0.9069   0.000025  (5.5s)
    48      0.0078     1.0000     0.2783    0.9006   0.9006   0.000025  (5.0s)
    49      0.0067     1.0000     0.2673    0.9034   0.9038   0.000013  (5.4s)
    50      0.0072     1.0000     0.2680    0.9176   0.9184   0.000013  (5.1s)

Best: epoch 39, val_acc=0.9205, val_f1=0.9217
Model saved: /mnt/extended-home/fitra_dosen/2025_iris_fer_taufik/MultimodalEmoLearn/models/benchmark/kdef_samplelevel/_tmp/m.pth
Test Loss: 0.3178
Test Accuracy: 0.8947
Test Macro F1:    0.8930
Test Micro F1:    0.8947
Test Weighted F1: 0.8927

Classification Report:
              precision    recall  f1-score   support

     neutral       0.94      0.94      0.94        84
       happy       0.95      0.98      0.96        84
         sad       0.88      0.89      0.89        84
       angry       0.84      0.93      0.88        84
     fearful       0.87      0.69      0.77        85
   disgusted       0.90      0.87      0.88        84
   surprised       0.88      0.96      0.92        84

    accuracy                           0.89       589
   macro avg       0.89      0.90      0.89       589
weighted avg       0.89      0.89      0.89       589

    [fold 2/5] macro_f1=0.8930 acc=0.8947 (272s)
 Epoch  Train Loss  Train Acc   Val Loss   Val Acc   Val F1         LR
---------------------------------------------------------------------------
     1      1.7588     0.3130     1.2446    0.5341   0.4766   0.000050  (5.4s)
     2      1.0240     0.6961     0.7732    0.7841   0.7653   0.000050  (5.5s)
     3      0.5941     0.8579     0.5333    0.8778   0.8756   0.000050  (5.3s)
     4      0.3712     0.9330     0.4719    0.8636   0.8580   0.000050  (5.5s)
     5      0.2303     0.9763     0.3860    0.9119   0.9098   0.000050  (5.3s)
     6      0.1625     0.9904     0.3449    0.9062   0.9063   0.000050  (5.4s)
     7      0.1177     0.9955     0.3128    0.9233   0.9215   0.000050  (5.3s)
     8      0.0899     0.9980     0.3064    0.9062   0.9043   0.000050  (5.2s)
     9      0.0726     0.9995     0.2902    0.9205   0.9183   0.000050  (5.3s)
    10      0.0640     0.9990     0.2937    0.9119   0.9097   0.000050  (5.5s)
    11      0.0563     0.9995     0.2824    0.9091   0.9073   0.000050  (5.2s)
    12      0.0545     0.9985     0.2719    0.9148   0.9132   0.000050  (5.4s)
    13      0.0426     1.0000     0.2597    0.9176   0.9162   0.000050  (5.2s)
    14      0.0389     0.9995     0.2578    0.9290   0.9269   0.000050  (5.5s)
    15      0.0327     1.0000     0.2579    0.9261   0.9233   0.000050  (5.4s)
    16      0.0328     0.9985     0.2538    0.9205   0.9180   0.000050  (5.2s)
    17      0.0329     1.0000     0.2571    0.9205   0.9189   0.000050  (5.4s)
    18      0.0295     0.9995     0.2682    0.9006   0.8989   0.000050  (5.3s)
    19      0.0271     0.9995     0.2529    0.9176   0.9150   0.000050  (5.4s)
    20      0.0250     1.0000     0.2651    0.9034   0.9014   0.000050  (5.1s)
    21      0.0237     1.0000     0.2562    0.9176   0.9151   0.000050  (5.2s)
    22      0.0217     0.9995     0.2676    0.9034   0.9023   0.000050  (5.0s)
    23      0.0192     1.0000     0.2329    0.9205   0.9179   0.000050  (5.2s)
    24      0.0188     1.0000     0.2356    0.9233   0.9209   0.000025  (5.5s)
    25      0.0182     1.0000     0.2278    0.9347   0.9329   0.000025  (5.2s)
    26      0.0166     1.0000     0.2267    0.9261   0.9232   0.000025  (5.3s)
    27      0.0155     1.0000     0.2211    0.9290   0.9272   0.000025  (5.3s)
    28      0.0151     1.0000     0.2342    0.9261   0.9234   0.000025  (5.4s)
    29      0.0152     1.0000     0.2325    0.9261   0.9236   0.000025  (5.3s)
    30      0.0147     1.0000     0.2390    0.9261   0.9233   0.000025  (5.1s)
    31      0.0147     1.0000     0.2347    0.9261   0.9234   0.000025  (5.4s)
    32      0.0150     1.0000     0.2180    0.9347   0.9322   0.000025  (5.3s)
    33      0.0128     1.0000     0.2284    0.9290   0.9261   0.000025  (5.3s)
    34      0.0151     1.0000     0.2390    0.9261   0.9242   0.000025  (5.2s)
    35      0.0130     1.0000     0.2383    0.9233   0.9205   0.000013  (5.2s)
    36      0.0140     1.0000     0.2379    0.9290   0.9262   0.000013  (5.2s)
    37      0.0121     1.0000     0.2395    0.9290   0.9262   0.000013  (5.1s)
    38      0.0128     1.0000     0.2206    0.9261   0.9237   0.000013  (4.9s)
    39      0.0110     1.0000     0.2295    0.9261   0.9232   0.000013  (5.3s)
    40      0.0115     1.0000     0.2256    0.9233   0.9206   0.000013  (5.5s)

Early stopping at epoch 40. Best epoch: 25 (val_f1=0.9329)

Best: epoch 25, val_acc=0.9347, val_f1=0.9329
Model saved: /mnt/extended-home/fitra_dosen/2025_iris_fer_taufik/MultimodalEmoLearn/models/benchmark/kdef_samplelevel/_tmp/m.pth
Test Loss: 0.3516
Test Accuracy: 0.8846
Test Macro F1:    0.8835
Test Micro F1:    0.8846
Test Weighted F1: 0.8833

Classification Report:
              precision    recall  f1-score   support

     neutral       0.95      0.94      0.95        84
       happy       0.97      1.00      0.98        84
         sad       0.81      0.82      0.82        84
       angry       0.88      0.89      0.89        84
     fearful       0.82      0.72      0.77        85
   disgusted       0.89      0.90      0.90        84
   surprised       0.86      0.92      0.89        84

    accuracy                           0.88       589
   macro avg       0.88      0.88      0.88       589
weighted avg       0.88      0.88      0.88       589

    [fold 3/5] macro_f1=0.8835 acc=0.8846 (219s)
 Epoch  Train Loss  Train Acc   Val Loss   Val Acc   Val F1         LR
---------------------------------------------------------------------------
     1      1.7607     0.3206     1.2857    0.5455   0.4861   0.000050  (5.0s)
     2      1.0478     0.6694     0.8116    0.7841   0.7566   0.000050  (5.2s)
     3      0.6088     0.8558     0.5561    0.8551   0.8437   0.000050  (4.8s)
     4      0.3773     0.9284     0.5127    0.8580   0.8547   0.000050  (5.2s)
     5      0.2356     0.9773     0.3715    0.9091   0.9056   0.000050  (5.0s)
     6      0.1623     0.9919     0.3581    0.9205   0.9178   0.000050  (5.3s)
     7      0.1154     0.9970     0.3119    0.9205   0.9168   0.000050  (4.7s)
     8      0.0945     0.9960     0.3068    0.9205   0.9158   0.000050  (4.9s)
     9      0.0706     0.9995     0.2879    0.9176   0.9138   0.000050  (5.2s)
    10      0.0607     1.0000     0.2932    0.9148   0.9100   0.000050  (5.1s)
    11      0.0580     0.9975     0.3021    0.9205   0.9178   0.000050  (4.9s)
    12      0.0515     0.9995     0.2696    0.9347   0.9327   0.000050  (5.3s)
    13      0.0411     1.0000     0.2997    0.9205   0.9182   0.000050  (5.1s)
    14      0.0402     1.0000     0.2631    0.9261   0.9214   0.000050  (5.1s)
    15      0.0368     1.0000     0.2728    0.9318   0.9281   0.000050  (5.4s)
    16      0.0336     1.0000     0.2499    0.9403   0.9383   0.000050  (5.3s)
    17      0.0432     0.9950     0.2524    0.9261   0.9237   0.000050  (5.2s)
    18      0.0419     0.9980     0.2551    0.9261   0.9235   0.000050  (5.3s)
    19      0.0271     1.0000     0.2520    0.9261   0.9228   0.000050  (4.8s)
    20      0.0248     1.0000     0.2489    0.9233   0.9210   0.000050  (5.0s)
    21      0.0230     1.0000     0.2482    0.9318   0.9293   0.000050  (5.3s)
    22      0.0221     1.0000     0.2319    0.9347   0.9318   0.000050  (5.2s)
    23      0.0193     1.0000     0.2389    0.9233   0.9199   0.000050  (5.3s)
    24      0.0178     1.0000     0.2321    0.9375   0.9338   0.000050  (5.2s)
    25      0.0196     1.0000     0.2264    0.9233   0.9199   0.000050  (5.3s)
    26      0.0183     1.0000     0.2363    0.9205   0.9170   0.000025  (5.2s)
    27      0.0174     1.0000     0.2265    0.9318   0.9294   0.000025  (5.1s)
    28      0.0149     1.0000     0.2323    0.9261   0.9228   0.000025  (5.2s)
    29      0.0151     1.0000     0.2380    0.9233   0.9188   0.000025  (5.3s)
    30      0.0136     1.0000     0.2198    0.9403   0.9371   0.000025  (5.1s)
    31      0.0140     1.0000     0.2185    0.9290   0.9252   0.000025  (5.3s)

Early stopping at epoch 31. Best epoch: 16 (val_f1=0.9383)

Best: epoch 16, val_acc=0.9403, val_f1=0.9383
Model saved: /mnt/extended-home/fitra_dosen/2025_iris_fer_taufik/MultimodalEmoLearn/models/benchmark/kdef_samplelevel/_tmp/m.pth
Test Loss: 0.3092
Test Accuracy: 0.8998
Test Macro F1:    0.8994
Test Micro F1:    0.8998
Test Weighted F1: 0.8993

Classification Report:
              precision    recall  f1-score   support

     neutral       0.96      0.98      0.97        84
       happy       0.97      0.99      0.98        84
         sad       0.87      0.90      0.89        84
       angry       0.93      0.83      0.88        84
     fearful       0.81      0.78      0.80        85
   disgusted       0.84      0.94      0.89        84
   surprised       0.91      0.88      0.90        84

    accuracy                           0.90       589
   macro avg       0.90      0.90      0.90       589
weighted avg       0.90      0.90      0.90       589

    [fold 4/5] macro_f1=0.8994 acc=0.8998 (167s)
 Epoch  Train Loss  Train Acc   Val Loss   Val Acc   Val F1         LR
---------------------------------------------------------------------------
     1      1.7947     0.3049     1.3218    0.5398   0.4746   0.000050  (4.8s)
     2      1.0586     0.6794     0.8660    0.7557   0.7279   0.000050  (5.0s)
     3      0.6219     0.8528     0.6219    0.8239   0.8156   0.000050  (4.8s)
     4      0.3741     0.9441     0.5035    0.8636   0.8581   0.000050  (5.1s)
     5      0.2322     0.9798     0.4742    0.8608   0.8589   0.000050  (5.0s)
     6      0.1542     0.9909     0.3969    0.8949   0.8916   0.000050  (5.1s)
     7      0.1142     0.9970     0.3708    0.8977   0.8936   0.000050  (5.1s)
     8      0.0902     0.9965     0.3773    0.8920   0.8865   0.000050  (5.0s)
     9      0.0747     0.9980     0.3293    0.8835   0.8791   0.000050  (5.0s)
    10      0.0654     0.9990     0.3506    0.8807   0.8767   0.000050  (5.0s)
    11      0.0585     0.9985     0.3474    0.8892   0.8847   0.000050  (5.4s)
    12      0.0486     1.0000     0.3335    0.8864   0.8800   0.000050  (5.0s)
    13      0.0446     1.0000     0.3374    0.8949   0.8908   0.000050  (5.7s)
    14      0.0383     1.0000     0.3315    0.9006   0.8970   0.000050  (5.4s)
    15      0.0352     1.0000     0.3212    0.8949   0.8911   0.000050  (5.5s)
    16      0.0338     1.0000     0.3185    0.9062   0.9026   0.000050  (5.5s)
    17      0.0285     1.0000     0.3171    0.8977   0.8935   0.000050  (5.5s)
    18      0.0304     1.0000     0.3116    0.8977   0.8934   0.000050  (5.7s)
    19      0.0287     1.0000     0.3316    0.9006   0.8968   0.000050  (5.4s)
    20      0.0243     1.0000     0.3167    0.9062   0.9014   0.000050  (5.4s)
    21      0.0221     1.0000     0.3255    0.8949   0.8916   0.000050  (5.4s)
    22      0.0205     1.0000     0.3135    0.9034   0.8994   0.000050  (5.3s)
    23      0.0214     0.9995     0.3167    0.9062   0.9029   0.000050  (5.3s)
    24      0.0189     1.0000     0.3149    0.9034   0.8980   0.000050  (5.1s)
    25      0.0294     0.9970     0.4484    0.8608   0.8598   0.000050  (5.0s)
    26      0.0243     0.9985     0.4596    0.8636   0.8628   0.000050  (5.7s)
    27      0.0196     1.0000     0.3171    0.9006   0.8959   0.000050  (5.5s)
    28      0.0154     1.0000     0.3418    0.8892   0.8871   0.000050  (5.5s)
    29      0.0158     1.0000     0.3088    0.9148   0.9103   0.000050  (5.5s)
    30      0.0143     1.0000     0.3252    0.9034   0.8989   0.000050  (5.2s)
    31      0.0111     1.0000     0.3063    0.9034   0.8994   0.000050  (5.3s)
    32      0.0125     1.0000     0.3167    0.9062   0.9029   0.000050  (5.3s)
    33      0.0128     1.0000     0.3041    0.9062   0.9008   0.000050  (5.4s)
    34      0.0161     0.9985     0.3005    0.9062   0.9006   0.000050  (5.3s)
    35      0.0258     0.9960     0.3901    0.8778   0.8723   0.000050  (5.5s)
    36      0.0818     0.9773     0.5972    0.8267   0.8278   0.000050  (5.4s)
    37      0.0935     0.9738     0.4093    0.8693   0.8661   0.000050  (5.1s)
    38      0.0752     0.9819     0.3062    0.9119   0.9094   0.000050  (5.3s)
    39      0.0212     0.9985     0.2540    0.9148   0.9115   0.000025  (5.3s)
    40      0.0158     1.0000     0.2567    0.9091   0.9072   0.000025  (5.6s)
    41      0.0124     1.0000     0.2590    0.9176   0.9149   0.000025  (5.1s)
    42      0.0125     0.9995     0.2697    0.9148   0.9125   0.000025  (5.1s)
    43      0.0121     0.9995     0.2511    0.9176   0.9139   0.000025  (5.5s)
    44      0.0112     0.9995     0.2267    0.9290   0.9245   0.000025  (5.5s)
    45      0.0108     1.0000     0.2402    0.9290   0.9260   0.000025  (5.4s)
    46      0.0087     1.0000     0.2338    0.9318   0.9286   0.000025  (5.4s)
    47      0.0091     1.0000     0.2403    0.9261   0.9228   0.000025  (5.0s)
    48      0.0081     1.0000     0.2588    0.9205   0.9171   0.000025  (5.4s)
    49      0.0080     1.0000     0.2399    0.9205   0.9170   0.000025  (5.2s)
    50      0.0072     1.0000     0.2326    0.9290   0.9252   0.000025  (5.1s)

Best: epoch 46, val_acc=0.9318, val_f1=0.9286
Model saved: /mnt/extended-home/fitra_dosen/2025_iris_fer_taufik/MultimodalEmoLearn/models/benchmark/kdef_samplelevel/_tmp/m.pth
Test Loss: 0.2346
Test Accuracy: 0.9236
Test Macro F1:    0.9239
Test Micro F1:    0.9236
Test Weighted F1: 0.9237

Classification Report:
              precision    recall  f1-score   support

     neutral       0.94      0.99      0.97        84
       happy       1.00      0.99      0.99        84
         sad       0.92      0.81      0.86        84
       angry       0.99      0.88      0.93        84
     fearful       0.80      0.91      0.85        85
   disgusted       0.89      0.96      0.93        84
   surprised       0.95      0.93      0.94        84

    accuracy                           0.92       589
   macro avg       0.93      0.92      0.92       589
weighted avg       0.93      0.92      0.92       589

    [fold 5/5] macro_f1=0.9239 acc=0.9236 (273s)
  randomsplit: macro_f1=0.8959±0.0156  acc=0.8964±0.0154  -> saved kdef_7c_randomsplit_earlyfusion.json

================================================================
  KDEF 7c — Early Fusion concat — cv10 (10 folds)
================================================================
 Epoch  Train Loss  Train Acc   Val Loss   Val Acc   Val F1         LR
---------------------------------------------------------------------------
     1      1.7363     0.3205     1.2051    0.5934   0.5429   0.000050  (5.6s)
     2      0.9382     0.7085     0.7561    0.7879   0.7749   0.000050  (5.8s)
     3      0.5267     0.8835     0.5456    0.8409   0.8352   0.000050  (5.1s)
     4      0.3225     0.9455     0.4657    0.8662   0.8614   0.000050  (5.6s)
     5      0.2143     0.9719     0.3900    0.8914   0.8882   0.000050  (5.6s)
     6      0.1348     0.9929     0.3950    0.8864   0.8820   0.000050  (5.5s)
     7      0.1059     0.9969     0.3956    0.8864   0.8812   0.000050  (6.0s)
     8      0.0783     0.9978     0.3525    0.9040   0.9024   0.000050  (5.9s)
     9      0.0656     0.9991     0.3124    0.9141   0.9128   0.000050  (5.5s)
    10      0.0528     1.0000     0.3250    0.8965   0.8930   0.000050  (5.7s)
    11      0.0518     0.9987     0.3488    0.9066   0.9051   0.000050  (5.9s)
    12      0.0431     1.0000     0.3158    0.9116   0.9098   0.000050  (5.8s)
    13      0.0388     1.0000     0.3210    0.9066   0.9051   0.000050  (5.7s)
    14      0.0358     1.0000     0.3685    0.8737   0.8672   0.000050  (5.9s)
    15      0.0327     1.0000     0.3124    0.9040   0.9012   0.000050  (5.9s)
    16      0.0264     1.0000     0.3081    0.9091   0.9075   0.000050  (5.9s)
    17      0.0250     1.0000     0.3011    0.9141   0.9123   0.000050  (5.9s)
    18      0.0295     0.9991     0.3645    0.8737   0.8652   0.000050  (5.9s)
    19      0.0237     1.0000     0.2920    0.9091   0.9069   0.000025  (5.4s)
    20      0.0219     1.0000     0.3049    0.9015   0.8982   0.000025  (5.8s)
    21      0.0193     1.0000     0.2816    0.9268   0.9249   0.000025  (5.9s)
    22      0.0197     1.0000     0.2957    0.9040   0.9014   0.000025  (6.1s)
    23      0.0199     1.0000     0.3008    0.8939   0.8902   0.000025  (5.5s)
    24      0.0175     1.0000     0.2914    0.9015   0.8996   0.000025  (5.8s)
    25      0.0186     1.0000     0.2808    0.9040   0.9017   0.000025  (5.9s)
    26      0.0175     1.0000     0.2793    0.9116   0.9104   0.000025  (6.0s)
    27      0.0184     0.9996     0.3168    0.9116   0.9088   0.000025  (5.9s)
    28      0.0151     1.0000     0.2778    0.9116   0.9093   0.000025  (6.0s)
    29      0.0165     1.0000     0.2803    0.9167   0.9153   0.000025  (5.9s)
    30      0.0150     1.0000     0.2966    0.8990   0.8963   0.000025  (5.8s)
    31      0.0148     1.0000     0.2859    0.9141   0.9131   0.000013  (5.4s)
    32      0.0137     1.0000     0.2913    0.9091   0.9070   0.000013  (5.7s)
    33      0.0134     1.0000     0.2904    0.9066   0.9045   0.000013  (5.5s)
    34      0.0140     0.9996     0.2924    0.9116   0.9095   0.000013  (6.0s)
    35      0.0132     0.9996     0.2920    0.9015   0.8994   0.000013  (5.5s)
    36      0.0128     1.0000     0.2866    0.9167   0.9144   0.000013  (5.6s)

Early stopping at epoch 36. Best epoch: 21 (val_f1=0.9249)

Best: epoch 21, val_acc=0.9268, val_f1=0.9249
Model saved: /mnt/extended-home/fitra_dosen/2025_iris_fer_taufik/MultimodalEmoLearn/models/benchmark/kdef_samplelevel/_tmp/m.pth
Test Loss: 0.2628
Test Accuracy: 0.9119
Test Macro F1:    0.9114
Test Micro F1:    0.9119
Test Weighted F1: 0.9111

Classification Report:
              precision    recall  f1-score   support

     neutral       0.93      1.00      0.97        42
       happy       1.00      1.00      1.00        42
         sad       0.87      0.81      0.84        42
       angry       0.95      0.88      0.91        42
     fearful       0.81      0.81      0.81        43
   disgusted       0.91      0.98      0.94        42
   surprised       0.90      0.90      0.90        42

    accuracy                           0.91       295
   macro avg       0.91      0.91      0.91       295
weighted avg       0.91      0.91      0.91       295

    [fold 1/10] macro_f1=0.9114 acc=0.9119 (214s)
 Epoch  Train Loss  Train Acc   Val Loss   Val Acc   Val F1         LR
---------------------------------------------------------------------------
     1      1.7302     0.3219     1.2295    0.5894   0.5507   0.000050  (5.6s)
     2      0.9446     0.7080     0.7674    0.7834   0.7784   0.000050  (5.2s)
     3      0.5251     0.8799     0.5882    0.8338   0.8365   0.000050  (5.6s)
     4      0.3106     0.9504     0.4665    0.8766   0.8809   0.000050  (5.2s)
     5      0.1960     0.9848     0.4114    0.8766   0.8794   0.000050  (5.3s)
     6      0.1339     0.9929     0.3853    0.8741   0.8775   0.000050  (5.3s)
     7      0.1008     0.9973     0.3608    0.8917   0.8944   0.000050  (5.6s)
     8      0.0786     0.9978     0.3627    0.8942   0.8970   0.000050  (5.4s)
     9      0.0657     1.0000     0.3554    0.8816   0.8826   0.000050  (5.7s)
    10      0.0501     0.9996     0.3620    0.8992   0.9026   0.000050  (5.4s)
    11      0.0524     0.9991     0.4200    0.8715   0.8765   0.000050  (5.5s)
    12      0.0449     0.9996     0.3567    0.8791   0.8814   0.000050  (5.8s)
    13      0.0390     1.0000     0.3470    0.8841   0.8880   0.000050  (6.1s)
    14      0.0366     0.9991     0.3557    0.9043   0.9079   0.000050  (5.9s)
    15      0.0442     0.9960     0.4075    0.8715   0.8726   0.000050  (5.8s)
    16      0.0546     0.9929     0.3783    0.8766   0.8809   0.000050  (5.9s)
    17      0.0402     0.9960     0.3566    0.8841   0.8878   0.000050  (5.7s)
    18      0.0350     0.9978     0.3313    0.8766   0.8809   0.000050  (5.4s)
    19      0.0250     1.0000     0.2939    0.8992   0.9030   0.000050  (5.4s)
    20      0.0239     0.9996     0.2953    0.9068   0.9096   0.000050  (5.8s)
    21      0.0209     1.0000     0.3073    0.8992   0.9023   0.000050  (5.5s)
    22      0.0188     1.0000     0.2855    0.9018   0.9050   0.000050  (5.7s)
    23      0.0164     1.0000     0.2823    0.9068   0.9099   0.000050  (5.5s)
    24      0.0158     1.0000     0.2944    0.9043   0.9077   0.000050  (5.6s)
    25      0.0148     1.0000     0.2742    0.9043   0.9076   0.000050  (5.4s)
    26      0.0150     1.0000     0.3073    0.9018   0.9051   0.000050  (5.5s)
    27      0.0118     1.0000     0.3073    0.9043   0.9072   0.000050  (5.4s)
    28      0.0123     1.0000     0.3023    0.9093   0.9122   0.000050  (5.8s)
    29      0.0123     1.0000     0.3204    0.8992   0.9035   0.000050  (5.9s)
    30      0.0212     0.9982     0.4500    0.8589   0.8624   0.000050  (5.8s)
    31      0.0247     0.9960     0.3708    0.8917   0.8982   0.000050  (6.0s)
    32      0.0171     0.9996     0.3208    0.9068   0.9093   0.000050  (6.1s)
    33      0.0119     1.0000     0.2921    0.9194   0.9228   0.000050  (6.2s)
    34      0.0102     1.0000     0.3033    0.9068   0.9103   0.000050  (5.4s)
    35      0.0087     1.0000     0.2940    0.9093   0.9130   0.000050  (5.8s)
    36      0.0079     1.0000     0.3008    0.9144   0.9174   0.000050  (5.7s)
    37      0.0087     1.0000     0.2966    0.9169   0.9198   0.000050  (5.7s)
    38      0.0212     0.9955     0.6447    0.8035   0.7993   0.000050  (5.8s)
    39      0.0907     0.9750     0.5520    0.8489   0.8489   0.000050  (6.0s)
    40      0.0571     0.9879     0.4262    0.8589   0.8627   0.000050  (6.0s)
    41      0.0488     0.9862     0.3826    0.8766   0.8790   0.000050  (5.8s)
    42      0.0435     0.9906     0.3245    0.8942   0.8962   0.000050  (5.0s)
    43      0.0175     0.9978     0.2976    0.9093   0.9135   0.000025  (5.4s)
    44      0.0142     0.9987     0.3154    0.9144   0.9183   0.000025  (5.3s)
    45      0.0097     1.0000     0.3033    0.9219   0.9251   0.000025  (5.3s)
    46      0.0079     1.0000     0.2777    0.9295   0.9322   0.000025  (5.3s)
    47      0.0079     1.0000     0.2944    0.9270   0.9300   0.000025  (5.5s)
    48      0.0075     1.0000     0.2911    0.9295   0.9322   0.000025  (5.8s)
    49      0.0061     1.0000     0.2988    0.9320   0.9348   0.000025  (5.4s)
    50      0.0068     0.9996     0.3083    0.9169   0.9205   0.000025  (6.0s)

Best: epoch 49, val_acc=0.9320, val_f1=0.9348
Model saved: /mnt/extended-home/fitra_dosen/2025_iris_fer_taufik/MultimodalEmoLearn/models/benchmark/kdef_samplelevel/_tmp/m.pth
Test Loss: 0.2131
Test Accuracy: 0.9354
Test Macro F1:    0.9354
Test Micro F1:    0.9354
Test Weighted F1: 0.9352

Classification Report:
              precision    recall  f1-score   support

     neutral       0.97      0.95      0.96        41
       happy       0.98      0.95      0.96        42
         sad       0.90      0.88      0.89        42
       angry       0.91      0.95      0.93        42
     fearful       0.95      0.88      0.92        43
   disgusted       0.95      0.93      0.94        42
   surprised       0.89      1.00      0.94        42

    accuracy                           0.94       294
   macro avg       0.94      0.94      0.94       294
weighted avg       0.94      0.94      0.94       294

    [fold 2/10] macro_f1=0.9354 acc=0.9354 (289s)
 Epoch  Train Loss  Train Acc   Val Loss   Val Acc   Val F1         LR
---------------------------------------------------------------------------
     1      1.7243     0.3321     1.2562    0.5668   0.5149   0.000050  (5.8s)
     2      0.9594     0.7058     0.8171    0.7481   0.7323   0.000050  (6.1s)
     3      0.5493     0.8701     0.6179    0.8161   0.8124   0.000050  (6.0s)
     4      0.3155     0.9522     0.4690    0.8715   0.8694   0.000050  (5.9s)
     5      0.1956     0.9853     0.4458    0.8589   0.8572   0.000050  (5.8s)
     6      0.1290     0.9929     0.4143    0.8816   0.8803   0.000050  (5.4s)
     7      0.0919     0.9991     0.3971    0.8841   0.8833   0.000050  (5.7s)
     8      0.0736     0.9987     0.3695    0.8892   0.8867   0.000050  (5.2s)
     9      0.0682     0.9964     0.3973    0.8866   0.8852   0.000050  (5.7s)
    10      0.0582     0.9996     0.3611    0.8917   0.8902   0.000050  (5.5s)
    11      0.0480     0.9991     0.3488    0.8917   0.8905   0.000050  (5.6s)
    12      0.0417     1.0000     0.3482    0.8942   0.8944   0.000050  (5.4s)
    13      0.0379     1.0000     0.3424    0.9018   0.9010   0.000050  (5.5s)
    14      0.0326     1.0000     0.3302    0.9043   0.9030   0.000050  (5.5s)
    15      0.0312     1.0000     0.3388    0.8942   0.8941   0.000050  (5.7s)
    16      0.0299     1.0000     0.3302    0.9043   0.9044   0.000050  (5.5s)
    17      0.0252     1.0000     0.3410    0.8892   0.8880   0.000050  (5.7s)
    18      0.0235     1.0000     0.3331    0.9018   0.9015   0.000050  (5.3s)
    19      0.0223     1.0000     0.3393    0.8967   0.8962   0.000050  (5.7s)
    20      0.0193     1.0000     0.3355    0.9018   0.9011   0.000050  (5.5s)
    21      0.0200     1.0000     0.3748    0.8917   0.8914   0.000050  (5.8s)
    22      0.0180     1.0000     0.3156    0.9043   0.9039   0.000050  (6.1s)
    23      0.0163     1.0000     0.3350    0.8992   0.8989   0.000050  (6.2s)
    24      0.0160     1.0000     0.3261    0.8967   0.8954   0.000050  (5.5s)
    25      0.0147     1.0000     0.3014    0.9118   0.9118   0.000050  (5.9s)
    26      0.0132     1.0000     0.3216    0.9043   0.9042   0.000050  (5.6s)
    27      0.0155     1.0000     0.3134    0.9093   0.9078   0.000050  (5.7s)
    28      0.0378     0.9929     0.5022    0.8665   0.8701   0.000050  (5.5s)
    29      0.0790     0.9821     0.5674    0.8212   0.8206   0.000050  (5.8s)
    30      0.0428     0.9924     0.4003    0.8866   0.8873   0.000050  (5.6s)
    31      0.0286     0.9964     0.3487    0.8967   0.8946   0.000050  (5.8s)
    32      0.0194     0.9982     0.3327    0.9018   0.9011   0.000050  (5.5s)
    33      0.0151     0.9996     0.3076    0.8892   0.8887   0.000050  (5.6s)
    34      0.0166     0.9987     0.2765    0.9118   0.9115   0.000050  (5.7s)
    35      0.0135     0.9996     0.2752    0.9144   0.9135   0.000025  (5.4s)
    36      0.0099     1.0000     0.2723    0.9093   0.9077   0.000025  (5.9s)
    37      0.0105     1.0000     0.3275    0.8917   0.8946   0.000025  (5.5s)
    38      0.0083     1.0000     0.2831    0.8992   0.9002   0.000025  (6.0s)
    39      0.0088     1.0000     0.2881    0.9093   0.9089   0.000025  (5.4s)
    40      0.0075     1.0000     0.2760    0.9194   0.9187   0.000025  (5.8s)
    41      0.0076     1.0000     0.2747    0.9169   0.9167   0.000025  (5.4s)
    42      0.0073     1.0000     0.2687    0.9194   0.9191   0.000025  (5.6s)
    43      0.0076     1.0000     0.2688    0.9244   0.9252   0.000025  (5.7s)
    44      0.0070     1.0000     0.2800    0.9144   0.9140   0.000025  (5.5s)
    45      0.0066     1.0000     0.2727    0.9144   0.9143   0.000025  (5.8s)
    46      0.0067     1.0000     0.2906    0.9194   0.9198   0.000025  (5.4s)
    47      0.0064     1.0000     0.2721    0.9169   0.9157   0.000025  (5.9s)
    48      0.0065     1.0000     0.2595    0.9320   0.9317   0.000025  (5.5s)
    49      0.0062     1.0000     0.2773    0.9244   0.9236   0.000025  (5.8s)
    50      0.0057     1.0000     0.2861    0.9144   0.9145   0.000025  (5.5s)

Best: epoch 48, val_acc=0.9320, val_f1=0.9317
Model saved: /mnt/extended-home/fitra_dosen/2025_iris_fer_taufik/MultimodalEmoLearn/models/benchmark/kdef_samplelevel/_tmp/m.pth
Test Loss: 0.3008
Test Accuracy: 0.9048
Test Macro F1:    0.9033
Test Micro F1:    0.9048
Test Weighted F1: 0.9035

Classification Report:
              precision    recall  f1-score   support

     neutral       0.87      0.95      0.91        41
       happy       1.00      1.00      1.00        43
         sad       0.92      0.81      0.86        42
       angry       0.87      0.93      0.90        43
     fearful       0.89      0.76      0.82        42
   disgusted       0.93      0.93      0.93        41
   surprised       0.87      0.95      0.91        42

    accuracy                           0.90       294
   macro avg       0.91      0.90      0.90       294
weighted avg       0.91      0.90      0.90       294

    [fold 3/10] macro_f1=0.9033 acc=0.9048 (293s)
 Epoch  Train Loss  Train Acc   Val Loss   Val Acc   Val F1         LR
---------------------------------------------------------------------------
     1      1.7253     0.3393     1.2857    0.5239   0.4652   0.000050  (5.4s)
     2      0.9506     0.7076     0.8329    0.7481   0.7310   0.000050  (5.6s)
     3      0.5352     0.8875     0.6267    0.8086   0.8063   0.000050  (5.9s)
     4      0.3149     0.9482     0.5176    0.8413   0.8412   0.000050  (5.9s)
     5      0.1995     0.9795     0.4532    0.8665   0.8650   0.000050  (5.7s)
     6      0.1377     0.9915     0.4301    0.8589   0.8603   0.000050  (5.5s)
     7      0.1036     0.9982     0.4366    0.8640   0.8644   0.000050  (5.7s)
     8      0.0757     0.9987     0.3954    0.8640   0.8641   0.000050  (5.5s)
     9      0.0645     0.9996     0.3854    0.8665   0.8669   0.000050  (6.0s)
    10      0.0549     1.0000     0.3700    0.8741   0.8731   0.000050  (5.5s)
    11      0.0508     0.9987     0.3892    0.8690   0.8683   0.000050  (5.6s)
    12      0.0445     0.9991     0.3985    0.8791   0.8781   0.000050  (5.4s)
    13      0.0368     1.0000     0.3579    0.8741   0.8736   0.000050  (5.7s)
    14      0.0330     1.0000     0.3620    0.8741   0.8740   0.000050  (5.6s)
    15      0.0301     0.9996     0.3426    0.8866   0.8862   0.000050  (5.6s)
    16      0.0300     1.0000     0.3884    0.8816   0.8827   0.000050  (5.6s)
    17      0.0267     1.0000     0.3466    0.8866   0.8863   0.000050  (5.6s)
    18      0.0269     0.9987     0.3850    0.8892   0.8886   0.000050  (5.6s)
    19      0.0259     0.9991     0.3906    0.8741   0.8744   0.000050  (5.9s)
    20      0.0276     0.9996     0.3945    0.8741   0.8714   0.000050  (5.5s)
    21      0.0415     0.9946     0.7542    0.7834   0.7658   0.000050  (5.9s)
    22      0.0503     0.9911     0.5053    0.8338   0.8310   0.000050  (6.0s)
    23      0.0459     0.9938     0.3478    0.8942   0.8926   0.000050  (6.1s)
    24      0.0307     0.9969     0.3978    0.8615   0.8624   0.000050  (6.1s)
    25      0.0213     0.9996     0.3590    0.8942   0.8947   0.000050  (6.0s)
    26      0.0191     0.9996     0.3229    0.8992   0.9006   0.000050  (5.7s)
    27      0.0248     0.9960     0.3381    0.8841   0.8843   0.000050  (5.9s)
    28      0.0254     0.9987     0.2967    0.8967   0.8978   0.000050  (6.0s)
    29      0.0196     0.9973     0.3710    0.9018   0.9010   0.000050  (5.9s)
    30      0.0297     0.9955     0.3429    0.8967   0.8960   0.000050  (6.0s)
    31      0.0189     0.9996     0.4230    0.8791   0.8738   0.000050  (6.3s)
    32      0.0149     0.9991     0.3108    0.9018   0.9012   0.000050  (6.0s)
    33      0.0095     1.0000     0.3015    0.9018   0.9008   0.000050  (5.9s)
    34      0.0098     1.0000     0.3124    0.9018   0.9015   0.000050  (5.7s)
    35      0.0079     1.0000     0.2956    0.8892   0.8892   0.000050  (6.1s)
    36      0.0071     1.0000     0.3028    0.9018   0.9021   0.000050  (5.7s)
    37      0.0079     1.0000     0.3005    0.8992   0.8985   0.000050  (6.0s)
    38      0.0079     1.0000     0.2962    0.8967   0.8960   0.000050  (6.1s)
    39      0.0064     1.0000     0.2987    0.9043   0.9038   0.000050  (6.1s)
    40      0.0060     1.0000     0.2993    0.8942   0.8933   0.000050  (6.0s)
    41      0.0065     1.0000     0.3192    0.8967   0.8976   0.000050  (5.8s)
    42      0.0065     1.0000     0.2906    0.8967   0.8963   0.000050  (5.8s)
    43      0.0059     1.0000     0.3004    0.9018   0.9028   0.000050  (6.0s)
    44      0.0054     1.0000     0.2877    0.9093   0.9098   0.000050  (5.9s)
    45      0.0051     1.0000     0.3005    0.9018   0.9019   0.000050  (5.9s)
    46      0.0057     1.0000     0.3065    0.8967   0.8964   0.000050  (5.9s)
    47      0.0048     1.0000     0.3139    0.8992   0.8989   0.000050  (6.0s)
    48      0.0043     1.0000     0.3052    0.9018   0.9015   0.000050  (5.9s)
    49      0.0039     1.0000     0.3218    0.8992   0.8990   0.000050  (6.0s)
    50      0.0097     0.9987     0.4034    0.8741   0.8730   0.000050  (6.0s)

Best: epoch 44, val_acc=0.9093, val_f1=0.9098
Model saved: /mnt/extended-home/fitra_dosen/2025_iris_fer_taufik/MultimodalEmoLearn/models/benchmark/kdef_samplelevel/_tmp/m.pth
Test Loss: 0.3172
Test Accuracy: 0.9014
Test Macro F1:    0.8987
Test Micro F1:    0.9014
Test Weighted F1: 0.8987

Classification Report:
              precision    recall  f1-score   support

     neutral       0.98      0.98      0.98        42
       happy       0.98      1.00      0.99        42
         sad       0.88      1.00      0.93        42
       angry       1.00      0.79      0.88        42
     fearful       0.80      0.67      0.73        42
   disgusted       0.89      0.95      0.92        42
   surprised       0.81      0.93      0.87        42

    accuracy                           0.90       294
   macro avg       0.90      0.90      0.90       294
weighted avg       0.90      0.90      0.90       294

    [fold 4/10] macro_f1=0.8987 acc=0.9014 (299s)
 Epoch  Train Loss  Train Acc   Val Loss   Val Acc   Val F1         LR
---------------------------------------------------------------------------
     1      1.7404     0.3268     1.2197    0.6146   0.5583   0.000050  (5.6s)
     2      0.9650     0.7063     0.7413    0.7758   0.7582   0.000050  (6.0s)
     3      0.5478     0.8768     0.5774    0.8136   0.8068   0.000050  (6.1s)
     4      0.3181     0.9451     0.5045    0.8287   0.8264   0.000050  (5.8s)
     5      0.2016     0.9835     0.4358    0.8690   0.8658   0.000050  (5.9s)
     6      0.1444     0.9897     0.4105    0.8690   0.8639   0.000050  (5.9s)
     7      0.1035     0.9982     0.3931    0.8866   0.8839   0.000050  (5.9s)
     8      0.0770     0.9991     0.3873    0.8967   0.8911   0.000050  (6.0s)
     9      0.0716     0.9991     0.3728    0.8892   0.8867   0.000050  (5.8s)
    10      0.0571     0.9991     0.3507    0.9018   0.8980   0.000050  (5.6s)
    11      0.0471     0.9996     0.3519    0.8841   0.8825   0.000050  (5.8s)
    12      0.0410     1.0000     0.3371    0.8967   0.8944   0.000050  (6.0s)
    13      0.0377     1.0000     0.3441    0.8942   0.8904   0.000050  (5.9s)
    14      0.0339     1.0000     0.3433    0.8791   0.8775   0.000050  (5.9s)
    15      0.0335     1.0000     0.3314    0.9018   0.8985   0.000050  (5.9s)
    16      0.0301     1.0000     0.3387    0.8917   0.8904   0.000050  (6.0s)
    17      0.0465     0.9946     0.3842    0.8791   0.8748   0.000050  (6.4s)
    18      0.0365     0.9973     0.3491    0.8892   0.8862   0.000050  (6.1s)
    19      0.0335     0.9973     0.5197    0.8489   0.8469   0.000050  (6.0s)
    20      0.0365     0.9969     0.3854    0.8791   0.8747   0.000050  (5.7s)
    21      0.0267     0.9978     0.3755    0.8917   0.8882   0.000050  (5.5s)
    22      0.0373     0.9960     0.3948    0.8564   0.8487   0.000050  (6.1s)
    23      0.0310     0.9978     0.3629    0.8791   0.8803   0.000050  (5.5s)
    24      0.0343     0.9964     0.3950    0.8665   0.8602   0.000050  (6.0s)
    25      0.0195     0.9996     0.3028    0.8992   0.8952   0.000025  (5.9s)
    26      0.0162     1.0000     0.2880    0.9018   0.8987   0.000025  (5.9s)
    27      0.0158     1.0000     0.2860    0.9093   0.9074   0.000025  (5.9s)
    28      0.0151     1.0000     0.2883    0.9068   0.9037   0.000025  (6.0s)
    29      0.0124     1.0000     0.2839    0.9093   0.9071   0.000025  (6.0s)
    30      0.0135     1.0000     0.2864    0.9093   0.9083   0.000025  (6.0s)
    31      0.0129     1.0000     0.2860    0.9018   0.8994   0.000025  (5.9s)
    32      0.0117     1.0000     0.3057    0.8992   0.8993   0.000025  (5.6s)
    33      0.0115     1.0000     0.2837    0.9068   0.9042   0.000025  (5.8s)
    34      0.0123     1.0000     0.2771    0.9118   0.9101   0.000025  (5.7s)
    35      0.0104     1.0000     0.2761    0.9144   0.9126   0.000025  (5.6s)
    36      0.0100     1.0000     0.2831    0.9093   0.9075   0.000025  (5.9s)
    37      0.0115     1.0000     0.2892    0.9093   0.9078   0.000025  (6.1s)
    38      0.0098     1.0000     0.2832    0.9043   0.9015   0.000025  (5.9s)
    39      0.0107     1.0000     0.2957    0.9144   0.9114   0.000025  (5.6s)
    40      0.0094     1.0000     0.3098    0.9043   0.9003   0.000025  (5.6s)
    41      0.0088     1.0000     0.2839    0.9068   0.9050   0.000025  (5.8s)
    42      0.0080     1.0000     0.2925    0.9018   0.8977   0.000025  (5.8s)
    43      0.0083     1.0000     0.2992    0.9043   0.9020   0.000025  (5.2s)
    44      0.0077     1.0000     0.2834    0.9093   0.9079   0.000025  (5.7s)
    45      0.0079     1.0000     0.2807    0.9093   0.9080   0.000013  (5.8s)
    46      0.0074     1.0000     0.2890    0.9093   0.9061   0.000013  (5.8s)
    47      0.0079     1.0000     0.2819    0.9093   0.9078   0.000013  (5.8s)
    48      0.0069     1.0000     0.2786    0.9068   0.9049   0.000013  (5.5s)
    49      0.0070     1.0000     0.2870    0.9093   0.9070   0.000013  (5.9s)
    50      0.0071     1.0000     0.2809    0.9118   0.9094   0.000013  (5.9s)

Early stopping at epoch 50. Best epoch: 35 (val_f1=0.9126)

Best: epoch 35, val_acc=0.9144, val_f1=0.9126
Model saved: /mnt/extended-home/fitra_dosen/2025_iris_fer_taufik/MultimodalEmoLearn/models/benchmark/kdef_samplelevel/_tmp/m.pth
Test Loss: 0.2443
Test Accuracy: 0.9252
Test Macro F1:    0.9248
Test Micro F1:    0.9252
Test Weighted F1: 0.9248

Classification Report:
              precision    recall  f1-score   support

     neutral       0.95      1.00      0.98        42
       happy       0.98      1.00      0.99        42
         sad       0.97      0.88      0.93        42
       angry       0.92      0.86      0.89        42
     fearful       0.92      0.86      0.89        42
   disgusted       0.85      0.93      0.89        42
   surprised       0.89      0.95      0.92        42

    accuracy                           0.93       294
   macro avg       0.93      0.93      0.92       294
weighted avg       0.93      0.93      0.92       294

    [fold 5/10] macro_f1=0.9248 acc=0.9252 (299s)
 Epoch  Train Loss  Train Acc   Val Loss   Val Acc   Val F1         LR
---------------------------------------------------------------------------
     1      1.7341     0.3237     1.2672    0.5592   0.5114   0.000050  (5.9s)
     2      0.9646     0.7076     0.7572    0.7582   0.7454   0.000050  (5.9s)
     3      0.5319     0.8799     0.6046    0.8111   0.7995   0.000050  (5.9s)
     4      0.3177     0.9509     0.4396    0.8791   0.8762   0.000050  (5.9s)
     5      0.2087     0.9777     0.4397    0.8665   0.8615   0.000050  (5.9s)
     6      0.1363     0.9929     0.3444    0.9043   0.9019   0.000050  (5.8s)
     7      0.1042     0.9973     0.4169    0.8741   0.8690   0.000050  (6.0s)
     8      0.0840     0.9969     0.3420    0.9018   0.8986   0.000050  (5.9s)
     9      0.0637     0.9996     0.3183    0.8967   0.8939   0.000050  (5.9s)
    10      0.0545     0.9991     0.4039    0.8665   0.8623   0.000050  (5.7s)
    11      0.0495     0.9991     0.3075    0.9169   0.9147   0.000050  (6.0s)
    12      0.0430     1.0000     0.3129    0.9043   0.9011   0.000050  (5.7s)
    13      0.0360     1.0000     0.3126    0.9169   0.9146   0.000050  (6.1s)
    14      0.0328     1.0000     0.2964    0.9093   0.9087   0.000050  (5.8s)
    15      0.0293     1.0000     0.2964    0.9093   0.9069   0.000050  (6.0s)
    16      0.0278     1.0000     0.2886    0.9093   0.9061   0.000050  (5.8s)
    17      0.0268     1.0000     0.3030    0.9118   0.9097   0.000050  (5.9s)
    18      0.0235     1.0000     0.2727    0.9219   0.9198   0.000050  (6.0s)
    19      0.0226     1.0000     0.2893    0.9194   0.9165   0.000050  (5.8s)
    20      0.0212     1.0000     0.3133    0.9068   0.9028   0.000050  (6.3s)
    21      0.0204     1.0000     0.2853    0.9118   0.9089   0.000050  (5.8s)
    22      0.0175     1.0000     0.2960    0.9144   0.9116   0.000050  (5.8s)
    23      0.0164     1.0000     0.2757    0.9144   0.9118   0.000050  (6.0s)
    24      0.0161     1.0000     0.2711    0.9244   0.9220   0.000050  (5.5s)
    25      0.0163     1.0000     0.3162    0.9043   0.9013   0.000050  (5.6s)
    26      0.0151     1.0000     0.2959    0.9093   0.9068   0.000050  (5.9s)
    27      0.0133     1.0000     0.2866    0.9093   0.9061   0.000050  (6.1s)
    28      0.0153     1.0000     0.3578    0.8992   0.8960   0.000050  (6.0s)
    29      0.0680     0.9817     0.5405    0.8363   0.8267   0.000050  (6.0s)
    30      0.0892     0.9781     0.6818    0.7985   0.7855   0.000050  (6.1s)
    31      0.0474     0.9902     0.3371    0.8992   0.8965   0.000050  (5.7s)
    32      0.0220     0.9978     0.3262    0.8967   0.8932   0.000050  (6.0s)
    33      0.0201     0.9978     0.2998    0.9068   0.9047   0.000050  (6.0s)
    34      0.0132     0.9996     0.3177    0.9068   0.9037   0.000025  (6.0s)
    35      0.0128     1.0000     0.3000    0.9169   0.9138   0.000025  (5.8s)
    36      0.0117     1.0000     0.3117    0.9093   0.9064   0.000025  (6.0s)
    37      0.0113     0.9996     0.2774    0.9244   0.9224   0.000025  (6.1s)
    38      0.0096     1.0000     0.2669    0.9194   0.9173   0.000025  (6.1s)
    39      0.0086     1.0000     0.2903    0.9118   0.9093   0.000025  (6.1s)
    40      0.0087     1.0000     0.3317    0.8967   0.8934   0.000025  (5.4s)
    41      0.0089     0.9996     0.3066    0.9093   0.9069   0.000025  (5.8s)
    42      0.0086     1.0000     0.2858    0.9144   0.9123   0.000025  (5.4s)
    43      0.0083     1.0000     0.2924    0.9068   0.9039   0.000025  (5.8s)
    44      0.0071     1.0000     0.2991    0.9118   0.9088   0.000025  (5.9s)
    45      0.0071     1.0000     0.2831    0.9144   0.9121   0.000025  (5.7s)
    46      0.0074     1.0000     0.2898    0.9144   0.9132   0.000025  (5.8s)
    47      0.0066     1.0000     0.2892    0.9169   0.9146   0.000013  (6.2s)
    48      0.0059     1.0000     0.2765    0.9169   0.9142   0.000013  (6.2s)
    49      0.0066     1.0000     0.2960    0.9118   0.9095   0.000013  (6.2s)
    50      0.0056     1.0000     0.2902    0.9144   0.9124   0.000013  (5.8s)

Best: epoch 37, val_acc=0.9244, val_f1=0.9224
Model saved: /mnt/extended-home/fitra_dosen/2025_iris_fer_taufik/MultimodalEmoLearn/models/benchmark/kdef_samplelevel/_tmp/m.pth
Test Loss: 0.2304
Test Accuracy: 0.9320
Test Macro F1:    0.9317
Test Micro F1:    0.9320
Test Weighted F1: 0.9317

Classification Report:
              precision    recall  f1-score   support

     neutral       0.95      1.00      0.98        42
       happy       0.98      1.00      0.99        42
         sad       0.86      0.90      0.88        42
       angry       0.93      0.95      0.94        42
     fearful       0.88      0.86      0.87        42
   disgusted       0.97      0.88      0.93        42
   surprised       0.95      0.93      0.94        42

    accuracy                           0.93       294
   macro avg       0.93      0.93      0.93       294
weighted avg       0.93      0.93      0.93       294

    [fold 6/10] macro_f1=0.9317 acc=0.9320 (302s)
 Epoch  Train Loss  Train Acc   Val Loss   Val Acc   Val F1         LR
---------------------------------------------------------------------------
     1      1.7291     0.3353     1.2041    0.6196   0.5802   0.000050  (5.8s)
     2      0.9860     0.6871     0.7083    0.8161   0.8095   0.000050  (6.1s)
     3      0.5445     0.8772     0.4962    0.8715   0.8705   0.000050  (6.0s)
     4      0.3335     0.9393     0.3911    0.9018   0.9029   0.000050  (5.8s)
     5      0.2022     0.9804     0.3597    0.8942   0.8949   0.000050  (5.8s)
     6      0.1429     0.9906     0.3292    0.9093   0.9106   0.000050  (6.1s)
     7      0.1049     0.9938     0.3197    0.9068   0.9077   0.000050  (5.9s)
     8      0.0876     0.9969     0.3143    0.9043   0.9053   0.000050  (5.9s)
     9      0.0703     0.9991     0.2971    0.9219   0.9221   0.000050  (5.1s)
    10      0.0621     0.9987     0.2915    0.9068   0.9083   0.000050  (6.1s)
    11      0.0484     1.0000     0.2567    0.9093   0.9109   0.000050  (6.0s)
    12      0.0423     0.9996     0.2650    0.9219   0.9226   0.000050  (6.1s)
    13      0.0373     1.0000     0.2442    0.9244   0.9260   0.000050  (6.0s)
    14      0.0361     1.0000     0.2485    0.9169   0.9191   0.000050  (5.7s)
    15      0.0330     0.9996     0.2551    0.9270   0.9274   0.000050  (5.9s)
    16      0.0287     1.0000     0.2515    0.9270   0.9272   0.000050  (5.9s)
    17      0.0274     0.9996     0.2453    0.9244   0.9257   0.000050  (5.9s)
    18      0.0260     1.0000     0.2702    0.9144   0.9152   0.000050  (5.7s)
    19      0.0246     1.0000     0.2421    0.9244   0.9260   0.000050  (5.7s)
    20      0.0208     1.0000     0.2341    0.9244   0.9255   0.000050  (6.1s)
    21      0.0280     0.9973     0.3197    0.9043   0.9056   0.000050  (5.9s)
    22      0.0867     0.9812     0.3553    0.8766   0.8770   0.000050  (6.1s)
    23      0.0507     0.9929     0.2367    0.9118   0.9120   0.000050  (5.9s)
    24      0.0456     0.9946     0.4647    0.8690   0.8749   0.000050  (5.7s)
    25      0.0272     0.9973     0.2857    0.9270   0.9288   0.000025  (5.5s)
    26      0.0207     0.9991     0.2698    0.9295   0.9309   0.000025  (5.7s)
    27      0.0200     0.9996     0.2458    0.9219   0.9230   0.000025  (5.8s)
    28      0.0178     0.9996     0.2602    0.9194   0.9199   0.000025  (5.6s)
    29      0.0157     1.0000     0.2600    0.9219   0.9227   0.000025  (5.4s)
    30      0.0157     0.9996     0.2424    0.9194   0.9204   0.000025  (5.8s)
    31      0.0140     0.9996     0.2318    0.9219   0.9231   0.000025  (5.9s)
    32      0.0132     1.0000     0.2481    0.9244   0.9255   0.000025  (6.1s)
    33      0.0123     1.0000     0.2410    0.9144   0.9152   0.000025  (6.3s)
    34      0.0117     1.0000     0.2460    0.9219   0.9233   0.000025  (5.7s)
    35      0.0108     1.0000     0.2280    0.9244   0.9256   0.000025  (5.8s)
    36      0.0102     1.0000     0.2326    0.9244   0.9254   0.000013  (5.3s)
    37      0.0106     1.0000     0.2400    0.9244   0.9256   0.000013  (5.9s)
    38      0.0101     1.0000     0.2348    0.9295   0.9309   0.000013  (5.7s)
    39      0.0108     1.0000     0.2423    0.9194   0.9204   0.000013  (5.8s)
    40      0.0100     1.0000     0.2333    0.9320   0.9332   0.000013  (5.3s)
    41      0.0106     1.0000     0.2478    0.9244   0.9258   0.000013  (5.9s)
    42      0.0094     1.0000     0.2433    0.9219   0.9229   0.000013  (5.8s)
    43      0.0099     1.0000     0.2440    0.9194   0.9204   0.000013  (6.0s)
    44      0.0087     1.0000     0.2568    0.9244   0.9256   0.000013  (6.1s)
    45      0.0092     1.0000     0.2363    0.9194   0.9206   0.000013  (5.9s)
    46      0.0095     1.0000     0.2369    0.9244   0.9257   0.000013  (5.8s)
    47      0.0093     1.0000     0.2366    0.9270   0.9281   0.000013  (5.9s)
    48      0.0080     1.0000     0.2220    0.9295   0.9311   0.000013  (5.8s)
    49      0.0082     1.0000     0.2389    0.9219   0.9228   0.000013  (5.8s)
    50      0.0079     1.0000     0.2342    0.9270   0.9285   0.000006  (5.8s)

Best: epoch 40, val_acc=0.9320, val_f1=0.9332
Model saved: /mnt/extended-home/fitra_dosen/2025_iris_fer_taufik/MultimodalEmoLearn/models/benchmark/kdef_samplelevel/_tmp/m.pth
Test Loss: 0.2333
Test Accuracy: 0.9354
Test Macro F1:    0.9355
Test Micro F1:    0.9354
Test Weighted F1: 0.9355

Classification Report:
              precision    recall  f1-score   support

     neutral       0.98      0.95      0.96        42
       happy       1.00      1.00      1.00        42
         sad       0.85      0.95      0.90        42
       angry       1.00      0.93      0.96        42
     fearful       0.87      0.81      0.84        42
   disgusted       0.98      0.95      0.96        42
   surprised       0.89      0.95      0.92        42

    accuracy                           0.94       294
   macro avg       0.94      0.94      0.94       294
weighted avg       0.94      0.94      0.94       294

    [fold 7/10] macro_f1=0.9355 acc=0.9354 (298s)
 Epoch  Train Loss  Train Acc   Val Loss   Val Acc   Val F1         LR
---------------------------------------------------------------------------
     1      1.7302     0.3299     1.2578    0.5542   0.5065   0.000050  (5.9s)
     2      0.9565     0.7000     0.7881    0.7909   0.7848   0.000050  (5.7s)
     3      0.5333     0.8799     0.5724    0.8363   0.8393   0.000050  (5.6s)
     4      0.3302     0.9478     0.5165    0.8363   0.8364   0.000050  (6.2s)
     5      0.2033     0.9817     0.4384    0.8589   0.8622   0.000050  (6.1s)
     6      0.1399     0.9938     0.4125    0.8715   0.8740   0.000050  (5.6s)
     7      0.1103     0.9915     0.3801    0.8866   0.8888   0.000050  (5.5s)
     8      0.0807     0.9978     0.3728    0.8791   0.8832   0.000050  (5.3s)
     9      0.0673     1.0000     0.3623    0.8791   0.8837   0.000050  (5.3s)
    10      0.0534     0.9991     0.3505    0.8942   0.8979   0.000050  (5.9s)
    11      0.0500     0.9996     0.3436    0.8917   0.8953   0.000050  (5.9s)
    12      0.0425     0.9991     0.3439    0.8892   0.8926   0.000050  (5.9s)
    13      0.0373     1.0000     0.3575    0.8942   0.8974   0.000050  (5.5s)
    14      0.0363     1.0000     0.4102    0.8741   0.8766   0.000050  (5.6s)
    15      0.0331     1.0000     0.3479    0.8917   0.8935   0.000050  (5.9s)
    16      0.0280     1.0000     0.3397    0.8992   0.9019   0.000050  (5.9s)
    17      0.0261     1.0000     0.3372    0.9043   0.9072   0.000050  (5.6s)
    18      0.0269     0.9996     0.3645    0.8841   0.8874   0.000050  (5.5s)
    19      0.0317     0.9969     0.4029    0.8715   0.8759   0.000050  (5.5s)
    20      0.0440     0.9929     0.5362    0.8463   0.8433   0.000050  (5.4s)
    21      0.0610     0.9879     0.4135    0.8766   0.8785   0.000050  (5.8s)
    22      0.0310     0.9982     0.3669    0.8992   0.9030   0.000050  (5.9s)
    23      0.0257     0.9987     0.5188    0.8514   0.8496   0.000050  (5.4s)
    24      0.0204     0.9996     0.3663    0.8942   0.8962   0.000050  (5.6s)
    25      0.0281     0.9964     0.4169    0.8892   0.8927   0.000050  (5.9s)
    26      0.0199     0.9991     0.3404    0.8967   0.9000   0.000050  (5.9s)
    27      0.0197     0.9982     0.3591    0.8942   0.8969   0.000025  (6.1s)
    28      0.0159     1.0000     0.3215    0.8967   0.9004   0.000025  (5.8s)
    29      0.0126     1.0000     0.3186    0.8967   0.9010   0.000025  (5.9s)
    30      0.0123     1.0000     0.3369    0.8992   0.9040   0.000025  (6.0s)
    31      0.0128     1.0000     0.3259    0.8942   0.8977   0.000025  (5.6s)
    32      0.0123     1.0000     0.3331    0.9043   0.9076   0.000025  (6.0s)
    33      0.0124     1.0000     0.3311    0.8992   0.9030   0.000025  (5.9s)
    34      0.0112     1.0000     0.3261    0.9093   0.9132   0.000025  (5.7s)
    35      0.0107     1.0000     0.3440    0.9068   0.9098   0.000025  (5.5s)
    36      0.0117     1.0000     0.3466    0.9043   0.9081   0.000025  (5.6s)
    37      0.0111     0.9996     0.3428    0.8992   0.9035   0.000025  (5.7s)
    38      0.0103     0.9996     0.3341    0.9118   0.9151   0.000025  (5.5s)
    39      0.0100     1.0000     0.3242    0.9118   0.9152   0.000025  (5.7s)
    40      0.0098     1.0000     0.3448    0.9068   0.9102   0.000025  (5.9s)
    41      0.0093     1.0000     0.3559    0.8967   0.9007   0.000025  (5.8s)
    42      0.0080     1.0000     0.3482    0.9043   0.9073   0.000025  (6.0s)
    43      0.0082     1.0000     0.3614    0.8992   0.9031   0.000025  (6.0s)
    44      0.0076     1.0000     0.3377    0.9068   0.9106   0.000025  (6.1s)
    45      0.0070     1.0000     0.3389    0.9068   0.9100   0.000025  (5.9s)
    46      0.0072     1.0000     0.3370    0.9018   0.9050   0.000025  (5.4s)
    47      0.0066     1.0000     0.3388    0.9068   0.9100   0.000025  (6.1s)
    48      0.0064     1.0000     0.3467    0.9093   0.9121   0.000013  (6.0s)
    49      0.0065     1.0000     0.3447    0.9118   0.9156   0.000013  (6.0s)
    50      0.0063     1.0000     0.3355    0.9018   0.9053   0.000013  (5.9s)

Best: epoch 49, val_acc=0.9118, val_f1=0.9156
Model saved: /mnt/extended-home/fitra_dosen/2025_iris_fer_taufik/MultimodalEmoLearn/models/benchmark/kdef_samplelevel/_tmp/m.pth
Test Loss: 0.2532
Test Accuracy: 0.9252
Test Macro F1:    0.9250
Test Micro F1:    0.9252
Test Weighted F1: 0.9250

Classification Report:
              precision    recall  f1-score   support

     neutral       0.91      0.98      0.94        42
       happy       1.00      0.98      0.99        42
         sad       0.97      0.93      0.95        42
       angry       0.90      0.90      0.90        42
     fearful       0.85      0.81      0.83        42
   disgusted       0.95      0.95      0.95        42
   surprised       0.89      0.93      0.91        42

    accuracy                           0.93       294
   macro avg       0.93      0.93      0.93       294
weighted avg       0.93      0.93      0.93       294

    [fold 8/10] macro_f1=0.9250 acc=0.9252 (295s)
 Epoch  Train Loss  Train Acc   Val Loss   Val Acc   Val F1         LR
---------------------------------------------------------------------------
     1      1.7154     0.3326     1.2275    0.5617   0.5001   0.000050  (5.7s)
     2      0.9429     0.7174     0.7445    0.7531   0.7325   0.000050  (6.1s)
     3      0.5151     0.8871     0.5432    0.8514   0.8414   0.000050  (6.1s)
     4      0.2998     0.9563     0.4433    0.8715   0.8680   0.000050  (6.0s)
     5      0.1934     0.9848     0.3895    0.8967   0.8932   0.000050  (6.1s)
     6      0.1387     0.9893     0.3692    0.8942   0.8909   0.000050  (5.9s)
     7      0.0983     0.9960     0.3546    0.8942   0.8906   0.000050  (6.0s)
     8      0.0926     0.9964     0.4497    0.8539   0.8400   0.000050  (6.0s)
     9      0.0680     0.9973     0.3048    0.9068   0.9050   0.000050  (5.6s)
    10      0.0621     0.9978     0.2921    0.9118   0.9091   0.000050  (5.9s)
    11      0.0511     0.9996     0.2702    0.9194   0.9172   0.000050  (6.2s)
    12      0.0428     0.9996     0.2993    0.9068   0.8993   0.000050  (6.2s)
    13      0.0405     0.9996     0.2750    0.9144   0.9135   0.000050  (5.9s)
    14      0.0302     1.0000     0.2777    0.9118   0.9092   0.000050  (6.0s)
    15      0.0302     1.0000     0.2711    0.9219   0.9198   0.000050  (6.0s)
    16      0.0306     0.9987     0.2594    0.9244   0.9234   0.000050  (5.5s)
    17      0.0358     0.9978     0.3171    0.8967   0.8947   0.000050  (5.6s)
    18      0.0323     0.9987     0.2698    0.9194   0.9162   0.000050  (5.6s)
    19      0.0236     1.0000     0.2547    0.9244   0.9233   0.000050  (5.5s)
    20      0.0216     1.0000     0.2405    0.9320   0.9307   0.000050  (5.9s)
    21      0.0179     1.0000     0.2330    0.9345   0.9354   0.000050  (5.3s)
    22      0.0190     1.0000     0.2396    0.9270   0.9259   0.000050  (6.0s)
    23      0.0271     0.9964     0.3616    0.8892   0.8893   0.000050  (5.2s)
    24      0.0301     0.9964     0.3513    0.8967   0.8965   0.000050  (5.6s)
    25      0.0227     0.9982     0.3316    0.9068   0.9040   0.000050  (5.4s)
    26      0.0198     0.9996     0.3229    0.8841   0.8777   0.000050  (5.9s)
    27      0.0170     1.0000     0.3169    0.8992   0.8944   0.000050  (5.4s)
    28      0.0179     0.9991     0.3305    0.9018   0.8964   0.000050  (5.6s)
    29      0.0182     0.9982     0.3560    0.8892   0.8845   0.000050  (5.5s)
    30      0.0201     0.9982     0.3759    0.8791   0.8712   0.000050  (5.7s)
    31      0.0198     0.9982     0.3089    0.9018   0.8969   0.000025  (5.5s)
    32      0.0184     0.9973     0.2992    0.9194   0.9165   0.000025  (5.7s)
    33      0.0122     0.9996     0.2590    0.9219   0.9211   0.000025  (5.6s)
    34      0.0096     1.0000     0.2678    0.9194   0.9179   0.000025  (5.7s)
    35      0.0106     0.9996     0.2541    0.9270   0.9254   0.000025  (5.9s)
    36      0.0104     0.9991     0.2672    0.9244   0.9225   0.000025  (5.7s)

Early stopping at epoch 36. Best epoch: 21 (val_f1=0.9354)

Best: epoch 21, val_acc=0.9345, val_f1=0.9354
Model saved: /mnt/extended-home/fitra_dosen/2025_iris_fer_taufik/MultimodalEmoLearn/models/benchmark/kdef_samplelevel/_tmp/m.pth
Test Loss: 0.2744
Test Accuracy: 0.9116
Test Macro F1:    0.9105
Test Micro F1:    0.9116
Test Weighted F1: 0.9105

Classification Report:
              precision    recall  f1-score   support

     neutral       0.91      0.98      0.94        42
       happy       1.00      1.00      1.00        42
         sad       0.90      0.83      0.86        42
       angry       0.88      0.90      0.89        42
     fearful       0.87      0.79      0.82        42
   disgusted       0.91      0.93      0.92        42
   surprised       0.91      0.95      0.93        42

    accuracy                           0.91       294
   macro avg       0.91      0.91      0.91       294
weighted avg       0.91      0.91      0.91       294

    [fold 9/10] macro_f1=0.9105 acc=0.9116 (214s)
 Epoch  Train Loss  Train Acc   Val Loss   Val Acc   Val F1         LR
---------------------------------------------------------------------------
     1      1.7399     0.3312     1.2280    0.5995   0.5454   0.000050  (5.9s)
     2      0.9564     0.7089     0.7670    0.7657   0.7544   0.000050  (6.3s)
     3      0.5344     0.8866     0.5566    0.8539   0.8480   0.000050  (5.9s)
     4      0.3162     0.9500     0.4504    0.8741   0.8691   0.000050  (5.8s)
     5      0.1936     0.9812     0.3816    0.8942   0.8953   0.000050  (6.2s)
     6      0.1344     0.9924     0.3426    0.9118   0.9116   0.000050  (5.7s)
     7      0.1030     0.9978     0.3556    0.8841   0.8773   0.000050  (6.1s)
     8      0.0828     0.9964     0.3178    0.9118   0.9099   0.000050  (5.6s)
     9      0.0654     0.9991     0.2994    0.9118   0.9110   0.000050  (5.9s)
    10      0.0551     0.9991     0.3133    0.9144   0.9131   0.000050  (5.8s)
    11      0.0511     0.9991     0.3090    0.9018   0.9017   0.000050  (6.0s)
    12      0.0404     0.9996     0.2799    0.9244   0.9251   0.000050  (6.1s)
    13      0.0418     0.9996     0.2669    0.9118   0.9114   0.000050  (5.7s)
    14      0.0337     1.0000     0.2664    0.9194   0.9199   0.000050  (5.8s)
    15      0.0304     1.0000     0.2640    0.9093   0.9082   0.000050  (5.5s)
    16      0.0278     1.0000     0.2935    0.9093   0.9060   0.000050  (5.7s)
    17      0.0271     1.0000     0.2486    0.9144   0.9135   0.000050  (6.1s)
    18      0.0234     1.0000     0.2446    0.9118   0.9097   0.000050  (5.7s)
    19      0.0236     1.0000     0.2727    0.9118   0.9094   0.000050  (5.7s)
    20      0.0194     1.0000     0.2471    0.9219   0.9206   0.000050  (5.9s)
    21      0.0179     0.9996     0.2434    0.9219   0.9204   0.000050  (5.4s)
    22      0.0175     1.0000     0.2385    0.9194   0.9181   0.000025  (5.9s)
    23      0.0189     1.0000     0.2293    0.9219   0.9209   0.000025  (5.8s)
    24      0.0155     1.0000     0.2300    0.9244   0.9222   0.000025  (5.5s)
    25      0.0149     1.0000     0.2316    0.9270   0.9259   0.000025  (5.6s)
    26      0.0168     1.0000     0.2490    0.9144   0.9124   0.000025  (5.6s)
    27      0.0184     0.9991     0.2360    0.9169   0.9153   0.000025  (5.8s)
    28      0.0138     1.0000     0.2267    0.9295   0.9289   0.000025  (5.8s)
    29      0.0132     1.0000     0.2284    0.9144   0.9124   0.000025  (5.9s)
    30      0.0139     1.0000     0.2183    0.9219   0.9210   0.000025  (5.7s)
    31      0.0121     1.0000     0.2247    0.9295   0.9291   0.000025  (5.5s)
    32      0.0132     1.0000     0.2329    0.9219   0.9204   0.000025  (5.8s)
    33      0.0120     1.0000     0.2118    0.9295   0.9282   0.000025  (5.8s)
    34      0.0139     1.0000     0.2247    0.9169   0.9152   0.000025  (6.1s)
    35      0.0131     0.9996     0.2383    0.9118   0.9099   0.000025  (6.1s)
    36      0.0123     1.0000     0.2074    0.9244   0.9224   0.000025  (6.1s)
    37      0.0111     1.0000     0.2255    0.9270   0.9251   0.000025  (6.1s)
    38      0.0108     1.0000     0.2288    0.9270   0.9252   0.000025  (5.8s)
    39      0.0109     1.0000     0.2590    0.9144   0.9119   0.000025  (5.9s)
    40      0.0302     0.9938     0.3085    0.8992   0.8959   0.000025  (6.0s)
    41      0.0183     0.9969     0.2373    0.9320   0.9324   0.000013  (5.9s)
    42      0.0159     0.9982     0.2454    0.9244   0.9239   0.000013  (6.0s)
    43      0.0115     0.9996     0.2270    0.9295   0.9280   0.000013  (5.8s)
    44      0.0103     1.0000     0.2221    0.9270   0.9258   0.000013  (5.9s)
    45      0.0108     0.9991     0.2423    0.9270   0.9262   0.000013  (5.7s)
    46      0.0106     1.0000     0.2256    0.9270   0.9262   0.000013  (6.0s)
    47      0.0093     1.0000     0.2230    0.9295   0.9280   0.000013  (5.9s)
    48      0.0086     1.0000     0.2295    0.9320   0.9312   0.000013  (5.9s)
    49      0.0086     1.0000     0.2161    0.9370   0.9360   0.000013  (5.9s)
    50      0.0079     1.0000     0.2092    0.9345   0.9332   0.000013  (5.5s)

Best: epoch 49, val_acc=0.9370, val_f1=0.9360
Model saved: /mnt/extended-home/fitra_dosen/2025_iris_fer_taufik/MultimodalEmoLearn/models/benchmark/kdef_samplelevel/_tmp/m.pth
Test Loss: 0.2927
Test Accuracy: 0.9150
Test Macro F1:    0.9138
Test Micro F1:    0.9150
Test Weighted F1: 0.9138

Classification Report:
              precision    recall  f1-score   support

     neutral       0.91      1.00      0.95        42
       happy       1.00      1.00      1.00        42
         sad       0.95      0.86      0.90        42
       angry       0.88      0.86      0.87        42
     fearful       0.89      0.79      0.84        42
   disgusted       0.91      0.93      0.92        42
   surprised       0.87      0.98      0.92        42

    accuracy                           0.91       294
   macro avg       0.92      0.91      0.91       294
weighted avg       0.92      0.91      0.91       294

    [fold 10/10] macro_f1=0.9138 acc=0.9150 (299s)
  cv10: macro_f1=0.9190±0.0126  acc=0.9198±0.0119  -> saved kdef_7c_cv10_earlyfusion.json

Done.
