[2026-05-19T09:09:53+07:00] === GPU1 parallel chain launched ===
[2026-05-19T09:09:53+07:00] --- LF kdef_7class ---
[retry_run] Attempt 1/3: CUDA_VISIBLE_DEVICES=1 /mnt/extended-home/fitra_dosen/2025_iris_fer_taufik/miniconda3/envs/2025_iris_fer_taufik/bin/python -u scripts/compute_late_fusion_unified.py --data-dir data/benchmark/kdef_7class --output-prefix models/benchmark/kdef_7class --landmark-features raw_136 facs_28 blendshape_52 facs_plus_bs_80 --landmark-sources mediapipe --scenarios b1 b2 b3 --classes 3 7
Device: cuda
DATA_DIR: /mnt/extended-home/fitra_dosen/2025_iris_fer_taufik/MultimodalEmoLearn/data/benchmark/kdef_7class
Output prefix: /mnt/extended-home/fitra_dosen/2025_iris_fer_taufik/MultimodalEmoLearn/models/benchmark/kdef_7class
Cache dir: /mnt/extended-home/fitra_dosen/2025_iris_fer_taufik/MultimodalEmoLearn/models/benchmark/kdef_7class/late_fusion_cache

[3c × scratch × B1] Image branch
  [cache hit] cnn_scratch_b1_3c

[3c × scratch × B2] Image branch
  [cache hit] cnn_scratch_b2_3c

[3c × scratch × B3] Image branch
  [cache hit] cnn_scratch_b3_3c

[3c × tl × B1] Image branch
  [cache hit] cnn_tl_b1_3c

[3c × tl × B2] Image branch
  [cache hit] cnn_tl_b2_3c

[3c × tl × B3] Image branch
  [cache hit] cnn_tl_b3_3c

[3c × raw_136/mediapipe × B1] Landmark branch
  [cache hit] fcnn_raw_136_mp_b1_3c

[3c × raw_136/mediapipe × B2] Landmark branch
  [cache hit] fcnn_raw_136_mp_b2_3c

[3c × raw_136/mediapipe × B3] Landmark branch
  [cache hit] fcnn_raw_136_mp_b3_3c

  [3c × scratch × raw_136/mediapipe × B1] Computing late fusion weight sweep...
  best_w_image=0.75  val_mf1=0.8902  TEST mf1=0.8487  wf1=0.8478  acc=0.8469

  [3c × scratch × raw_136/mediapipe × B2] Computing late fusion weight sweep...
  best_w_image=0.65  val_mf1=0.9369  TEST mf1=0.8095  wf1=0.8245  acc=0.8231

  [3c × scratch × raw_136/mediapipe × B3] Computing late fusion weight sweep...
  best_w_image=0.80  val_mf1=0.9861  TEST mf1=0.8453  wf1=0.8646  acc=0.8639

  [3c × tl × raw_136/mediapipe × B1] Computing late fusion weight sweep...
  best_w_image=0.55  val_mf1=0.9869  TEST mf1=0.9343  wf1=0.9357  acc=0.9354

  [3c × tl × raw_136/mediapipe × B2] Computing late fusion weight sweep...
  best_w_image=0.55  val_mf1=0.9871  TEST mf1=0.9259  wf1=0.9322  acc=0.9320

  [3c × tl × raw_136/mediapipe × B3] Computing late fusion weight sweep...
  best_w_image=0.55  val_mf1=0.9970  TEST mf1=0.9508  wf1=0.9526  acc=0.9524

[3c × facs_28/mediapipe × B1] Landmark branch
  [cache hit] fcnn_facs_28_mp_b1_3c

[3c × facs_28/mediapipe × B2] Landmark branch
  [cache hit] fcnn_facs_28_mp_b2_3c

[3c × facs_28/mediapipe × B3] Landmark branch
  [cache hit] fcnn_facs_28_mp_b3_3c

  [3c × scratch × facs_28/mediapipe × B1] Computing late fusion weight sweep...
  best_w_image=0.15  val_mf1=0.9441  TEST mf1=0.7629  wf1=0.7854  acc=0.7857

  [3c × scratch × facs_28/mediapipe × B2] Computing late fusion weight sweep...
  best_w_image=0.50  val_mf1=0.9565  TEST mf1=0.8421  wf1=0.8474  acc=0.8469

  [3c × scratch × facs_28/mediapipe × B3] Computing late fusion weight sweep...
  best_w_image=0.85  val_mf1=0.9861  TEST mf1=0.8508  wf1=0.8682  acc=0.8673

  [3c × tl × facs_28/mediapipe × B1] Computing late fusion weight sweep...
  best_w_image=0.55  val_mf1=0.9890  TEST mf1=0.9390  wf1=0.9391  acc=0.9388

  [3c × tl × facs_28/mediapipe × B2] Computing late fusion weight sweep...
  best_w_image=0.50  val_mf1=0.9873  TEST mf1=0.9303  wf1=0.9323  acc=0.9320

  [3c × tl × facs_28/mediapipe × B3] Computing late fusion weight sweep...
  best_w_image=0.60  val_mf1=0.9921  TEST mf1=0.9581  wf1=0.9562  acc=0.9558

[3c × blendshape_52/mediapipe × B1] Landmark branch
  [cache hit] fcnn_blendshape_52_mp_b1_3c

[3c × blendshape_52/mediapipe × B2] Landmark branch
  [cache hit] fcnn_blendshape_52_mp_b2_3c

[3c × blendshape_52/mediapipe × B3] Landmark branch
  [cache hit] fcnn_blendshape_52_mp_b3_3c

  [3c × scratch × blendshape_52/mediapipe × B1] Computing late fusion weight sweep...
  best_w_image=0.50  val_mf1=0.9064  TEST mf1=0.8422  wf1=0.8506  acc=0.8503

  [3c × scratch × blendshape_52/mediapipe × B2] Computing late fusion weight sweep...
  best_w_image=0.65  val_mf1=0.9553  TEST mf1=0.8235  wf1=0.8343  acc=0.8333

  [3c × scratch × blendshape_52/mediapipe × B3] Computing late fusion weight sweep...
  best_w_image=0.85  val_mf1=0.9861  TEST mf1=0.8480  wf1=0.8680  acc=0.8673

  [3c × tl × blendshape_52/mediapipe × B1] Computing late fusion weight sweep...
  best_w_image=0.60  val_mf1=0.9869  TEST mf1=0.9362  wf1=0.9358  acc=0.9354

  [3c × tl × blendshape_52/mediapipe × B2] Computing late fusion weight sweep...
  best_w_image=0.50  val_mf1=0.9843  TEST mf1=0.9324  wf1=0.9324  acc=0.9320

  [3c × tl × blendshape_52/mediapipe × B3] Computing late fusion weight sweep...
  best_w_image=0.60  val_mf1=0.9921  TEST mf1=0.9529  wf1=0.9528  acc=0.9524

[3c × facs_plus_bs_80/mediapipe × B1] Landmark branch
  [cache hit] fcnn_facs_plus_bs_80_mp_b1_3c

[3c × facs_plus_bs_80/mediapipe × B2] Landmark branch
  [cache hit] fcnn_facs_plus_bs_80_mp_b2_3c

[3c × facs_plus_bs_80/mediapipe × B3] Landmark branch
  [cache hit] fcnn_facs_plus_bs_80_mp_b3_3c

  [3c × scratch × facs_plus_bs_80/mediapipe × B1] Computing late fusion weight sweep...
  best_w_image=0.30  val_mf1=0.9387  TEST mf1=0.7870  wf1=0.8107  acc=0.8129

  [3c × scratch × facs_plus_bs_80/mediapipe × B2] Computing late fusion weight sweep...
  best_w_image=0.60  val_mf1=0.9511  TEST mf1=0.8123  wf1=0.8298  acc=0.8299

  [3c × scratch × facs_plus_bs_80/mediapipe × B3] Computing late fusion weight sweep...
  best_w_image=0.55  val_mf1=0.9881  TEST mf1=0.8518  wf1=0.8704  acc=0.8707

  [3c × tl × facs_plus_bs_80/mediapipe × B1] Computing late fusion weight sweep...
  best_w_image=0.60  val_mf1=0.9920  TEST mf1=0.9313  wf1=0.9323  acc=0.9320

  [3c × tl × facs_plus_bs_80/mediapipe × B2] Computing late fusion weight sweep...
  best_w_image=0.55  val_mf1=0.9920  TEST mf1=0.9253  wf1=0.9321  acc=0.9320

  [3c × tl × facs_plus_bs_80/mediapipe × B3] Computing late fusion weight sweep...
  best_w_image=0.65  val_mf1=0.9921  TEST mf1=0.9558  wf1=0.9561  acc=0.9558

[7c × scratch × B1] Image branch
  [cache hit] cnn_scratch_b1_7c

[7c × scratch × B2] Image branch
  [cache hit] cnn_scratch_b2_7c

[7c × scratch × B3] Image branch
  [cache hit] cnn_scratch_b3_7c

[7c × tl × B1] Image branch
  [cache hit] cnn_tl_b1_7c

[7c × tl × B2] Image branch
  [cache hit] cnn_tl_b2_7c

[7c × tl × B3] Image branch
  [cache hit] cnn_tl_b3_7c

[7c × raw_136/mediapipe × B1] Landmark branch
  [cache hit] fcnn_raw_136_mp_b1_7c

[7c × raw_136/mediapipe × B2] Landmark branch
  [cache hit] fcnn_raw_136_mp_b2_7c

[7c × raw_136/mediapipe × B3] Landmark branch
  [cache hit] fcnn_raw_136_mp_b3_7c

  [7c × scratch × raw_136/mediapipe × B1] Computing late fusion weight sweep...
  best_w_image=0.40  val_mf1=0.8569  TEST mf1=0.7774  wf1=0.7774  acc=0.7823

  [7c × scratch × raw_136/mediapipe × B2] Computing late fusion weight sweep...
  best_w_image=0.50  val_mf1=0.8278  TEST mf1=0.7922  wf1=0.7922  acc=0.7959

  [7c × scratch × raw_136/mediapipe × B3] Computing late fusion weight sweep...
  best_w_image=0.35  val_mf1=0.8380  TEST mf1=0.8167  wf1=0.8167  acc=0.8197

  [7c × tl × raw_136/mediapipe × B1] Computing late fusion weight sweep...
  best_w_image=0.55  val_mf1=0.9148  TEST mf1=0.8995  wf1=0.8995  acc=0.9014

  [7c × tl × raw_136/mediapipe × B2] Computing late fusion weight sweep...
  best_w_image=0.55  val_mf1=0.9138  TEST mf1=0.8546  wf1=0.8546  acc=0.8605

  [7c × tl × raw_136/mediapipe × B3] Computing late fusion weight sweep...
  best_w_image=0.50  val_mf1=0.9177  TEST mf1=0.8505  wf1=0.8505  acc=0.8571

[7c × facs_28/mediapipe × B1] Landmark branch
  [cache hit] fcnn_facs_28_mp_b1_7c

[7c × facs_28/mediapipe × B2] Landmark branch
  [cache hit] fcnn_facs_28_mp_b2_7c

[7c × facs_28/mediapipe × B3] Landmark branch
  [cache hit] fcnn_facs_28_mp_b3_7c

  [7c × scratch × facs_28/mediapipe × B1] Computing late fusion weight sweep...
  best_w_image=0.45  val_mf1=0.8810  TEST mf1=0.7930  wf1=0.7930  acc=0.7993

  [7c × scratch × facs_28/mediapipe × B2] Computing late fusion weight sweep...
  best_w_image=0.35  val_mf1=0.8775  TEST mf1=0.7758  wf1=0.7758  acc=0.7823

  [7c × scratch × facs_28/mediapipe × B3] Computing late fusion weight sweep...
  best_w_image=0.45  val_mf1=0.8660  TEST mf1=0.8203  wf1=0.8203  acc=0.8231

  [7c × tl × facs_28/mediapipe × B1] Computing late fusion weight sweep...
  best_w_image=0.50  val_mf1=0.9281  TEST mf1=0.8926  wf1=0.8926  acc=0.8946

  [7c × tl × facs_28/mediapipe × B2] Computing late fusion weight sweep...
  best_w_image=0.40  val_mf1=0.9243  TEST mf1=0.8343  wf1=0.8343  acc=0.8435

  [7c × tl × facs_28/mediapipe × B3] Computing late fusion weight sweep...
  best_w_image=0.50  val_mf1=0.9212  TEST mf1=0.8461  wf1=0.8461  acc=0.8537

[7c × blendshape_52/mediapipe × B1] Landmark branch
  [cache hit] fcnn_blendshape_52_mp_b1_7c

[7c × blendshape_52/mediapipe × B2] Landmark branch
  [cache hit] fcnn_blendshape_52_mp_b2_7c

[7c × blendshape_52/mediapipe × B3] Landmark branch
  [cache hit] fcnn_blendshape_52_mp_b3_7c

  [7c × scratch × blendshape_52/mediapipe × B1] Computing late fusion weight sweep...
  best_w_image=0.55  val_mf1=0.8631  TEST mf1=0.8074  wf1=0.8074  acc=0.8129

  [7c × scratch × blendshape_52/mediapipe × B2] Computing late fusion weight sweep...
  best_w_image=0.30  val_mf1=0.8521  TEST mf1=0.7434  wf1=0.7434  acc=0.7483

  [7c × scratch × blendshape_52/mediapipe × B3] Computing late fusion weight sweep...
  best_w_image=0.40  val_mf1=0.8571  TEST mf1=0.7901  wf1=0.7901  acc=0.7925

  [7c × tl × blendshape_52/mediapipe × B1] Computing late fusion weight sweep...
  best_w_image=0.50  val_mf1=0.9245  TEST mf1=0.8895  wf1=0.8895  acc=0.8912

  [7c × tl × blendshape_52/mediapipe × B2] Computing late fusion weight sweep...
  best_w_image=0.75  val_mf1=0.9171  TEST mf1=0.8524  wf1=0.8524  acc=0.8605

  [7c × tl × blendshape_52/mediapipe × B3] Computing late fusion weight sweep...
  best_w_image=0.45  val_mf1=0.9029  TEST mf1=0.8595  wf1=0.8595  acc=0.8639

[7c × facs_plus_bs_80/mediapipe × B1] Landmark branch
  [cache hit] fcnn_facs_plus_bs_80_mp_b1_7c

[7c × facs_plus_bs_80/mediapipe × B2] Landmark branch
  [cache hit] fcnn_facs_plus_bs_80_mp_b2_7c

[7c × facs_plus_bs_80/mediapipe × B3] Landmark branch
  [cache hit] fcnn_facs_plus_bs_80_mp_b3_7c

  [7c × scratch × facs_plus_bs_80/mediapipe × B1] Computing late fusion weight sweep...
  best_w_image=0.45  val_mf1=0.8686  TEST mf1=0.7945  wf1=0.7945  acc=0.7993

  [7c × scratch × facs_plus_bs_80/mediapipe × B2] Computing late fusion weight sweep...
  best_w_image=0.40  val_mf1=0.8696  TEST mf1=0.7598  wf1=0.7598  acc=0.7653

  [7c × scratch × facs_plus_bs_80/mediapipe × B3] Computing late fusion weight sweep...
  best_w_image=0.40  val_mf1=0.8712  TEST mf1=0.7963  wf1=0.7963  acc=0.7993

  [7c × tl × facs_plus_bs_80/mediapipe × B1] Computing late fusion weight sweep...
  best_w_image=0.50  val_mf1=0.9217  TEST mf1=0.9069  wf1=0.9069  acc=0.9082

  [7c × tl × facs_plus_bs_80/mediapipe × B2] Computing late fusion weight sweep...
  best_w_image=0.65  val_mf1=0.9213  TEST mf1=0.8457  wf1=0.8457  acc=0.8537

  [7c × tl × facs_plus_bs_80/mediapipe × B3] Computing late fusion weight sweep...
  best_w_image=0.50  val_mf1=0.9140  TEST mf1=0.8615  wf1=0.8615  acc=0.8673
Saved: /mnt/extended-home/fitra_dosen/2025_iris_fer_taufik/MultimodalEmoLearn/models/benchmark/kdef_7class/3class/Unified/fusion_late_scratch/results.json
Saved: /mnt/extended-home/fitra_dosen/2025_iris_fer_taufik/MultimodalEmoLearn/models/benchmark/kdef_7class/3class/Unified/fusion_late_tl/results.json
Saved: /mnt/extended-home/fitra_dosen/2025_iris_fer_taufik/MultimodalEmoLearn/models/benchmark/kdef_7class/3class/Unified/fusion_late_scratch_facs_28/results.json
Saved: /mnt/extended-home/fitra_dosen/2025_iris_fer_taufik/MultimodalEmoLearn/models/benchmark/kdef_7class/3class/Unified/fusion_late_tl_facs_28/results.json
Saved: /mnt/extended-home/fitra_dosen/2025_iris_fer_taufik/MultimodalEmoLearn/models/benchmark/kdef_7class/3class/Unified/fusion_late_scratch_blendshape_52/results.json
Saved: /mnt/extended-home/fitra_dosen/2025_iris_fer_taufik/MultimodalEmoLearn/models/benchmark/kdef_7class/3class/Unified/fusion_late_tl_blendshape_52/results.json
Saved: /mnt/extended-home/fitra_dosen/2025_iris_fer_taufik/MultimodalEmoLearn/models/benchmark/kdef_7class/3class/Unified/fusion_late_scratch_facs_plus_bs_80/results.json
Saved: /mnt/extended-home/fitra_dosen/2025_iris_fer_taufik/MultimodalEmoLearn/models/benchmark/kdef_7class/3class/Unified/fusion_late_tl_facs_plus_bs_80/results.json
Saved: /mnt/extended-home/fitra_dosen/2025_iris_fer_taufik/MultimodalEmoLearn/models/benchmark/kdef_7class/7class/Unified/fusion_late_scratch/results.json
Saved: /mnt/extended-home/fitra_dosen/2025_iris_fer_taufik/MultimodalEmoLearn/models/benchmark/kdef_7class/7class/Unified/fusion_late_tl/results.json
Saved: /mnt/extended-home/fitra_dosen/2025_iris_fer_taufik/MultimodalEmoLearn/models/benchmark/kdef_7class/7class/Unified/fusion_late_scratch_facs_28/results.json
Saved: /mnt/extended-home/fitra_dosen/2025_iris_fer_taufik/MultimodalEmoLearn/models/benchmark/kdef_7class/7class/Unified/fusion_late_tl_facs_28/results.json
Saved: /mnt/extended-home/fitra_dosen/2025_iris_fer_taufik/MultimodalEmoLearn/models/benchmark/kdef_7class/7class/Unified/fusion_late_scratch_blendshape_52/results.json
Saved: /mnt/extended-home/fitra_dosen/2025_iris_fer_taufik/MultimodalEmoLearn/models/benchmark/kdef_7class/7class/Unified/fusion_late_tl_blendshape_52/results.json
Saved: /mnt/extended-home/fitra_dosen/2025_iris_fer_taufik/MultimodalEmoLearn/models/benchmark/kdef_7class/7class/Unified/fusion_late_scratch_facs_plus_bs_80/results.json
Saved: /mnt/extended-home/fitra_dosen/2025_iris_fer_taufik/MultimodalEmoLearn/models/benchmark/kdef_7class/7class/Unified/fusion_late_tl_facs_plus_bs_80/results.json

====================================================================================================
SUMMARY: Late Fusion Unified Protocol macro_f1
====================================================================================================
  scheme  variant   feature             source            B1        B2        B3
  3c     scratch   raw_136             mediapipe     0.8487    0.8095    0.8453
  3c     tl        raw_136             mediapipe     0.9343    0.9259    0.9508
  3c     scratch   facs_28             mediapipe     0.7629    0.8421    0.8508
  3c     tl        facs_28             mediapipe     0.9390    0.9303    0.9581
  3c     scratch   blendshape_52       mediapipe     0.8422    0.8235    0.8480
  3c     tl        blendshape_52       mediapipe     0.9362    0.9324    0.9529
  3c     scratch   facs_plus_bs_80     mediapipe     0.7870    0.8123    0.8518
  3c     tl        facs_plus_bs_80     mediapipe     0.9313    0.9253    0.9558
  7c     scratch   raw_136             mediapipe     0.7774    0.7922    0.8167
  7c     tl        raw_136             mediapipe     0.8995    0.8546    0.8505
  7c     scratch   facs_28             mediapipe     0.7930    0.7758    0.8203
  7c     tl        facs_28             mediapipe     0.8926    0.8343    0.8461
  7c     scratch   blendshape_52       mediapipe     0.8074    0.7434    0.7901
  7c     tl        blendshape_52       mediapipe     0.8895    0.8524    0.8595
  7c     scratch   facs_plus_bs_80     mediapipe     0.7945    0.7598    0.7963
  7c     tl        facs_plus_bs_80     mediapipe     0.9069    0.8457    0.8615
[retry_run] ✅ Succeeded on attempt 1
[2026-05-19T09:11:05+07:00] --- LF rafdb_7class ---
[retry_run] Attempt 1/3: CUDA_VISIBLE_DEVICES=1 /mnt/extended-home/fitra_dosen/2025_iris_fer_taufik/miniconda3/envs/2025_iris_fer_taufik/bin/python -u scripts/compute_late_fusion_unified.py --data-dir data/benchmark/rafdb_7class --output-prefix models/benchmark/rafdb_7class --landmark-features raw_136 facs_28 blendshape_52 facs_plus_bs_80 --landmark-sources mediapipe --scenarios b1 b2 b3 --classes 3 7
Device: cuda
DATA_DIR: /mnt/extended-home/fitra_dosen/2025_iris_fer_taufik/MultimodalEmoLearn/data/benchmark/rafdb_7class
Output prefix: /mnt/extended-home/fitra_dosen/2025_iris_fer_taufik/MultimodalEmoLearn/models/benchmark/rafdb_7class
Cache dir: /mnt/extended-home/fitra_dosen/2025_iris_fer_taufik/MultimodalEmoLearn/models/benchmark/rafdb_7class/late_fusion_cache

[3c × scratch × B1] Image branch
  [cache hit] cnn_scratch_b1_3c

[3c × scratch × B2] Image branch
  [cache hit] cnn_scratch_b2_3c

[3c × scratch × B3] Image branch
  [cache hit] cnn_scratch_b3_3c

[3c × tl × B1] Image branch
  [cache hit] cnn_tl_b1_3c

[3c × tl × B2] Image branch
  [cache hit] cnn_tl_b2_3c

[3c × tl × B3] Image branch
  [cache hit] cnn_tl_b3_3c

[3c × raw_136/mediapipe × B1] Landmark branch
  [cache hit] fcnn_raw_136_mp_b1_3c

[3c × raw_136/mediapipe × B2] Landmark branch
  [cache hit] fcnn_raw_136_mp_b2_3c

[3c × raw_136/mediapipe × B3] Landmark branch
  [cache hit] fcnn_raw_136_mp_b3_3c

  [3c × scratch × raw_136/mediapipe × B1] Computing late fusion weight sweep...
  best_w_image=0.80  val_mf1=0.7921  TEST mf1=0.7893  wf1=0.8131  acc=0.8113

  [3c × scratch × raw_136/mediapipe × B2] Computing late fusion weight sweep...
  best_w_image=0.40  val_mf1=0.7980  TEST mf1=0.7967  wf1=0.8202  acc=0.8195

  [3c × scratch × raw_136/mediapipe × B3] Computing late fusion weight sweep...
  best_w_image=0.55  val_mf1=0.8381  TEST mf1=0.8340  wf1=0.8534  acc=0.8525

  [3c × tl × raw_136/mediapipe × B1] Computing late fusion weight sweep...
  best_w_image=0.70  val_mf1=0.8257  TEST mf1=0.8094  wf1=0.8315  acc=0.8317

  [3c × tl × raw_136/mediapipe × B2] Computing late fusion weight sweep...
  best_w_image=0.45  val_mf1=0.8307  TEST mf1=0.8190  wf1=0.8388  acc=0.8379

  [3c × tl × raw_136/mediapipe × B3] Computing late fusion weight sweep...
  best_w_image=0.60  val_mf1=0.8517  TEST mf1=0.8400  wf1=0.8587  acc=0.8573

[3c × facs_28/mediapipe × B1] Landmark branch
  [cache hit] fcnn_facs_28_mp_b1_3c

[3c × facs_28/mediapipe × B2] Landmark branch
  [cache hit] fcnn_facs_28_mp_b2_3c

[3c × facs_28/mediapipe × B3] Landmark branch
  [cache hit] fcnn_facs_28_mp_b3_3c

  [3c × scratch × facs_28/mediapipe × B1] Computing late fusion weight sweep...
  best_w_image=0.65  val_mf1=0.7942  TEST mf1=0.7914  wf1=0.8155  acc=0.8137

  [3c × scratch × facs_28/mediapipe × B2] Computing late fusion weight sweep...
  best_w_image=0.60  val_mf1=0.7923  TEST mf1=0.7956  wf1=0.8203  acc=0.8202

  [3c × scratch × facs_28/mediapipe × B3] Computing late fusion weight sweep...
  best_w_image=0.55  val_mf1=0.8374  TEST mf1=0.8340  wf1=0.8532  acc=0.8525

  [3c × tl × facs_28/mediapipe × B1] Computing late fusion weight sweep...
  best_w_image=0.70  val_mf1=0.8280  TEST mf1=0.8063  wf1=0.8287  acc=0.8290

  [3c × tl × facs_28/mediapipe × B2] Computing late fusion weight sweep...
  best_w_image=0.55  val_mf1=0.8326  TEST mf1=0.8164  wf1=0.8360  acc=0.8351

  [3c × tl × facs_28/mediapipe × B3] Computing late fusion weight sweep...
  best_w_image=0.45  val_mf1=0.8518  TEST mf1=0.8417  wf1=0.8596  acc=0.8583

[3c × blendshape_52/mediapipe × B1] Landmark branch
  [cache hit] fcnn_blendshape_52_mp_b1_3c

[3c × blendshape_52/mediapipe × B2] Landmark branch
  [cache hit] fcnn_blendshape_52_mp_b2_3c

[3c × blendshape_52/mediapipe × B3] Landmark branch
  [cache hit] fcnn_blendshape_52_mp_b3_3c

  [3c × scratch × blendshape_52/mediapipe × B1] Computing late fusion weight sweep...
  best_w_image=0.50  val_mf1=0.7967  TEST mf1=0.7967  wf1=0.8198  acc=0.8188

  [3c × scratch × blendshape_52/mediapipe × B2] Computing late fusion weight sweep...
  best_w_image=0.60  val_mf1=0.7931  TEST mf1=0.7967  wf1=0.8215  acc=0.8212

  [3c × scratch × blendshape_52/mediapipe × B3] Computing late fusion weight sweep...
  best_w_image=0.50  val_mf1=0.8404  TEST mf1=0.8297  wf1=0.8487  acc=0.8481

  [3c × tl × blendshape_52/mediapipe × B1] Computing late fusion weight sweep...
  best_w_image=0.75  val_mf1=0.8255  TEST mf1=0.8057  wf1=0.8283  acc=0.8287

  [3c × tl × blendshape_52/mediapipe × B2] Computing late fusion weight sweep...
  best_w_image=0.50  val_mf1=0.8339  TEST mf1=0.8191  wf1=0.8387  acc=0.8379

  [3c × tl × blendshape_52/mediapipe × B3] Computing late fusion weight sweep...
  best_w_image=0.50  val_mf1=0.8525  TEST mf1=0.8416  wf1=0.8590  acc=0.8580

[3c × facs_plus_bs_80/mediapipe × B1] Landmark branch
  [cache hit] fcnn_facs_plus_bs_80_mp_b1_3c

[3c × facs_plus_bs_80/mediapipe × B2] Landmark branch
  [cache hit] fcnn_facs_plus_bs_80_mp_b2_3c

[3c × facs_plus_bs_80/mediapipe × B3] Landmark branch
  [cache hit] fcnn_facs_plus_bs_80_mp_b3_3c

  [3c × scratch × facs_plus_bs_80/mediapipe × B1] Computing late fusion weight sweep...
  best_w_image=0.70  val_mf1=0.7957  TEST mf1=0.7945  wf1=0.8182  acc=0.8164

  [3c × scratch × facs_plus_bs_80/mediapipe × B2] Computing late fusion weight sweep...
  best_w_image=0.40  val_mf1=0.8007  TEST mf1=0.8020  wf1=0.8243  acc=0.8243

  [3c × scratch × facs_plus_bs_80/mediapipe × B3] Computing late fusion weight sweep...
  best_w_image=0.60  val_mf1=0.8424  TEST mf1=0.8358  wf1=0.8552  acc=0.8546

  [3c × tl × facs_plus_bs_80/mediapipe × B1] Computing late fusion weight sweep...
  best_w_image=0.75  val_mf1=0.8254  TEST mf1=0.8084  wf1=0.8303  acc=0.8307

  [3c × tl × facs_plus_bs_80/mediapipe × B2] Computing late fusion weight sweep...
  best_w_image=0.50  val_mf1=0.8333  TEST mf1=0.8204  wf1=0.8395  acc=0.8389

  [3c × tl × facs_plus_bs_80/mediapipe × B3] Computing late fusion weight sweep...
  best_w_image=0.55  val_mf1=0.8531  TEST mf1=0.8388  wf1=0.8571  acc=0.8559

[7c × scratch × B1] Image branch
  [cache hit] cnn_scratch_b1_7c

[7c × scratch × B2] Image branch
  [cache hit] cnn_scratch_b2_7c

[7c × scratch × B3] Image branch
  [cache hit] cnn_scratch_b3_7c

[7c × tl × B1] Image branch
  [cache hit] cnn_tl_b1_7c

[7c × tl × B2] Image branch
  [cache hit] cnn_tl_b2_7c

[7c × tl × B3] Image branch
  [cache hit] cnn_tl_b3_7c

[7c × raw_136/mediapipe × B1] Landmark branch
  [cache hit] fcnn_raw_136_mp_b1_7c

[7c × raw_136/mediapipe × B2] Landmark branch
  [cache hit] fcnn_raw_136_mp_b2_7c

[7c × raw_136/mediapipe × B3] Landmark branch
  [cache hit] fcnn_raw_136_mp_b3_7c

  [7c × scratch × raw_136/mediapipe × B1] Computing late fusion weight sweep...
  best_w_image=0.80  val_mf1=0.6898  TEST mf1=0.6976  wf1=0.7939  acc=0.7990

  [7c × scratch × raw_136/mediapipe × B2] Computing late fusion weight sweep...
  best_w_image=0.60  val_mf1=0.6977  TEST mf1=0.6968  wf1=0.7865  acc=0.7892

  [7c × scratch × raw_136/mediapipe × B3] Computing late fusion weight sweep...
  best_w_image=0.65  val_mf1=0.7358  TEST mf1=0.7217  wf1=0.8107  acc=0.8072

  [7c × tl × raw_136/mediapipe × B1] Computing late fusion weight sweep...
  best_w_image=0.60  val_mf1=0.7462  TEST mf1=0.7460  wf1=0.8303  acc=0.8314

  [7c × tl × raw_136/mediapipe × B2] Computing late fusion weight sweep...
  best_w_image=0.50  val_mf1=0.7370  TEST mf1=0.7302  wf1=0.8142  acc=0.8171

  [7c × tl × raw_136/mediapipe × B3] Computing late fusion weight sweep...
  best_w_image=0.55  val_mf1=0.7521  TEST mf1=0.7520  wf1=0.8269  acc=0.8273

[7c × facs_28/mediapipe × B1] Landmark branch
  [cache hit] fcnn_facs_28_mp_b1_7c

[7c × facs_28/mediapipe × B2] Landmark branch
  [cache hit] fcnn_facs_28_mp_b2_7c

[7c × facs_28/mediapipe × B3] Landmark branch
  [cache hit] fcnn_facs_28_mp_b3_7c

  [7c × scratch × facs_28/mediapipe × B1] Computing late fusion weight sweep...
  best_w_image=0.90  val_mf1=0.6881  TEST mf1=0.6953  wf1=0.7913  acc=0.7963

  [7c × scratch × facs_28/mediapipe × B2] Computing late fusion weight sweep...
  best_w_image=0.50  val_mf1=0.6920  TEST mf1=0.6918  wf1=0.7810  acc=0.7834

  [7c × scratch × facs_28/mediapipe × B3] Computing late fusion weight sweep...
  best_w_image=1.00  val_mf1=0.7349  TEST mf1=0.7221  wf1=0.8081  acc=0.8042

  [7c × tl × facs_28/mediapipe × B1] Computing late fusion weight sweep...
  best_w_image=1.00  val_mf1=0.7426  TEST mf1=0.7399  wf1=0.8261  acc=0.8266

  [7c × tl × facs_28/mediapipe × B2] Computing late fusion weight sweep...
  best_w_image=0.70  val_mf1=0.7358  TEST mf1=0.7336  wf1=0.8154  acc=0.8178

  [7c × tl × facs_28/mediapipe × B3] Computing late fusion weight sweep...
  best_w_image=0.60  val_mf1=0.7533  TEST mf1=0.7478  wf1=0.8259  acc=0.8263

[7c × blendshape_52/mediapipe × B1] Landmark branch
  [cache hit] fcnn_blendshape_52_mp_b1_7c

[7c × blendshape_52/mediapipe × B2] Landmark branch
  [cache hit] fcnn_blendshape_52_mp_b2_7c

[7c × blendshape_52/mediapipe × B3] Landmark branch
  [cache hit] fcnn_blendshape_52_mp_b3_7c

  [7c × scratch × blendshape_52/mediapipe × B1] Computing late fusion weight sweep...
  best_w_image=0.80  val_mf1=0.6892  TEST mf1=0.6982  wf1=0.7944  acc=0.7997

  [7c × scratch × blendshape_52/mediapipe × B2] Computing late fusion weight sweep...
  best_w_image=0.90  val_mf1=0.6930  TEST mf1=0.6935  wf1=0.7825  acc=0.7844

  [7c × scratch × blendshape_52/mediapipe × B3] Computing late fusion weight sweep...
  best_w_image=0.75  val_mf1=0.7356  TEST mf1=0.7274  wf1=0.8124  acc=0.8089

  [7c × tl × blendshape_52/mediapipe × B1] Computing late fusion weight sweep...
  best_w_image=0.95  val_mf1=0.7427  TEST mf1=0.7415  wf1=0.8270  acc=0.8277

  [7c × tl × blendshape_52/mediapipe × B2] Computing late fusion weight sweep...
  best_w_image=0.50  val_mf1=0.7444  TEST mf1=0.7376  wf1=0.8153  acc=0.8174

  [7c × tl × blendshape_52/mediapipe × B3] Computing late fusion weight sweep...
  best_w_image=0.55  val_mf1=0.7597  TEST mf1=0.7429  wf1=0.8257  acc=0.8260

[7c × facs_plus_bs_80/mediapipe × B1] Landmark branch
  [cache hit] fcnn_facs_plus_bs_80_mp_b1_7c

[7c × facs_plus_bs_80/mediapipe × B2] Landmark branch
  [cache hit] fcnn_facs_plus_bs_80_mp_b2_7c

[7c × facs_plus_bs_80/mediapipe × B3] Landmark branch
  [cache hit] fcnn_facs_plus_bs_80_mp_b3_7c

  [7c × scratch × facs_plus_bs_80/mediapipe × B1] Computing late fusion weight sweep...
  best_w_image=0.45  val_mf1=0.6905  TEST mf1=0.6955  wf1=0.7938  acc=0.8007

  [7c × scratch × facs_plus_bs_80/mediapipe × B2] Computing late fusion weight sweep...
  best_w_image=0.55  val_mf1=0.6970  TEST mf1=0.6964  wf1=0.7876  acc=0.7895

  [7c × scratch × facs_plus_bs_80/mediapipe × B3] Computing late fusion weight sweep...
  best_w_image=1.00  val_mf1=0.7349  TEST mf1=0.7221  wf1=0.8081  acc=0.8042

  [7c × tl × facs_plus_bs_80/mediapipe × B1] Computing late fusion weight sweep...
  best_w_image=0.45  val_mf1=0.7456  TEST mf1=0.7344  wf1=0.8212  acc=0.8239

  [7c × tl × facs_plus_bs_80/mediapipe × B2] Computing late fusion weight sweep...
  best_w_image=0.55  val_mf1=0.7402  TEST mf1=0.7353  wf1=0.8167  acc=0.8188

  [7c × tl × facs_plus_bs_80/mediapipe × B3] Computing late fusion weight sweep...
  best_w_image=0.65  val_mf1=0.7515  TEST mf1=0.7479  wf1=0.8263  acc=0.8266
Saved: /mnt/extended-home/fitra_dosen/2025_iris_fer_taufik/MultimodalEmoLearn/models/benchmark/rafdb_7class/3class/Unified/fusion_late_scratch/results.json
Saved: /mnt/extended-home/fitra_dosen/2025_iris_fer_taufik/MultimodalEmoLearn/models/benchmark/rafdb_7class/3class/Unified/fusion_late_tl/results.json
Saved: /mnt/extended-home/fitra_dosen/2025_iris_fer_taufik/MultimodalEmoLearn/models/benchmark/rafdb_7class/3class/Unified/fusion_late_scratch_facs_28/results.json
Saved: /mnt/extended-home/fitra_dosen/2025_iris_fer_taufik/MultimodalEmoLearn/models/benchmark/rafdb_7class/3class/Unified/fusion_late_tl_facs_28/results.json
Saved: /mnt/extended-home/fitra_dosen/2025_iris_fer_taufik/MultimodalEmoLearn/models/benchmark/rafdb_7class/3class/Unified/fusion_late_scratch_blendshape_52/results.json
Saved: /mnt/extended-home/fitra_dosen/2025_iris_fer_taufik/MultimodalEmoLearn/models/benchmark/rafdb_7class/3class/Unified/fusion_late_tl_blendshape_52/results.json
Saved: /mnt/extended-home/fitra_dosen/2025_iris_fer_taufik/MultimodalEmoLearn/models/benchmark/rafdb_7class/3class/Unified/fusion_late_scratch_facs_plus_bs_80/results.json
Saved: /mnt/extended-home/fitra_dosen/2025_iris_fer_taufik/MultimodalEmoLearn/models/benchmark/rafdb_7class/3class/Unified/fusion_late_tl_facs_plus_bs_80/results.json
Saved: /mnt/extended-home/fitra_dosen/2025_iris_fer_taufik/MultimodalEmoLearn/models/benchmark/rafdb_7class/7class/Unified/fusion_late_scratch/results.json
Saved: /mnt/extended-home/fitra_dosen/2025_iris_fer_taufik/MultimodalEmoLearn/models/benchmark/rafdb_7class/7class/Unified/fusion_late_tl/results.json
Saved: /mnt/extended-home/fitra_dosen/2025_iris_fer_taufik/MultimodalEmoLearn/models/benchmark/rafdb_7class/7class/Unified/fusion_late_scratch_facs_28/results.json
Saved: /mnt/extended-home/fitra_dosen/2025_iris_fer_taufik/MultimodalEmoLearn/models/benchmark/rafdb_7class/7class/Unified/fusion_late_tl_facs_28/results.json
Saved: /mnt/extended-home/fitra_dosen/2025_iris_fer_taufik/MultimodalEmoLearn/models/benchmark/rafdb_7class/7class/Unified/fusion_late_scratch_blendshape_52/results.json
Saved: /mnt/extended-home/fitra_dosen/2025_iris_fer_taufik/MultimodalEmoLearn/models/benchmark/rafdb_7class/7class/Unified/fusion_late_tl_blendshape_52/results.json
Saved: /mnt/extended-home/fitra_dosen/2025_iris_fer_taufik/MultimodalEmoLearn/models/benchmark/rafdb_7class/7class/Unified/fusion_late_scratch_facs_plus_bs_80/results.json
Saved: /mnt/extended-home/fitra_dosen/2025_iris_fer_taufik/MultimodalEmoLearn/models/benchmark/rafdb_7class/7class/Unified/fusion_late_tl_facs_plus_bs_80/results.json

====================================================================================================
SUMMARY: Late Fusion Unified Protocol macro_f1
====================================================================================================
  scheme  variant   feature             source            B1        B2        B3
  3c     scratch   raw_136             mediapipe     0.7893    0.7967    0.8340
  3c     tl        raw_136             mediapipe     0.8094    0.8190    0.8400
  3c     scratch   facs_28             mediapipe     0.7914    0.7956    0.8340
  3c     tl        facs_28             mediapipe     0.8063    0.8164    0.8417
  3c     scratch   blendshape_52       mediapipe     0.7967    0.7967    0.8297
  3c     tl        blendshape_52       mediapipe     0.8057    0.8191    0.8416
  3c     scratch   facs_plus_bs_80     mediapipe     0.7945    0.8020    0.8358
  3c     tl        facs_plus_bs_80     mediapipe     0.8084    0.8204    0.8388
  7c     scratch   raw_136             mediapipe     0.6976    0.6968    0.7217
  7c     tl        raw_136             mediapipe     0.7460    0.7302    0.7520
  7c     scratch   facs_28             mediapipe     0.6953    0.6918    0.7221
  7c     tl        facs_28             mediapipe     0.7399    0.7336    0.7478
  7c     scratch   blendshape_52       mediapipe     0.6982    0.6935    0.7274
  7c     tl        blendshape_52       mediapipe     0.7415    0.7376    0.7429
  7c     scratch   facs_plus_bs_80     mediapipe     0.6955    0.6964    0.7221
  7c     tl        facs_plus_bs_80     mediapipe     0.7344    0.7353    0.7479
[retry_run] ✅ Succeeded on attempt 1
[2026-05-19T09:11:23+07:00] --- LF ckplus_7class ---
[retry_run] Attempt 1/3: CUDA_VISIBLE_DEVICES=1 /mnt/extended-home/fitra_dosen/2025_iris_fer_taufik/miniconda3/envs/2025_iris_fer_taufik/bin/python -u scripts/compute_late_fusion_unified.py --data-dir data/benchmark/ckplus_7class --output-prefix models/benchmark/ckplus_7class --landmark-features raw_136 facs_28 blendshape_52 facs_plus_bs_80 --landmark-sources mediapipe --scenarios b1 b2 b3 --classes 3 7
Device: cuda
DATA_DIR: /mnt/extended-home/fitra_dosen/2025_iris_fer_taufik/MultimodalEmoLearn/data/benchmark/ckplus_7class
Output prefix: /mnt/extended-home/fitra_dosen/2025_iris_fer_taufik/MultimodalEmoLearn/models/benchmark/ckplus_7class
Cache dir: /mnt/extended-home/fitra_dosen/2025_iris_fer_taufik/MultimodalEmoLearn/models/benchmark/ckplus_7class/late_fusion_cache

[3c × scratch × B1] Image branch
  [cache hit] cnn_scratch_b1_3c

[3c × scratch × B2] Image branch
  [cache hit] cnn_scratch_b2_3c

[3c × scratch × B3] Image branch
  [cache hit] cnn_scratch_b3_3c

[3c × tl × B1] Image branch
  [cache hit] cnn_tl_b1_3c

[3c × tl × B2] Image branch
  [cache hit] cnn_tl_b2_3c

[3c × tl × B3] Image branch
  [cache hit] cnn_tl_b3_3c

[3c × raw_136/mediapipe × B1] Landmark branch
  Training landmark_fcnn × raw_136/mediapipe(dim=136) × 3c × B1 (aug=False)
    best ep 19  val_mf1=0.7371  (8s)

[3c × raw_136/mediapipe × B2] Landmark branch
  [cache hit] fcnn_raw_136_mp_b2_3c

[3c × raw_136/mediapipe × B3] Landmark branch
  [cache hit] fcnn_raw_136_mp_b3_3c

  [3c × scratch × raw_136/mediapipe × B1] Computing late fusion weight sweep...
  best_w_image=0.50  val_mf1=0.9016  TEST mf1=0.7778  wf1=0.7966  acc=0.7966

  [3c × scratch × raw_136/mediapipe × B2] Computing late fusion weight sweep...
  best_w_image=0.35  val_mf1=0.8429  TEST mf1=0.5934  wf1=0.5927  acc=0.5932

  [3c × scratch × raw_136/mediapipe × B3] Computing late fusion weight sweep...
  best_w_image=0.75  val_mf1=0.8888  TEST mf1=0.7473  wf1=0.7545  acc=0.7627

  [3c × tl × raw_136/mediapipe × B1] Computing late fusion weight sweep...
  best_w_image=0.80  val_mf1=0.9626  TEST mf1=0.7679  wf1=0.7694  acc=0.7627

  [3c × tl × raw_136/mediapipe × B2] Computing late fusion weight sweep...
  best_w_image=1.00  val_mf1=0.9672  TEST mf1=0.9754  wf1=0.9832  acc=0.9831

  [3c × tl × raw_136/mediapipe × B3] Computing late fusion weight sweep...
  best_w_image=0.25  val_mf1=0.9700  TEST mf1=0.8498  wf1=0.8657  acc=0.8644

[3c × facs_28/mediapipe × B1] Landmark branch
  [cache hit] fcnn_facs_28_mp_b1_3c

[3c × facs_28/mediapipe × B2] Landmark branch
  [cache hit] fcnn_facs_28_mp_b2_3c

[3c × facs_28/mediapipe × B3] Landmark branch
  [cache hit] fcnn_facs_28_mp_b3_3c

  [3c × scratch × facs_28/mediapipe × B1] Computing late fusion weight sweep...
  best_w_image=0.50  val_mf1=0.9533  TEST mf1=0.8605  wf1=0.8641  acc=0.8644

  [3c × scratch × facs_28/mediapipe × B2] Computing late fusion weight sweep...
  best_w_image=0.00  val_mf1=0.9141  TEST mf1=0.8188  wf1=0.8004  acc=0.7966

  [3c × scratch × facs_28/mediapipe × B3] Computing late fusion weight sweep...
  best_w_image=0.40  val_mf1=0.9412  TEST mf1=0.8320  wf1=0.8168  acc=0.8136

  [3c × tl × facs_28/mediapipe × B1] Computing late fusion weight sweep...
  best_w_image=0.80  val_mf1=0.9795  TEST mf1=0.8432  wf1=0.8512  acc=0.8475

  [3c × tl × facs_28/mediapipe × B2] Computing late fusion weight sweep...
  best_w_image=0.40  val_mf1=0.9685  TEST mf1=0.9299  wf1=0.9322  acc=0.9322

  [3c × tl × facs_28/mediapipe × B3] Computing late fusion weight sweep...
  best_w_image=0.40  val_mf1=0.9846  TEST mf1=0.9129  wf1=0.9002  acc=0.8983

[3c × blendshape_52/mediapipe × B1] Landmark branch
  [cache hit] fcnn_blendshape_52_mp_b1_3c

[3c × blendshape_52/mediapipe × B2] Landmark branch
  [cache hit] fcnn_blendshape_52_mp_b2_3c

[3c × blendshape_52/mediapipe × B3] Landmark branch
  [cache hit] fcnn_blendshape_52_mp_b3_3c

  [3c × scratch × blendshape_52/mediapipe × B1] Computing late fusion weight sweep...
  best_w_image=0.40  val_mf1=0.9672  TEST mf1=0.8912  wf1=0.8986  acc=0.8983

  [3c × scratch × blendshape_52/mediapipe × B2] Computing late fusion weight sweep...
  best_w_image=0.00  val_mf1=0.9518  TEST mf1=0.8337  wf1=0.8320  acc=0.8305

  [3c × scratch × blendshape_52/mediapipe × B3] Computing late fusion weight sweep...
  best_w_image=0.00  val_mf1=0.9518  TEST mf1=0.8337  wf1=0.8320  acc=0.8305

  [3c × tl × blendshape_52/mediapipe × B1] Computing late fusion weight sweep...
  best_w_image=0.80  val_mf1=0.9795  TEST mf1=0.8166  wf1=0.8185  acc=0.8136

  [3c × tl × blendshape_52/mediapipe × B2] Computing late fusion weight sweep...
  best_w_image=0.50  val_mf1=0.9839  TEST mf1=0.9365  wf1=0.9497  acc=0.9492

  [3c × tl × blendshape_52/mediapipe × B3] Computing late fusion weight sweep...
  best_w_image=0.50  val_mf1=1.0000  TEST mf1=0.8663  wf1=0.8675  acc=0.8644

[3c × facs_plus_bs_80/mediapipe × B1] Landmark branch
  [cache hit] fcnn_facs_plus_bs_80_mp_b1_3c

[3c × facs_plus_bs_80/mediapipe × B2] Landmark branch
  [cache hit] fcnn_facs_plus_bs_80_mp_b2_3c

[3c × facs_plus_bs_80/mediapipe × B3] Landmark branch
  [cache hit] fcnn_facs_plus_bs_80_mp_b3_3c

  [3c × scratch × facs_plus_bs_80/mediapipe × B1] Computing late fusion weight sweep...
  best_w_image=0.00  val_mf1=0.9449  TEST mf1=0.8921  wf1=0.9115  acc=0.9153

  [3c × scratch × facs_plus_bs_80/mediapipe × B2] Computing late fusion weight sweep...
  best_w_image=0.00  val_mf1=0.9593  TEST mf1=0.8637  wf1=0.8661  acc=0.8644

  [3c × scratch × facs_plus_bs_80/mediapipe × B3] Computing late fusion weight sweep...
  best_w_image=0.50  val_mf1=0.9795  TEST mf1=0.8702  wf1=0.8805  acc=0.8814

  [3c × tl × facs_plus_bs_80/mediapipe × B1] Computing late fusion weight sweep...
  best_w_image=0.25  val_mf1=0.9626  TEST mf1=0.9174  wf1=0.9296  acc=0.9322

  [3c × tl × facs_plus_bs_80/mediapipe × B2] Computing late fusion weight sweep...
  best_w_image=1.00  val_mf1=0.9672  TEST mf1=0.9754  wf1=0.9832  acc=0.9831

  [3c × tl × facs_plus_bs_80/mediapipe × B3] Computing late fusion weight sweep...
  best_w_image=0.65  val_mf1=0.9685  TEST mf1=0.9280  wf1=0.9170  acc=0.9153

[7c × scratch × B1] Image branch
  [cache hit] cnn_scratch_b1_7c

[7c × scratch × B2] Image branch
  [cache hit] cnn_scratch_b2_7c

[7c × scratch × B3] Image branch
  [cache hit] cnn_scratch_b3_7c

[7c × tl × B1] Image branch
  [cache hit] cnn_tl_b1_7c

[7c × tl × B2] Image branch
  [cache hit] cnn_tl_b2_7c

[7c × tl × B3] Image branch
  [cache hit] cnn_tl_b3_7c

[7c × raw_136/mediapipe × B1] Landmark branch
  Training landmark_fcnn × raw_136/mediapipe(dim=136) × 7c × B1 (aug=False)
    best ep 28  val_mf1=0.3630  (5s)

[7c × raw_136/mediapipe × B2] Landmark branch
  [cache hit] fcnn_raw_136_mp_b2_7c

[7c × raw_136/mediapipe × B3] Landmark branch
  [cache hit] fcnn_raw_136_mp_b3_7c

  [7c × scratch × raw_136/mediapipe × B1] Computing late fusion weight sweep...
  best_w_image=0.55  val_mf1=0.5961  TEST mf1=0.4418  wf1=0.6533  acc=0.7288

  [7c × scratch × raw_136/mediapipe × B2] Computing late fusion weight sweep...
  best_w_image=0.50  val_mf1=0.4631  TEST mf1=0.4861  wf1=0.5801  acc=0.5424

  [7c × scratch × raw_136/mediapipe × B3] Computing late fusion weight sweep...
  best_w_image=0.90  val_mf1=0.7537  TEST mf1=0.4254  wf1=0.3182  acc=0.3898

  [7c × tl × raw_136/mediapipe × B1] Computing late fusion weight sweep...
  best_w_image=0.80  val_mf1=0.8672  TEST mf1=0.7325  wf1=0.8509  acc=0.8475

  [7c × tl × raw_136/mediapipe × B2] Computing late fusion weight sweep...
  best_w_image=0.70  val_mf1=0.7981  TEST mf1=0.7020  wf1=0.8160  acc=0.8136

  [7c × tl × raw_136/mediapipe × B3] Computing late fusion weight sweep...
  best_w_image=0.60  val_mf1=0.9850  TEST mf1=0.7994  wf1=0.8369  acc=0.8305

[7c × facs_28/mediapipe × B1] Landmark branch
  [cache hit] fcnn_facs_28_mp_b1_7c

[7c × facs_28/mediapipe × B2] Landmark branch
  [cache hit] fcnn_facs_28_mp_b2_7c

[7c × facs_28/mediapipe × B3] Landmark branch
  [cache hit] fcnn_facs_28_mp_b3_7c

  [7c × scratch × facs_28/mediapipe × B1] Computing late fusion weight sweep...
  best_w_image=0.55  val_mf1=0.9143  TEST mf1=0.6394  wf1=0.7999  acc=0.8305

  [7c × scratch × facs_28/mediapipe × B2] Computing late fusion weight sweep...
  best_w_image=0.30  val_mf1=0.8955  TEST mf1=0.6886  wf1=0.7258  acc=0.6949

  [7c × scratch × facs_28/mediapipe × B3] Computing late fusion weight sweep...
  best_w_image=0.40  val_mf1=0.9285  TEST mf1=0.6797  wf1=0.6811  acc=0.6610

  [7c × tl × facs_28/mediapipe × B1] Computing late fusion weight sweep...
  best_w_image=0.45  val_mf1=0.9415  TEST mf1=0.6937  wf1=0.8471  acc=0.8644

  [7c × tl × facs_28/mediapipe × B2] Computing late fusion weight sweep...
  best_w_image=0.30  val_mf1=0.9285  TEST mf1=0.7365  wf1=0.7725  acc=0.7458

  [7c × tl × facs_28/mediapipe × B3] Computing late fusion weight sweep...
  best_w_image=0.50  val_mf1=1.0000  TEST mf1=0.8331  wf1=0.8806  acc=0.8814

[7c × blendshape_52/mediapipe × B1] Landmark branch
  [cache hit] fcnn_blendshape_52_mp_b1_7c

[7c × blendshape_52/mediapipe × B2] Landmark branch
  [cache hit] fcnn_blendshape_52_mp_b2_7c

[7c × blendshape_52/mediapipe × B3] Landmark branch
  [cache hit] fcnn_blendshape_52_mp_b3_7c

  [7c × scratch × blendshape_52/mediapipe × B1] Computing late fusion weight sweep...
  best_w_image=0.50  val_mf1=0.9358  TEST mf1=0.6620  wf1=0.8321  acc=0.8475

  [7c × scratch × blendshape_52/mediapipe × B2] Computing late fusion weight sweep...
  best_w_image=0.35  val_mf1=0.8492  TEST mf1=0.6358  wf1=0.7288  acc=0.6949

  [7c × scratch × blendshape_52/mediapipe × B3] Computing late fusion weight sweep...
  best_w_image=0.50  val_mf1=0.9179  TEST mf1=0.6025  wf1=0.6113  acc=0.5932

  [7c × tl × blendshape_52/mediapipe × B1] Computing late fusion weight sweep...
  best_w_image=0.45  val_mf1=0.9414  TEST mf1=0.7117  wf1=0.8679  acc=0.8814

  [7c × tl × blendshape_52/mediapipe × B2] Computing late fusion weight sweep...
  best_w_image=0.55  val_mf1=0.9334  TEST mf1=0.7198  wf1=0.7847  acc=0.7627

  [7c × tl × blendshape_52/mediapipe × B3] Computing late fusion weight sweep...
  best_w_image=0.75  val_mf1=0.9850  TEST mf1=0.8012  wf1=0.8667  acc=0.8644

[7c × facs_plus_bs_80/mediapipe × B1] Landmark branch
  [cache hit] fcnn_facs_plus_bs_80_mp_b1_7c

[7c × facs_plus_bs_80/mediapipe × B2] Landmark branch
  [cache hit] fcnn_facs_plus_bs_80_mp_b2_7c

[7c × facs_plus_bs_80/mediapipe × B3] Landmark branch
  [cache hit] fcnn_facs_plus_bs_80_mp_b3_7c

  [7c × scratch × facs_plus_bs_80/mediapipe × B1] Computing late fusion weight sweep...
  best_w_image=0.00  val_mf1=0.8766  TEST mf1=0.7323  wf1=0.8730  acc=0.8814

  [7c × scratch × facs_plus_bs_80/mediapipe × B2] Computing late fusion weight sweep...
  best_w_image=0.30  val_mf1=0.8668  TEST mf1=0.5745  wf1=0.7158  acc=0.7119

  [7c × scratch × facs_plus_bs_80/mediapipe × B3] Computing late fusion weight sweep...
  best_w_image=0.45  val_mf1=0.9637  TEST mf1=0.6746  wf1=0.7074  acc=0.6949

  [7c × tl × facs_plus_bs_80/mediapipe × B1] Computing late fusion weight sweep...
  best_w_image=0.80  val_mf1=0.9120  TEST mf1=0.8008  wf1=0.9039  acc=0.8983

  [7c × tl × facs_plus_bs_80/mediapipe × B2] Computing late fusion weight sweep...
  best_w_image=0.50  val_mf1=0.9247  TEST mf1=0.6508  wf1=0.7980  acc=0.7966

  [7c × tl × facs_plus_bs_80/mediapipe × B3] Computing late fusion weight sweep...
  best_w_image=0.40  val_mf1=1.0000  TEST mf1=0.7297  wf1=0.8362  acc=0.8305
Saved: /mnt/extended-home/fitra_dosen/2025_iris_fer_taufik/MultimodalEmoLearn/models/benchmark/ckplus_7class/3class/Unified/fusion_late_scratch/results.json
Saved: /mnt/extended-home/fitra_dosen/2025_iris_fer_taufik/MultimodalEmoLearn/models/benchmark/ckplus_7class/3class/Unified/fusion_late_tl/results.json
Saved: /mnt/extended-home/fitra_dosen/2025_iris_fer_taufik/MultimodalEmoLearn/models/benchmark/ckplus_7class/3class/Unified/fusion_late_scratch_facs_28/results.json
Saved: /mnt/extended-home/fitra_dosen/2025_iris_fer_taufik/MultimodalEmoLearn/models/benchmark/ckplus_7class/3class/Unified/fusion_late_tl_facs_28/results.json
Saved: /mnt/extended-home/fitra_dosen/2025_iris_fer_taufik/MultimodalEmoLearn/models/benchmark/ckplus_7class/3class/Unified/fusion_late_scratch_blendshape_52/results.json
Saved: /mnt/extended-home/fitra_dosen/2025_iris_fer_taufik/MultimodalEmoLearn/models/benchmark/ckplus_7class/3class/Unified/fusion_late_tl_blendshape_52/results.json
Saved: /mnt/extended-home/fitra_dosen/2025_iris_fer_taufik/MultimodalEmoLearn/models/benchmark/ckplus_7class/3class/Unified/fusion_late_scratch_facs_plus_bs_80/results.json
Saved: /mnt/extended-home/fitra_dosen/2025_iris_fer_taufik/MultimodalEmoLearn/models/benchmark/ckplus_7class/3class/Unified/fusion_late_tl_facs_plus_bs_80/results.json
Saved: /mnt/extended-home/fitra_dosen/2025_iris_fer_taufik/MultimodalEmoLearn/models/benchmark/ckplus_7class/7class/Unified/fusion_late_scratch/results.json
Saved: /mnt/extended-home/fitra_dosen/2025_iris_fer_taufik/MultimodalEmoLearn/models/benchmark/ckplus_7class/7class/Unified/fusion_late_tl/results.json
Saved: /mnt/extended-home/fitra_dosen/2025_iris_fer_taufik/MultimodalEmoLearn/models/benchmark/ckplus_7class/7class/Unified/fusion_late_scratch_facs_28/results.json
Saved: /mnt/extended-home/fitra_dosen/2025_iris_fer_taufik/MultimodalEmoLearn/models/benchmark/ckplus_7class/7class/Unified/fusion_late_tl_facs_28/results.json
Saved: /mnt/extended-home/fitra_dosen/2025_iris_fer_taufik/MultimodalEmoLearn/models/benchmark/ckplus_7class/7class/Unified/fusion_late_scratch_blendshape_52/results.json
Saved: /mnt/extended-home/fitra_dosen/2025_iris_fer_taufik/MultimodalEmoLearn/models/benchmark/ckplus_7class/7class/Unified/fusion_late_tl_blendshape_52/results.json
Saved: /mnt/extended-home/fitra_dosen/2025_iris_fer_taufik/MultimodalEmoLearn/models/benchmark/ckplus_7class/7class/Unified/fusion_late_scratch_facs_plus_bs_80/results.json
Saved: /mnt/extended-home/fitra_dosen/2025_iris_fer_taufik/MultimodalEmoLearn/models/benchmark/ckplus_7class/7class/Unified/fusion_late_tl_facs_plus_bs_80/results.json

====================================================================================================
SUMMARY: Late Fusion Unified Protocol macro_f1
====================================================================================================
  scheme  variant   feature             source            B1        B2        B3
  3c     scratch   raw_136             mediapipe     0.7778    0.5934    0.7473
  3c     tl        raw_136             mediapipe     0.7679    0.9754    0.8498
  3c     scratch   facs_28             mediapipe     0.8605    0.8188    0.8320
  3c     tl        facs_28             mediapipe     0.8432    0.9299    0.9129
  3c     scratch   blendshape_52       mediapipe     0.8912    0.8337    0.8337
  3c     tl        blendshape_52       mediapipe     0.8166    0.9365    0.8663
  3c     scratch   facs_plus_bs_80     mediapipe     0.8921    0.8637    0.8702
  3c     tl        facs_plus_bs_80     mediapipe     0.9174    0.9754    0.9280
  7c     scratch   raw_136             mediapipe     0.4418    0.4861    0.4254
  7c     tl        raw_136             mediapipe     0.7325    0.7020    0.7994
  7c     scratch   facs_28             mediapipe     0.6394    0.6886    0.6797
  7c     tl        facs_28             mediapipe     0.6937    0.7365    0.8331
  7c     scratch   blendshape_52       mediapipe     0.6620    0.6358    0.6025
  7c     tl        blendshape_52       mediapipe     0.7117    0.7198    0.8012
  7c     scratch   facs_plus_bs_80     mediapipe     0.7323    0.5745    0.6746
  7c     tl        facs_plus_bs_80     mediapipe     0.8008    0.6508    0.7297
[retry_run] ✅ Succeeded on attempt 1
[2026-05-19T09:11:51+07:00] --- LF jaffe_7class ---
[retry_run] Attempt 1/3: CUDA_VISIBLE_DEVICES=1 /mnt/extended-home/fitra_dosen/2025_iris_fer_taufik/miniconda3/envs/2025_iris_fer_taufik/bin/python -u scripts/compute_late_fusion_unified.py --data-dir data/benchmark/jaffe_7class --output-prefix models/benchmark/jaffe_7class --landmark-features raw_136 facs_28 blendshape_52 facs_plus_bs_80 --landmark-sources mediapipe --scenarios b1 b2 b3 --classes 3 7
Device: cuda
DATA_DIR: /mnt/extended-home/fitra_dosen/2025_iris_fer_taufik/MultimodalEmoLearn/data/benchmark/jaffe_7class
Output prefix: /mnt/extended-home/fitra_dosen/2025_iris_fer_taufik/MultimodalEmoLearn/models/benchmark/jaffe_7class
Cache dir: /mnt/extended-home/fitra_dosen/2025_iris_fer_taufik/MultimodalEmoLearn/models/benchmark/jaffe_7class/late_fusion_cache

[3c × scratch × B1] Image branch
  [cache hit] cnn_scratch_b1_3c

[3c × scratch × B2] Image branch
  [cache hit] cnn_scratch_b2_3c

[3c × scratch × B3] Image branch
  [cache hit] cnn_scratch_b3_3c

[3c × tl × B1] Image branch
  [cache hit] cnn_tl_b1_3c

[3c × tl × B2] Image branch
  [cache hit] cnn_tl_b2_3c

[3c × tl × B3] Image branch
  [cache hit] cnn_tl_b3_3c

[3c × raw_136/mediapipe × B1] Landmark branch
  Training landmark_fcnn × raw_136/mediapipe(dim=136) × 3c × B1 (aug=False)
    best ep 20  val_mf1=0.6940  (2s)

[3c × raw_136/mediapipe × B2] Landmark branch
  [cache hit] fcnn_raw_136_mp_b2_3c

[3c × raw_136/mediapipe × B3] Landmark branch
  [cache hit] fcnn_raw_136_mp_b3_3c

  [3c × scratch × raw_136/mediapipe × B1] Computing late fusion weight sweep...
  best_w_image=0.85  val_mf1=0.9599  TEST mf1=0.3598  wf1=0.4557  acc=0.5000

  [3c × scratch × raw_136/mediapipe × B2] Computing late fusion weight sweep...
  best_w_image=0.30  val_mf1=0.9564  TEST mf1=0.5317  wf1=0.7011  acc=0.7500

  [3c × scratch × raw_136/mediapipe × B3] Computing late fusion weight sweep...
  best_w_image=0.00  val_mf1=0.8857  TEST mf1=0.6269  wf1=0.6839  acc=0.6750

  [3c × tl × raw_136/mediapipe × B1] Computing late fusion weight sweep...
  best_w_image=0.85  val_mf1=0.9221  TEST mf1=0.4052  wf1=0.3604  acc=0.4000

  [3c × tl × raw_136/mediapipe × B2] Computing late fusion weight sweep...
  best_w_image=0.50  val_mf1=0.9200  TEST mf1=0.7303  wf1=0.8058  acc=0.8000

  [3c × tl × raw_136/mediapipe × B3] Computing late fusion weight sweep...
  best_w_image=0.45  val_mf1=1.0000  TEST mf1=0.5835  wf1=0.6077  acc=0.5750

[3c × facs_28/mediapipe × B1] Landmark branch
  [cache hit] fcnn_facs_28_mp_b1_3c

[3c × facs_28/mediapipe × B2] Landmark branch
  [cache hit] fcnn_facs_28_mp_b2_3c

[3c × facs_28/mediapipe × B3] Landmark branch
  [cache hit] fcnn_facs_28_mp_b3_3c

  [3c × scratch × facs_28/mediapipe × B1] Computing late fusion weight sweep...
  best_w_image=0.00  val_mf1=1.0000  TEST mf1=0.2917  wf1=0.4571  acc=0.5750

  [3c × scratch × facs_28/mediapipe × B2] Computing late fusion weight sweep...
  best_w_image=0.00  val_mf1=1.0000  TEST mf1=0.2917  wf1=0.4571  acc=0.5750

  [3c × scratch × facs_28/mediapipe × B3] Computing late fusion weight sweep...
  best_w_image=0.00  val_mf1=1.0000  TEST mf1=0.2917  wf1=0.4571  acc=0.5750

  [3c × tl × facs_28/mediapipe × B1] Computing late fusion weight sweep...
  best_w_image=0.00  val_mf1=1.0000  TEST mf1=0.2917  wf1=0.4571  acc=0.5750

  [3c × tl × facs_28/mediapipe × B2] Computing late fusion weight sweep...
  best_w_image=0.00  val_mf1=1.0000  TEST mf1=0.2917  wf1=0.4571  acc=0.5750

  [3c × tl × facs_28/mediapipe × B3] Computing late fusion weight sweep...
  best_w_image=0.00  val_mf1=1.0000  TEST mf1=0.2917  wf1=0.4571  acc=0.5750

[3c × blendshape_52/mediapipe × B1] Landmark branch
  [cache hit] fcnn_blendshape_52_mp_b1_3c

[3c × blendshape_52/mediapipe × B2] Landmark branch
  [cache hit] fcnn_blendshape_52_mp_b2_3c

[3c × blendshape_52/mediapipe × B3] Landmark branch
  [cache hit] fcnn_blendshape_52_mp_b3_3c

  [3c × scratch × blendshape_52/mediapipe × B1] Computing late fusion weight sweep...
  best_w_image=0.80  val_mf1=1.0000  TEST mf1=0.4464  wf1=0.5826  acc=0.6250

  [3c × scratch × blendshape_52/mediapipe × B2] Computing late fusion weight sweep...
  best_w_image=0.50  val_mf1=0.9564  TEST mf1=0.6848  wf1=0.7905  acc=0.7750

  [3c × scratch × blendshape_52/mediapipe × B3] Computing late fusion weight sweep...
  best_w_image=1.00  val_mf1=0.8429  TEST mf1=0.4026  wf1=0.3634  acc=0.4000

  [3c × tl × blendshape_52/mediapipe × B1] Computing late fusion weight sweep...
  best_w_image=0.70  val_mf1=0.9221  TEST mf1=0.6650  wf1=0.6971  acc=0.6750

  [3c × tl × blendshape_52/mediapipe × B2] Computing late fusion weight sweep...
  best_w_image=0.70  val_mf1=0.9200  TEST mf1=0.7522  wf1=0.7863  acc=0.7750

  [3c × tl × blendshape_52/mediapipe × B3] Computing late fusion weight sweep...
  best_w_image=0.60  val_mf1=1.0000  TEST mf1=0.6051  wf1=0.6877  acc=0.6500

[3c × facs_plus_bs_80/mediapipe × B1] Landmark branch
  [cache hit] fcnn_facs_plus_bs_80_mp_b1_3c

[3c × facs_plus_bs_80/mediapipe × B2] Landmark branch
  [cache hit] fcnn_facs_plus_bs_80_mp_b2_3c

[3c × facs_plus_bs_80/mediapipe × B3] Landmark branch
  [cache hit] fcnn_facs_plus_bs_80_mp_b3_3c

  [3c × scratch × facs_plus_bs_80/mediapipe × B1] Computing late fusion weight sweep...
  best_w_image=0.80  val_mf1=1.0000  TEST mf1=0.4424  wf1=0.5832  acc=0.6250

  [3c × scratch × facs_plus_bs_80/mediapipe × B2] Computing late fusion weight sweep...
  best_w_image=0.45  val_mf1=0.9564  TEST mf1=0.6482  wf1=0.7482  acc=0.7250

  [3c × scratch × facs_plus_bs_80/mediapipe × B3] Computing late fusion weight sweep...
  best_w_image=1.00  val_mf1=0.8429  TEST mf1=0.4026  wf1=0.3634  acc=0.4000

  [3c × tl × facs_plus_bs_80/mediapipe × B1] Computing late fusion weight sweep...
  best_w_image=0.70  val_mf1=0.9221  TEST mf1=0.7185  wf1=0.7758  acc=0.7500

  [3c × tl × facs_plus_bs_80/mediapipe × B2] Computing late fusion weight sweep...
  best_w_image=0.70  val_mf1=0.9200  TEST mf1=0.7107  wf1=0.7644  acc=0.7500

  [3c × tl × facs_plus_bs_80/mediapipe × B3] Computing late fusion weight sweep...
  best_w_image=0.55  val_mf1=1.0000  TEST mf1=0.5397  wf1=0.6010  acc=0.5500

[7c × scratch × B1] Image branch
  [cache hit] cnn_scratch_b1_7c

[7c × scratch × B2] Image branch
  [cache hit] cnn_scratch_b2_7c

[7c × scratch × B3] Image branch
  [cache hit] cnn_scratch_b3_7c

[7c × tl × B1] Image branch
  [cache hit] cnn_tl_b1_7c

[7c × tl × B2] Image branch
  [cache hit] cnn_tl_b2_7c

[7c × tl × B3] Image branch
  [cache hit] cnn_tl_b3_7c

[7c × raw_136/mediapipe × B1] Landmark branch
  Training landmark_fcnn × raw_136/mediapipe(dim=136) × 7c × B1 (aug=False)
    best ep 27  val_mf1=0.2486  (3s)

[7c × raw_136/mediapipe × B2] Landmark branch
  [cache hit] fcnn_raw_136_mp_b2_7c

[7c × raw_136/mediapipe × B3] Landmark branch
  [cache hit] fcnn_raw_136_mp_b3_7c

  [7c × scratch × raw_136/mediapipe × B1] Computing late fusion weight sweep...
  best_w_image=0.85  val_mf1=0.5556  TEST mf1=0.3694  wf1=0.3682  acc=0.4500

  [7c × scratch × raw_136/mediapipe × B2] Computing late fusion weight sweep...
  best_w_image=0.60  val_mf1=0.6173  TEST mf1=0.3267  wf1=0.3377  acc=0.3750

  [7c × scratch × raw_136/mediapipe × B3] Computing late fusion weight sweep...
  best_w_image=0.55  val_mf1=0.6812  TEST mf1=0.1944  wf1=0.1979  acc=0.2750

  [7c × tl × raw_136/mediapipe × B1] Computing late fusion weight sweep...
  best_w_image=0.90  val_mf1=0.6534  TEST mf1=0.3722  wf1=0.3647  acc=0.4000

  [7c × tl × raw_136/mediapipe × B2] Computing late fusion weight sweep...
  best_w_image=0.85  val_mf1=0.5810  TEST mf1=0.3656  wf1=0.3548  acc=0.4250

  [7c × tl × raw_136/mediapipe × B3] Computing late fusion weight sweep...
  best_w_image=0.70  val_mf1=0.7653  TEST mf1=0.2570  wf1=0.2627  acc=0.3500

[7c × facs_28/mediapipe × B1] Landmark branch
  [cache hit] fcnn_facs_28_mp_b1_7c

[7c × facs_28/mediapipe × B2] Landmark branch
  [cache hit] fcnn_facs_28_mp_b2_7c

[7c × facs_28/mediapipe × B3] Landmark branch
  [cache hit] fcnn_facs_28_mp_b3_7c

  [7c × scratch × facs_28/mediapipe × B1] Computing late fusion weight sweep...
  best_w_image=0.00  val_mf1=0.7973  TEST mf1=0.2440  wf1=0.2255  acc=0.2750

  [7c × scratch × facs_28/mediapipe × B2] Computing late fusion weight sweep...
  best_w_image=0.00  val_mf1=0.7891  TEST mf1=0.4116  wf1=0.3968  acc=0.4000

  [7c × scratch × facs_28/mediapipe × B3] Computing late fusion weight sweep...
  best_w_image=0.00  val_mf1=0.7891  TEST mf1=0.4116  wf1=0.3968  acc=0.4000

  [7c × tl × facs_28/mediapipe × B1] Computing late fusion weight sweep...
  best_w_image=0.00  val_mf1=0.7973  TEST mf1=0.2440  wf1=0.2255  acc=0.2750

  [7c × tl × facs_28/mediapipe × B2] Computing late fusion weight sweep...
  best_w_image=0.00  val_mf1=0.7891  TEST mf1=0.4116  wf1=0.3968  acc=0.4000

  [7c × tl × facs_28/mediapipe × B3] Computing late fusion weight sweep...
  best_w_image=0.00  val_mf1=0.7891  TEST mf1=0.4116  wf1=0.3968  acc=0.4000

[7c × blendshape_52/mediapipe × B1] Landmark branch
  [cache hit] fcnn_blendshape_52_mp_b1_7c

[7c × blendshape_52/mediapipe × B2] Landmark branch
  [cache hit] fcnn_blendshape_52_mp_b2_7c

[7c × blendshape_52/mediapipe × B3] Landmark branch
  [cache hit] fcnn_blendshape_52_mp_b3_7c

  [7c × scratch × blendshape_52/mediapipe × B1] Computing late fusion weight sweep...
  best_w_image=0.15  val_mf1=0.7016  TEST mf1=0.1899  wf1=0.1994  acc=0.2500

  [7c × scratch × blendshape_52/mediapipe × B2] Computing late fusion weight sweep...
  best_w_image=0.75  val_mf1=0.6806  TEST mf1=0.4033  wf1=0.4135  acc=0.4750

  [7c × scratch × blendshape_52/mediapipe × B3] Computing late fusion weight sweep...
  best_w_image=0.00  val_mf1=0.6673  TEST mf1=0.3110  wf1=0.3123  acc=0.3500

  [7c × tl × blendshape_52/mediapipe × B1] Computing late fusion weight sweep...
  best_w_image=0.35  val_mf1=0.7016  TEST mf1=0.3181  wf1=0.3269  acc=0.3500

  [7c × tl × blendshape_52/mediapipe × B2] Computing late fusion weight sweep...
  best_w_image=0.00  val_mf1=0.6673  TEST mf1=0.3110  wf1=0.3123  acc=0.3500

  [7c × tl × blendshape_52/mediapipe × B3] Computing late fusion weight sweep...
  best_w_image=0.95  val_mf1=0.7653  TEST mf1=0.2915  wf1=0.2989  acc=0.4000

[7c × facs_plus_bs_80/mediapipe × B1] Landmark branch
  [cache hit] fcnn_facs_plus_bs_80_mp_b1_7c

[7c × facs_plus_bs_80/mediapipe × B2] Landmark branch
  [cache hit] fcnn_facs_plus_bs_80_mp_b2_7c

[7c × facs_plus_bs_80/mediapipe × B3] Landmark branch
  [cache hit] fcnn_facs_plus_bs_80_mp_b3_7c

  [7c × scratch × facs_plus_bs_80/mediapipe × B1] Computing late fusion weight sweep...
  best_w_image=0.15  val_mf1=0.6398  TEST mf1=0.2356  wf1=0.2331  acc=0.2750

  [7c × scratch × facs_plus_bs_80/mediapipe × B2] Computing late fusion weight sweep...
  best_w_image=0.00  val_mf1=0.7605  TEST mf1=0.2912  wf1=0.2807  acc=0.3250

  [7c × scratch × facs_plus_bs_80/mediapipe × B3] Computing late fusion weight sweep...
  best_w_image=0.00  val_mf1=0.7605  TEST mf1=0.2912  wf1=0.2807  acc=0.3250

  [7c × tl × facs_plus_bs_80/mediapipe × B1] Computing late fusion weight sweep...
  best_w_image=0.65  val_mf1=0.6891  TEST mf1=0.4584  wf1=0.4605  acc=0.4750

  [7c × tl × facs_plus_bs_80/mediapipe × B2] Computing late fusion weight sweep...
  best_w_image=0.00  val_mf1=0.7605  TEST mf1=0.2912  wf1=0.2807  acc=0.3250

  [7c × tl × facs_plus_bs_80/mediapipe × B3] Computing late fusion weight sweep...
  best_w_image=0.95  val_mf1=0.7653  TEST mf1=0.3311  wf1=0.3322  acc=0.4000
Saved: /mnt/extended-home/fitra_dosen/2025_iris_fer_taufik/MultimodalEmoLearn/models/benchmark/jaffe_7class/3class/Unified/fusion_late_scratch/results.json
Saved: /mnt/extended-home/fitra_dosen/2025_iris_fer_taufik/MultimodalEmoLearn/models/benchmark/jaffe_7class/3class/Unified/fusion_late_tl/results.json
Saved: /mnt/extended-home/fitra_dosen/2025_iris_fer_taufik/MultimodalEmoLearn/models/benchmark/jaffe_7class/3class/Unified/fusion_late_scratch_facs_28/results.json
Saved: /mnt/extended-home/fitra_dosen/2025_iris_fer_taufik/MultimodalEmoLearn/models/benchmark/jaffe_7class/3class/Unified/fusion_late_tl_facs_28/results.json
Saved: /mnt/extended-home/fitra_dosen/2025_iris_fer_taufik/MultimodalEmoLearn/models/benchmark/jaffe_7class/3class/Unified/fusion_late_scratch_blendshape_52/results.json
Saved: /mnt/extended-home/fitra_dosen/2025_iris_fer_taufik/MultimodalEmoLearn/models/benchmark/jaffe_7class/3class/Unified/fusion_late_tl_blendshape_52/results.json
Saved: /mnt/extended-home/fitra_dosen/2025_iris_fer_taufik/MultimodalEmoLearn/models/benchmark/jaffe_7class/3class/Unified/fusion_late_scratch_facs_plus_bs_80/results.json
Saved: /mnt/extended-home/fitra_dosen/2025_iris_fer_taufik/MultimodalEmoLearn/models/benchmark/jaffe_7class/3class/Unified/fusion_late_tl_facs_plus_bs_80/results.json
Saved: /mnt/extended-home/fitra_dosen/2025_iris_fer_taufik/MultimodalEmoLearn/models/benchmark/jaffe_7class/7class/Unified/fusion_late_scratch/results.json
Saved: /mnt/extended-home/fitra_dosen/2025_iris_fer_taufik/MultimodalEmoLearn/models/benchmark/jaffe_7class/7class/Unified/fusion_late_tl/results.json
Saved: /mnt/extended-home/fitra_dosen/2025_iris_fer_taufik/MultimodalEmoLearn/models/benchmark/jaffe_7class/7class/Unified/fusion_late_scratch_facs_28/results.json
Saved: /mnt/extended-home/fitra_dosen/2025_iris_fer_taufik/MultimodalEmoLearn/models/benchmark/jaffe_7class/7class/Unified/fusion_late_tl_facs_28/results.json
Saved: /mnt/extended-home/fitra_dosen/2025_iris_fer_taufik/MultimodalEmoLearn/models/benchmark/jaffe_7class/7class/Unified/fusion_late_scratch_blendshape_52/results.json
Saved: /mnt/extended-home/fitra_dosen/2025_iris_fer_taufik/MultimodalEmoLearn/models/benchmark/jaffe_7class/7class/Unified/fusion_late_tl_blendshape_52/results.json
Saved: /mnt/extended-home/fitra_dosen/2025_iris_fer_taufik/MultimodalEmoLearn/models/benchmark/jaffe_7class/7class/Unified/fusion_late_scratch_facs_plus_bs_80/results.json
Saved: /mnt/extended-home/fitra_dosen/2025_iris_fer_taufik/MultimodalEmoLearn/models/benchmark/jaffe_7class/7class/Unified/fusion_late_tl_facs_plus_bs_80/results.json

====================================================================================================
SUMMARY: Late Fusion Unified Protocol macro_f1
====================================================================================================
  scheme  variant   feature             source            B1        B2        B3
  3c     scratch   raw_136             mediapipe     0.3598    0.5317    0.6269
  3c     tl        raw_136             mediapipe     0.4052    0.7303    0.5835
  3c     scratch   facs_28             mediapipe     0.2917    0.2917    0.2917
  3c     tl        facs_28             mediapipe     0.2917    0.2917    0.2917
  3c     scratch   blendshape_52       mediapipe     0.4464    0.6848    0.4026
  3c     tl        blendshape_52       mediapipe     0.6650    0.7522    0.6051
  3c     scratch   facs_plus_bs_80     mediapipe     0.4424    0.6482    0.4026
  3c     tl        facs_plus_bs_80     mediapipe     0.7185    0.7107    0.5397
  7c     scratch   raw_136             mediapipe     0.3694    0.3267    0.1944
  7c     tl        raw_136             mediapipe     0.3722    0.3656    0.2570
  7c     scratch   facs_28             mediapipe     0.2440    0.4116    0.4116
  7c     tl        facs_28             mediapipe     0.2440    0.4116    0.4116
  7c     scratch   blendshape_52       mediapipe     0.1899    0.4033    0.3110
  7c     tl        blendshape_52       mediapipe     0.3181    0.3110    0.2915
  7c     scratch   facs_plus_bs_80     mediapipe     0.2356    0.2912    0.2912
  7c     tl        facs_plus_bs_80     mediapipe     0.4584    0.2912    0.3311
[retry_run] ✅ Succeeded on attempt 1
[2026-05-19T09:12:11+07:00] === LF sekunder done; launching Intermediate fusion KDEF + RAF-DB ===
[2026-05-19T09:12:11+07:00] --- Intermediate kdef_7class ---
[retry_run] Attempt 1/3: CUDA_VISIBLE_DEVICES=1 /mnt/extended-home/fitra_dosen/2025_iris_fer_taufik/miniconda3/envs/2025_iris_fer_taufik/bin/python -u scripts/run_unified_fusion.py --data-dir data/benchmark/kdef_7class --output-prefix models/benchmark/kdef_7class --fusions intermediate --variants scratch tl --landmark-features raw_136 facs_28 blendshape_52 facs_plus_bs_80 --landmark-sources mediapipe --scenarios b1 b2 b3 --classes 3 7
Device: cuda
DATA_DIR: /mnt/extended-home/fitra_dosen/2025_iris_fer_taufik/MultimodalEmoLearn/data/benchmark/kdef_7class
Output: /mnt/extended-home/fitra_dosen/2025_iris_fer_taufik/MultimodalEmoLearn/models/benchmark/kdef_7class
Total runs: 48
Pre-loaded 12 existing runs (use --force-retrain to ignore)

[1/48] SKIP fusion_intermediate_scratch_b1_3c (existing, mf1=0.7817)

[2/48] SKIP fusion_intermediate_scratch_b2_3c (existing, mf1=0.7404)

[3/48] SKIP fusion_intermediate_scratch_b3_3c (existing, mf1=0.7793)

[4/48] SKIP fusion_intermediate_tl_b1_3c (existing, mf1=0.9405)

[5/48] SKIP fusion_intermediate_tl_b2_3c (existing, mf1=0.9558)

[6/48] SKIP fusion_intermediate_tl_b3_3c (existing, mf1=0.9363)

[7/48]

==== fusion_intermediate_scratch × 3c × B1 × lm=mediapipe/facs_28(dim=28) ====
  Train N=2353  augment=False  is_coord=False  lr=0.001
  class counts train: [674, 334, 1345]
  ep   1  loss=0.8998  val_mf1=0.5495
  ep   5  loss=0.4754  val_mf1=0.7034
  ep  10  loss=0.4274  val_mf1=0.8777
  ep  15  loss=0.3873  val_mf1=0.8240
  ep  20  loss=0.3588  val_mf1=0.7831
  ep  25  loss=0.3087  val_mf1=0.8662
  ep  30  loss=0.2697  val_mf1=0.8431
  best ep 17  val_mf1=0.8976  (616s)  TEST mf1=0.7874  wf1=0.8134  acc=0.8129

[8/48]

==== fusion_intermediate_scratch × 3c × B2 × lm=mediapipe/facs_28(dim=28) ====
  Train N=2353  augment=False  is_coord=False  lr=0.001
  class counts train: [674, 334, 1345]
  ep   1  loss=0.9217  val_mf1=0.5410
  ep   5  loss=0.4829  val_mf1=0.7353
  ep  10  loss=0.4272  val_mf1=0.8326
  ep  15  loss=0.3590  val_mf1=0.8874
  ep  20  loss=0.3316  val_mf1=0.8002
  ep  25  loss=0.2550  val_mf1=0.8911
  ep  30  loss=0.2009  val_mf1=0.8649
  ep  35  loss=0.1757  val_mf1=0.8120
  ep  40  loss=0.1370  val_mf1=0.8501
  ep  45  loss=0.0999  val_mf1=0.9265
  ep  50  loss=0.0859  val_mf1=0.9000
  best ep 48  val_mf1=0.9441  (940s)  TEST mf1=0.8192  wf1=0.8333  acc=0.8333

[9/48]

==== fusion_intermediate_scratch × 3c × B3 × lm=mediapipe/facs_28(dim=28) ====
  Train N=2353  augment=True  is_coord=False  lr=0.001
  class counts train: [674, 334, 1345]
  ep   1  loss=0.9334  val_mf1=0.4599
  ep   5  loss=0.4948  val_mf1=0.7664
  ep  10  loss=0.4382  val_mf1=0.8600
  ep  15  loss=0.3833  val_mf1=0.8979
  ep  20  loss=0.3797  val_mf1=0.8697
  ep  25  loss=0.3164  val_mf1=0.8848
  ep  30  loss=0.2504  val_mf1=0.8722
  best ep 15  val_mf1=0.8979  (551s)  TEST mf1=0.7616  wf1=0.7779  acc=0.7789

[10/48]

==== fusion_intermediate_tl × 3c × B1 × lm=mediapipe/facs_28(dim=28) ====
  Train N=2353  augment=False  is_coord=False  lr=0.0001
  class counts train: [674, 334, 1345]
  ep   1  loss=1.0329  val_mf1=0.6638
  ep   5  loss=0.1445  val_mf1=0.8932
  ep  10  loss=0.0435  val_mf1=0.9368
  ep  15  loss=0.0163  val_mf1=0.9120
  ep  20  loss=0.0381  val_mf1=0.9392
  ep  25  loss=0.0447  val_mf1=0.9708
  ep  30  loss=0.0174  val_mf1=0.9680
  ep  35  loss=0.0054  val_mf1=0.9782
  ep  40  loss=0.0028  val_mf1=0.9732
  ep  45  loss=0.0162  val_mf1=0.9761
  best ep 33  val_mf1=0.9830  (465s)  TEST mf1=0.9527  wf1=0.9526  acc=0.9524

[11/48]

==== fusion_intermediate_tl × 3c × B2 × lm=mediapipe/facs_28(dim=28) ====
  Train N=2353  augment=False  is_coord=False  lr=0.0001
  class counts train: [674, 334, 1345]
  ep   1  loss=1.0589  val_mf1=0.7563
  ep   5  loss=0.1022  val_mf1=0.7793
  ep  10  loss=0.0507  val_mf1=0.9228
  ep  15  loss=0.0250  val_mf1=0.9611
  ep  20  loss=0.0159  val_mf1=0.9671
  ep  25  loss=0.0389  val_mf1=0.9570
  ep  30  loss=0.0043  val_mf1=0.9565
  ep  35  loss=0.0026  val_mf1=0.9484
  best ep 20  val_mf1=0.9671  (344s)  TEST mf1=0.9396  wf1=0.9354  acc=0.9354

[12/48]

==== fusion_intermediate_tl × 3c × B3 × lm=mediapipe/facs_28(dim=28) ====
  Train N=2353  augment=True  is_coord=False  lr=0.0001
  class counts train: [674, 334, 1345]
  ep   1  loss=1.0575  val_mf1=0.7295
  ep   5  loss=0.0980  val_mf1=0.9239
  ep  10  loss=0.0588  val_mf1=0.9485
  ep  15  loss=0.0234  val_mf1=0.9799
  ep  20  loss=0.0371  val_mf1=0.9566
  ep  25  loss=0.0162  val_mf1=0.9667
  ep  30  loss=0.0122  val_mf1=0.9748
  ep  35  loss=0.0072  val_mf1=0.9534
  ep  40  loss=0.0150  val_mf1=0.9593
  ep  45  loss=0.0020  val_mf1=0.9531
  best ep 31  val_mf1=0.9970  (442s)  TEST mf1=0.9497  wf1=0.9462  acc=0.9456

[13/48]

==== fusion_intermediate_scratch × 3c × B1 × lm=mediapipe/blendshape_52(dim=52) ====
  Train N=2353  augment=False  is_coord=False  lr=0.001
  class counts train: [674, 334, 1345]
  ep   1  loss=0.7494  val_mf1=0.7535
  ep   5  loss=0.4282  val_mf1=0.8233
  ep  10  loss=0.3609  val_mf1=0.8621
  ep  15  loss=0.3294  val_mf1=0.8869
  ep  20  loss=0.3116  val_mf1=0.8527
  ep  25  loss=0.2549  val_mf1=0.8532
  ep  30  loss=0.1879  val_mf1=0.8617
  ep  35  loss=0.1657  val_mf1=0.8985
  ep  40  loss=0.1258  val_mf1=0.8513
  best ep 28  val_mf1=0.9091  (800s)  TEST mf1=0.7748  wf1=0.7987  acc=0.7993

[14/48]

==== fusion_intermediate_scratch × 3c × B2 × lm=mediapipe/blendshape_52(dim=52) ====
  Train N=2353  augment=False  is_coord=False  lr=0.001
  class counts train: [674, 334, 1345]
  ep   1  loss=0.7580  val_mf1=0.7533
  ep   5  loss=0.4350  val_mf1=0.7534
  ep  10  loss=0.3532  val_mf1=0.8131
  ep  15  loss=0.3002  val_mf1=0.8130
  ep  20  loss=0.2667  val_mf1=0.8282
  ep  25  loss=0.2409  val_mf1=0.8882
  ep  30  loss=0.2070  val_mf1=0.8861
  ep  35  loss=0.1771  val_mf1=0.8835
  ep  40  loss=0.1260  val_mf1=0.8853
  ep  45  loss=0.1061  val_mf1=0.9151
  ep  50  loss=0.0867  val_mf1=0.8755
  best ep 44  val_mf1=0.9186  (948s)  TEST mf1=0.7505  wf1=0.7809  acc=0.7823

[15/48]

==== fusion_intermediate_scratch × 3c × B3 × lm=mediapipe/blendshape_52(dim=52) ====
  Train N=2353  augment=True  is_coord=False  lr=0.001
  class counts train: [674, 334, 1345]
  ep   1  loss=0.7518  val_mf1=0.7557
  ep   5  loss=0.4376  val_mf1=0.7406
  ep  10  loss=0.3615  val_mf1=0.7891
  ep  15  loss=0.3242  val_mf1=0.7880
  ep  20  loss=0.2601  val_mf1=0.8339
  ep  25  loss=0.2578  val_mf1=0.8541
  ep  30  loss=0.2123  val_mf1=0.8785
  ep  35  loss=0.1904  val_mf1=0.9109
  ep  40  loss=0.1314  val_mf1=0.9132
  ep  45  loss=0.1135  val_mf1=0.9187
  ep  50  loss=0.0965  val_mf1=0.9068
  best ep 43  val_mf1=0.9416  (964s)  TEST mf1=0.8029  wf1=0.8139  acc=0.8129

[16/48]

==== fusion_intermediate_tl × 3c × B1 × lm=mediapipe/blendshape_52(dim=52) ====
  Train N=2353  augment=False  is_coord=False  lr=0.0001
  class counts train: [674, 334, 1345]
  ep   1  loss=1.0450  val_mf1=0.7253
  ep   5  loss=0.1205  val_mf1=0.9706
  ep  10  loss=0.0596  val_mf1=0.9129
  ep  15  loss=0.0283  val_mf1=0.9625
  ep  20  loss=0.0323  val_mf1=0.9655
  ep  25  loss=0.0392  val_mf1=0.8426
  best ep 13  val_mf1=0.9891  (277s)  TEST mf1=0.9176  wf1=0.9256  acc=0.9252

[17/48]

==== fusion_intermediate_tl × 3c × B2 × lm=mediapipe/blendshape_52(dim=52) ====
  Train N=2353  augment=False  is_coord=False  lr=0.0001
  class counts train: [674, 334, 1345]
  ep   1  loss=1.0630  val_mf1=0.6544
  ep   5  loss=0.1072  val_mf1=0.9043
  ep  10  loss=0.0466  val_mf1=0.9547
  ep  15  loss=0.0393  val_mf1=0.9449
  ep  20  loss=0.0146  val_mf1=0.9647
  ep  25  loss=0.0455  val_mf1=0.8869
  best ep 11  val_mf1=0.9817  (258s)  TEST mf1=0.9313  wf1=0.9323  acc=0.9320

[18/48]

==== fusion_intermediate_tl × 3c × B3 × lm=mediapipe/blendshape_52(dim=52) ====
  Train N=2353  augment=True  is_coord=False  lr=0.0001
  class counts train: [674, 334, 1345]
  ep   1  loss=1.0591  val_mf1=0.6110
  ep   5  loss=0.1129  val_mf1=0.9324
  ep  10  loss=0.0368  val_mf1=0.9625
  ep  15  loss=0.0222  val_mf1=0.9699
  ep  20  loss=0.0414  val_mf1=0.9377
  ep  25  loss=0.0297  val_mf1=0.9450
  ep  30  loss=0.0123  val_mf1=0.9687
  ep  35  loss=0.0027  val_mf1=0.9780
  ep  40  loss=0.0172  val_mf1=0.9503
  best ep 28  val_mf1=0.9790  (428s)  TEST mf1=0.9468  wf1=0.9429  acc=0.9422

[19/48]

==== fusion_intermediate_scratch × 3c × B1 × lm=mediapipe/facs_plus_bs_80(dim=80) ====
  Train N=2353  augment=False  is_coord=False  lr=0.001
  class counts train: [674, 334, 1345]
  ep   1  loss=0.7512  val_mf1=0.7015
  ep   5  loss=0.4283  val_mf1=0.7715
  ep  10  loss=0.3507  val_mf1=0.8435
  ep  15  loss=0.3131  val_mf1=0.8559
  ep  20  loss=0.2779  val_mf1=0.8999
  ep  25  loss=0.2559  val_mf1=0.9109
  ep  30  loss=0.2184  val_mf1=0.8768
  ep  35  loss=0.1629  val_mf1=0.8315
  ep  40  loss=0.1305  val_mf1=0.9074
  best ep 25  val_mf1=0.9109  (764s)  TEST mf1=0.7678  wf1=0.7888  acc=0.7891

[20/48]

==== fusion_intermediate_scratch × 3c × B2 × lm=mediapipe/facs_plus_bs_80(dim=80) ====
  Train N=2353  augment=False  is_coord=False  lr=0.001
  class counts train: [674, 334, 1345]
  ep   1  loss=0.7859  val_mf1=0.6796
  ep   5  loss=0.4265  val_mf1=0.7593
  ep  10  loss=0.3971  val_mf1=0.7505
  ep  15  loss=0.3078  val_mf1=0.8200
  ep  20  loss=0.2796  val_mf1=0.8174
  ep  25  loss=0.2782  val_mf1=0.8920
  ep  30  loss=0.2507  val_mf1=0.9049
  ep  35  loss=0.2063  val_mf1=0.8993
  ep  40  loss=0.1930  val_mf1=0.8687
  ep  45  loss=0.1435  val_mf1=0.8948
  best ep 30  val_mf1=0.9049  (856s)  TEST mf1=0.7501  wf1=0.7755  acc=0.7755

[21/48]

==== fusion_intermediate_scratch × 3c × B3 × lm=mediapipe/facs_plus_bs_80(dim=80) ====
  Train N=2353  augment=True  is_coord=False  lr=0.001
  class counts train: [674, 334, 1345]
  ep   1  loss=0.8148  val_mf1=0.6131
  ep   5  loss=0.4298  val_mf1=0.7445
  ep  10  loss=0.3754  val_mf1=0.7357
  ep  15  loss=0.3233  val_mf1=0.8296
  ep  20  loss=0.2793  val_mf1=0.8779
  ep  25  loss=0.2944  val_mf1=0.9015
  ep  30  loss=0.2487  val_mf1=0.8823
  ep  35  loss=0.2090  val_mf1=0.8825
  ep  40  loss=0.1931  val_mf1=0.8854
  best ep 25  val_mf1=0.9015  (772s)  TEST mf1=0.7647  wf1=0.7849  acc=0.7857

[22/48]

==== fusion_intermediate_tl × 3c × B1 × lm=mediapipe/facs_plus_bs_80(dim=80) ====
  Train N=2353  augment=False  is_coord=False  lr=0.0001
  class counts train: [674, 334, 1345]
  ep   1  loss=1.1367  val_mf1=0.7612
  ep   5  loss=0.1052  val_mf1=0.9394
  ep  10  loss=0.0512  val_mf1=0.9779
  ep  15  loss=0.0237  val_mf1=0.9480
  ep  20  loss=0.0096  val_mf1=0.9890
  ep  25  loss=0.0293  val_mf1=0.9596
  ep  30  loss=0.0065  val_mf1=0.9788
  ep  35  loss=0.0269  val_mf1=0.9921
  ep  40  loss=0.0127  val_mf1=0.9921
  ep  45  loss=0.0274  val_mf1=0.9671
  ep  50  loss=0.0033  val_mf1=0.9765
  best ep 41  val_mf1=0.9970  (486s)  TEST mf1=0.9326  wf1=0.9356  acc=0.9354

[23/48]

==== fusion_intermediate_tl × 3c × B2 × lm=mediapipe/facs_plus_bs_80(dim=80) ====
  Train N=2353  augment=False  is_coord=False  lr=0.0001
  class counts train: [674, 334, 1345]
  ep   1  loss=1.0821  val_mf1=0.5357
  ep   5  loss=0.1115  val_mf1=0.9070
  ep  10  loss=0.0398  val_mf1=0.9347
  ep  15  loss=0.0408  val_mf1=0.9727
  ep  20  loss=0.0266  val_mf1=0.9444
  best ep 9  val_mf1=0.9920  (231s)  TEST mf1=0.9387  wf1=0.9424  acc=0.9422

[24/48]

==== fusion_intermediate_tl × 3c × B3 × lm=mediapipe/facs_plus_bs_80(dim=80) ====
  Train N=2353  augment=True  is_coord=False  lr=0.0001
  class counts train: [674, 334, 1345]
  ep   1  loss=1.0713  val_mf1=0.5906
  ep   5  loss=0.1099  val_mf1=0.9361
  ep  10  loss=0.0554  val_mf1=0.9145
  ep  15  loss=0.0429  val_mf1=0.9377
  ep  20  loss=0.0178  val_mf1=0.9303
  best ep 9  val_mf1=0.9763  (233s)  TEST mf1=0.9553  wf1=0.9529  acc=0.9524

[25/48] SKIP fusion_intermediate_scratch_b1_7c (existing, mf1=0.7305)

[26/48] SKIP fusion_intermediate_scratch_b2_7c (existing, mf1=0.7208)

[27/48] SKIP fusion_intermediate_scratch_b3_7c (existing, mf1=0.7947)

[28/48] SKIP fusion_intermediate_tl_b1_7c (existing, mf1=0.8632)

[29/48] SKIP fusion_intermediate_tl_b2_7c (existing, mf1=0.8635)

[30/48] SKIP fusion_intermediate_tl_b3_7c (existing, mf1=0.8639)

[31/48]

==== fusion_intermediate_scratch × 7c × B1 × lm=mediapipe/facs_28(dim=28) ====
  Train N=2353  augment=False  is_coord=False  lr=0.001
  class counts train: [334, 337, 336, 337, 338, 334, 337]
  ep   1  loss=1.8129  val_mf1=0.4466
  ep   5  loss=1.0423  val_mf1=0.6136
  ep  10  loss=0.8757  val_mf1=0.7480
  ep  15  loss=0.7482  val_mf1=0.7434
  ep  20  loss=0.6541  val_mf1=0.7652
  ep  25  loss=0.5215  val_mf1=0.7830
  ep  30  loss=0.3915  val_mf1=0.8081
  ep  35  loss=0.2875  val_mf1=0.7612
  ep  40  loss=0.2584  val_mf1=0.7512
  ep  45  loss=0.2046  val_mf1=0.7705
  ep  50  loss=0.1690  val_mf1=0.7908
  best ep 37  val_mf1=0.8103  (964s)  TEST mf1=0.7704  wf1=0.7704  acc=0.7721

[32/48]

==== fusion_intermediate_scratch × 7c × B2 × lm=mediapipe/facs_28(dim=28) ====
  Train N=2353  augment=False  is_coord=False  lr=0.001
  class counts train: [334, 337, 336, 337, 338, 334, 337]
  ep   1  loss=1.8035  val_mf1=0.4021
  ep   5  loss=1.0316  val_mf1=0.6813
  ep  10  loss=0.8315  val_mf1=0.7314
  ep  15  loss=0.6942  val_mf1=0.7679
  ep  20  loss=0.6417  val_mf1=0.7493
  ep  25  loss=0.4862  val_mf1=0.7656
  ep  30  loss=0.3881  val_mf1=0.8079
  ep  35  loss=0.2978  val_mf1=0.7448
  ep  40  loss=0.2558  val_mf1=0.7768
  best ep 27  val_mf1=0.8165  (796s)  TEST mf1=0.7677  wf1=0.7677  acc=0.7755

[33/48]

==== fusion_intermediate_scratch × 7c × B3 × lm=mediapipe/facs_28(dim=28) ====
  Train N=2353  augment=True  is_coord=False  lr=0.001
  class counts train: [334, 337, 336, 337, 338, 334, 337]
  ep   1  loss=1.8170  val_mf1=0.4480
  ep   5  loss=1.0529  val_mf1=0.6650
  ep  10  loss=0.8913  val_mf1=0.7078
  ep  15  loss=0.7663  val_mf1=0.7488
  ep  20  loss=0.7129  val_mf1=0.7288
  ep  25  loss=0.5512  val_mf1=0.7590
  ep  30  loss=0.4846  val_mf1=0.7796
  ep  35  loss=0.3492  val_mf1=0.7887
  ep  40  loss=0.2849  val_mf1=0.8066
  best ep 27  val_mf1=0.8171  (798s)  TEST mf1=0.7172  wf1=0.7172  acc=0.7279

[34/48]

==== fusion_intermediate_tl × 7c × B1 × lm=mediapipe/facs_28(dim=28) ====
  Train N=2353  augment=False  is_coord=False  lr=0.0001
  class counts train: [334, 337, 336, 337, 338, 334, 337]
  ep   1  loss=2.0088  val_mf1=0.4068
  ep   5  loss=0.5967  val_mf1=0.8486
  ep  10  loss=0.1468  val_mf1=0.8534
  ep  15  loss=0.1173  val_mf1=0.8282
  ep  20  loss=0.0808  val_mf1=0.8454
  ep  25  loss=0.0423  val_mf1=0.9086
  ep  30  loss=0.0241  val_mf1=0.9044
  ep  35  loss=0.0383  val_mf1=0.8482
  ep  40  loss=0.0506  val_mf1=0.8573
  best ep 25  val_mf1=0.9086  (386s)  TEST mf1=0.8823  wf1=0.8823  acc=0.8844

[35/48]

==== fusion_intermediate_tl × 7c × B2 × lm=mediapipe/facs_28(dim=28) ====
  Train N=2353  augment=False  is_coord=False  lr=0.0001
  class counts train: [334, 337, 336, 337, 338, 334, 337]
  ep   1  loss=1.9372  val_mf1=0.4661
  ep   5  loss=0.5201  val_mf1=0.8373
  ep  10  loss=0.1465  val_mf1=0.8371
  ep  15  loss=0.1118  val_mf1=0.8502
  ep  20  loss=0.0786  val_mf1=0.8711
  ep  25  loss=0.0708  val_mf1=0.8165
  ep  30  loss=0.0443  val_mf1=0.9008
  best ep 17  val_mf1=0.9193  (322s)  TEST mf1=0.8697  wf1=0.8697  acc=0.8673

[36/48]

==== fusion_intermediate_tl × 7c × B3 × lm=mediapipe/facs_28(dim=28) ====
  Train N=2353  augment=True  is_coord=False  lr=0.0001
  class counts train: [334, 337, 336, 337, 338, 334, 337]
  ep   1  loss=1.9368  val_mf1=0.4702
  ep   5  loss=0.5735  val_mf1=0.8430
  ep  10  loss=0.1593  val_mf1=0.7756
  ep  15  loss=0.1083  val_mf1=0.8572
  ep  20  loss=0.0792  val_mf1=0.8681
  ep  25  loss=0.0988  val_mf1=0.9013
  ep  30  loss=0.0408  val_mf1=0.8629
  ep  35  loss=0.0203  val_mf1=0.8816
  ep  40  loss=0.0305  val_mf1=0.8615
  best ep 25  val_mf1=0.9013  (398s)  TEST mf1=0.8394  wf1=0.8394  acc=0.8435

[37/48]

==== fusion_intermediate_scratch × 7c × B1 × lm=mediapipe/blendshape_52(dim=52) ====
  Train N=2353  augment=False  is_coord=False  lr=0.001
  class counts train: [334, 337, 336, 337, 338, 334, 337]
  ep   1  loss=1.6338  val_mf1=0.5093
  ep   5  loss=0.9195  val_mf1=0.7684
  ep  10  loss=0.7562  val_mf1=0.7643
  ep  15  loss=0.6355  val_mf1=0.8096
  ep  20  loss=0.5379  val_mf1=0.8256
  ep  25  loss=0.4107  val_mf1=0.8231
  ep  30  loss=0.3034  val_mf1=0.8127
  ep  35  loss=0.2852  val_mf1=0.8143
  ep  40  loss=0.1830  val_mf1=0.7851
  best ep 28  val_mf1=0.8444  (839s)  TEST mf1=0.7211  wf1=0.7211  acc=0.7245

[38/48]

==== fusion_intermediate_scratch × 7c × B2 × lm=mediapipe/blendshape_52(dim=52) ====
  Train N=2353  augment=False  is_coord=False  lr=0.001
  class counts train: [334, 337, 336, 337, 338, 334, 337]
  ep   1  loss=1.6016  val_mf1=0.4670
  ep   5  loss=0.9746  val_mf1=0.7721
  ep  10  loss=0.7966  val_mf1=0.7609
  ep  15  loss=0.6833  val_mf1=0.8235
  ep  20  loss=0.5571  val_mf1=0.8016
  ep  25  loss=0.4527  val_mf1=0.8247
  ep  30  loss=0.3582  val_mf1=0.8240
  ep  35  loss=0.3108  val_mf1=0.8147
  ep  40  loss=0.2309  val_mf1=0.8276
  ep  45  loss=0.2011  val_mf1=0.7967
  best ep 31  val_mf1=0.8456  (902s)  TEST mf1=0.6720  wf1=0.6720  acc=0.7007

[39/48]

==== fusion_intermediate_scratch × 7c × B3 × lm=mediapipe/blendshape_52(dim=52) ====
  Train N=2353  augment=True  is_coord=False  lr=0.001
  class counts train: [334, 337, 336, 337, 338, 334, 337]
  ep   1  loss=1.5895  val_mf1=0.5606
  ep   5  loss=0.9885  val_mf1=0.7823
  ep  10  loss=0.8234  val_mf1=0.7737
  ep  15  loss=0.7160  val_mf1=0.7988
  ep  20  loss=0.6119  val_mf1=0.7687
  ep  25  loss=0.5218  val_mf1=0.7872
  ep  30  loss=0.4087  val_mf1=0.8448
  ep  35  loss=0.3563  val_mf1=0.7957
  ep  40  loss=0.2877  val_mf1=0.8373
  ep  45  loss=0.2370  val_mf1=0.7954
  ep  50  loss=0.1833  val_mf1=0.7817
  best ep 43  val_mf1=0.8448  (965s)  TEST mf1=0.7106  wf1=0.7106  acc=0.7177

[40/48]

==== fusion_intermediate_tl × 7c × B1 × lm=mediapipe/blendshape_52(dim=52) ====
  Train N=2353  augment=False  is_coord=False  lr=0.0001
  class counts train: [334, 337, 336, 337, 338, 334, 337]
  ep   1  loss=1.9728  val_mf1=0.5010
  ep   5  loss=0.5604  val_mf1=0.8472
  ep  10  loss=0.1519  val_mf1=0.8260
  ep  15  loss=0.1038  val_mf1=0.8966
  ep  20  loss=0.0705  val_mf1=0.8220
  ep  25  loss=0.0844  val_mf1=0.8371
  ep  30  loss=0.0425  val_mf1=0.8885
  best ep 16  val_mf1=0.9182  (314s)  TEST mf1=0.8562  wf1=0.8562  acc=0.8571

[41/48]

==== fusion_intermediate_tl × 7c × B2 × lm=mediapipe/blendshape_52(dim=52) ====
  Train N=2353  augment=False  is_coord=False  lr=0.0001
  class counts train: [334, 337, 336, 337, 338, 334, 337]
  ep   1  loss=1.9450  val_mf1=0.4123
  ep   5  loss=0.5380  val_mf1=0.8207
  ep  10  loss=0.1752  val_mf1=0.8619
  ep  15  loss=0.0872  val_mf1=0.8494
  ep  20  loss=0.0529  val_mf1=0.8943
  ep  25  loss=0.0651  val_mf1=0.9048
  ep  30  loss=0.0389  val_mf1=0.8543
  ep  35  loss=0.0241  val_mf1=0.8484
  best ep 22  val_mf1=0.9053  (363s)  TEST mf1=0.8432  wf1=0.8432  acc=0.8503

[42/48]

==== fusion_intermediate_tl × 7c × B3 × lm=mediapipe/blendshape_52(dim=52) ====
  Train N=2353  augment=True  is_coord=False  lr=0.0001
  class counts train: [334, 337, 336, 337, 338, 334, 337]
  ep   1  loss=1.9299  val_mf1=0.4571
  ep   5  loss=0.5513  val_mf1=0.7514
  ep  10  loss=0.1560  val_mf1=0.8584
  ep  15  loss=0.0890  val_mf1=0.8540
  ep  20  loss=0.0624  val_mf1=0.8590
  ep  25  loss=0.0667  val_mf1=0.8692
  ep  30  loss=0.0423  val_mf1=0.9004
  ep  35  loss=0.0151  val_mf1=0.9014
  best ep 24  val_mf1=0.9214  (387s)  TEST mf1=0.8434  wf1=0.8434  acc=0.8435

[43/48]

==== fusion_intermediate_scratch × 7c × B1 × lm=mediapipe/facs_plus_bs_80(dim=80) ====
  Train N=2353  augment=False  is_coord=False  lr=0.001
  class counts train: [334, 337, 336, 337, 338, 334, 337]
  ep   1  loss=1.6728  val_mf1=0.6700
  ep   5  loss=0.9458  val_mf1=0.7442
  ep  10  loss=0.8062  val_mf1=0.7501
  ep  15  loss=0.6561  val_mf1=0.7639
  ep  20  loss=0.5858  val_mf1=0.7650
  ep  25  loss=0.4520  val_mf1=0.7740
  ep  30  loss=0.4106  val_mf1=0.8163
  ep  35  loss=0.3391  val_mf1=0.8155
  ep  40  loss=0.2573  val_mf1=0.7647
  ep  45  loss=0.2448  val_mf1=0.8175
  ep  50  loss=0.1928  val_mf1=0.8039
  best ep 38  val_mf1=0.8225  (980s)  TEST mf1=0.7159  wf1=0.7159  acc=0.7245

[44/48]

==== fusion_intermediate_scratch × 7c × B2 × lm=mediapipe/facs_plus_bs_80(dim=80) ====
  Train N=2353  augment=False  is_coord=False  lr=0.001
  class counts train: [334, 337, 336, 337, 338, 334, 337]
  ep   1  loss=1.6321  val_mf1=0.4849
  ep   5  loss=0.9406  val_mf1=0.7566
  ep  10  loss=0.8138  val_mf1=0.8169
  ep  15  loss=0.6821  val_mf1=0.8087
  ep  20  loss=0.6027  val_mf1=0.7808
  ep  25  loss=0.5625  val_mf1=0.8206
  ep  30  loss=0.4229  val_mf1=0.8038
  ep  35  loss=0.3596  val_mf1=0.8242
  ep  40  loss=0.2431  val_mf1=0.8207
  ep  45  loss=0.2037  val_mf1=0.8219
  best ep 32  val_mf1=0.8492  (910s)  TEST mf1=0.6992  wf1=0.6992  acc=0.7143

[45/48]

==== fusion_intermediate_scratch × 7c × B3 × lm=mediapipe/facs_plus_bs_80(dim=80) ====
  Train N=2353  augment=True  is_coord=False  lr=0.001
  class counts train: [334, 337, 336, 337, 338, 334, 337]
  ep   1  loss=1.6541  val_mf1=0.5786
  ep   5  loss=0.9569  val_mf1=0.7736
  ep  10  loss=0.8541  val_mf1=0.7904
  ep  15  loss=0.7514  val_mf1=0.7762
  ep  20  loss=0.6419  val_mf1=0.7527
  ep  25  loss=0.5800  val_mf1=0.7851
  best ep 14  val_mf1=0.8121  (561s)  TEST mf1=0.6701  wf1=0.6701  acc=0.6871

[46/48]

==== fusion_intermediate_tl × 7c × B1 × lm=mediapipe/facs_plus_bs_80(dim=80) ====
  Train N=2353  augment=False  is_coord=False  lr=0.0001
  class counts train: [334, 337, 336, 337, 338, 334, 337]
  ep   1  loss=1.9807  val_mf1=0.4291
  ep   5  loss=0.5863  val_mf1=0.7844
  ep  10  loss=0.1658  val_mf1=0.8918
  ep  15  loss=0.0875  val_mf1=0.8696
  ep  20  loss=0.0745  val_mf1=0.9140
  ep  25  loss=0.0637  val_mf1=0.8816
  ep  30  loss=0.0941  val_mf1=0.8625
  ep  35  loss=0.0332  val_mf1=0.9113
  ep  40  loss=0.0198  val_mf1=0.8730
  ep  45  loss=0.0252  val_mf1=0.8717
  ep  50  loss=0.0234  val_mf1=0.8569
  best ep 39  val_mf1=0.9326  (496s)  TEST mf1=0.8799  wf1=0.8799  acc=0.8810

[47/48]

==== fusion_intermediate_tl × 7c × B2 × lm=mediapipe/facs_plus_bs_80(dim=80) ====
  Train N=2353  augment=False  is_coord=False  lr=0.0001
  class counts train: [334, 337, 336, 337, 338, 334, 337]
  ep   1  loss=1.9716  val_mf1=0.3827
  ep   5  loss=0.5948  val_mf1=0.8524
  ep  10  loss=0.1522  val_mf1=0.8294
  ep  15  loss=0.1239  val_mf1=0.8629
  ep  20  loss=0.0696  val_mf1=0.8605
  ep  25  loss=0.0591  val_mf1=0.8703
  ep  30  loss=0.0497  val_mf1=0.8815
  ep  35  loss=0.0297  val_mf1=0.8785
  ep  40  loss=0.0096  val_mf1=0.8828
  ep  45  loss=0.0190  val_mf1=0.8548
  best ep 32  val_mf1=0.9038  (466s)  TEST mf1=0.8736  wf1=0.8736  acc=0.8776

[48/48]

==== fusion_intermediate_tl × 7c × B3 × lm=mediapipe/facs_plus_bs_80(dim=80) ====
  Train N=2353  augment=True  is_coord=False  lr=0.0001
  class counts train: [334, 337, 336, 337, 338, 334, 337]
  ep   1  loss=1.9506  val_mf1=0.4117
  ep   5  loss=0.5792  val_mf1=0.8030
  ep  10  loss=0.1520  val_mf1=0.8382
  ep  15  loss=0.1107  val_mf1=0.7775
  ep  20  loss=0.0967  val_mf1=0.8971
  ep  25  loss=0.0533  val_mf1=0.8775
  ep  30  loss=0.0376  val_mf1=0.8335
  ep  35  loss=0.0226  val_mf1=0.8533
  ep  40  loss=0.0188  val_mf1=0.8524
  ep  45  loss=0.0338  val_mf1=0.8719
  ep  50  loss=0.0420  val_mf1=0.8601
  best ep 49  val_mf1=0.9136  (496s)  TEST mf1=0.8591  wf1=0.8591  acc=0.8639

Sweep done: trained=36, skipped_existing=12
Saved: /mnt/extended-home/fitra_dosen/2025_iris_fer_taufik/MultimodalEmoLearn/models/benchmark/kdef_7class/3class/Unified/fusion_intermediate_scratch/results.json
Saved: /mnt/extended-home/fitra_dosen/2025_iris_fer_taufik/MultimodalEmoLearn/models/benchmark/kdef_7class/3class/Unified/fusion_intermediate_tl/results.json
Saved: /mnt/extended-home/fitra_dosen/2025_iris_fer_taufik/MultimodalEmoLearn/models/benchmark/kdef_7class/3class/Unified/fusion_intermediate_scratch_facs_28/results.json
Saved: /mnt/extended-home/fitra_dosen/2025_iris_fer_taufik/MultimodalEmoLearn/models/benchmark/kdef_7class/3class/Unified/fusion_intermediate_tl_facs_28/results.json
Saved: /mnt/extended-home/fitra_dosen/2025_iris_fer_taufik/MultimodalEmoLearn/models/benchmark/kdef_7class/3class/Unified/fusion_intermediate_scratch_blendshape_52/results.json
Saved: /mnt/extended-home/fitra_dosen/2025_iris_fer_taufik/MultimodalEmoLearn/models/benchmark/kdef_7class/3class/Unified/fusion_intermediate_tl_blendshape_52/results.json
Saved: /mnt/extended-home/fitra_dosen/2025_iris_fer_taufik/MultimodalEmoLearn/models/benchmark/kdef_7class/3class/Unified/fusion_intermediate_scratch_facs_plus_bs_80/results.json
Saved: /mnt/extended-home/fitra_dosen/2025_iris_fer_taufik/MultimodalEmoLearn/models/benchmark/kdef_7class/3class/Unified/fusion_intermediate_tl_facs_plus_bs_80/results.json
Saved: /mnt/extended-home/fitra_dosen/2025_iris_fer_taufik/MultimodalEmoLearn/models/benchmark/kdef_7class/7class/Unified/fusion_intermediate_scratch/results.json
Saved: /mnt/extended-home/fitra_dosen/2025_iris_fer_taufik/MultimodalEmoLearn/models/benchmark/kdef_7class/7class/Unified/fusion_intermediate_tl/results.json
Saved: /mnt/extended-home/fitra_dosen/2025_iris_fer_taufik/MultimodalEmoLearn/models/benchmark/kdef_7class/7class/Unified/fusion_intermediate_scratch_facs_28/results.json
Saved: /mnt/extended-home/fitra_dosen/2025_iris_fer_taufik/MultimodalEmoLearn/models/benchmark/kdef_7class/7class/Unified/fusion_intermediate_tl_facs_28/results.json
Saved: /mnt/extended-home/fitra_dosen/2025_iris_fer_taufik/MultimodalEmoLearn/models/benchmark/kdef_7class/7class/Unified/fusion_intermediate_scratch_blendshape_52/results.json
Saved: /mnt/extended-home/fitra_dosen/2025_iris_fer_taufik/MultimodalEmoLearn/models/benchmark/kdef_7class/7class/Unified/fusion_intermediate_tl_blendshape_52/results.json
Saved: /mnt/extended-home/fitra_dosen/2025_iris_fer_taufik/MultimodalEmoLearn/models/benchmark/kdef_7class/7class/Unified/fusion_intermediate_scratch_facs_plus_bs_80/results.json
Saved: /mnt/extended-home/fitra_dosen/2025_iris_fer_taufik/MultimodalEmoLearn/models/benchmark/kdef_7class/7class/Unified/fusion_intermediate_tl_facs_plus_bs_80/results.json

========================================================================================================================
SUMMARY: Unified protocol fusion macro_f1
========================================================================================================================
  scheme  fusion         mode    variant   feature           lm_src            B1        B2        B3
  3c     intermediate   concat  scratch   raw_136           mediapipe     0.7817    0.7404    0.7793
  3c     intermediate   concat  tl        raw_136           mediapipe     0.9405    0.9558    0.9363
  3c     intermediate   concat  scratch   facs_28           mediapipe     0.7874    0.8192    0.7616
  3c     intermediate   concat  tl        facs_28           mediapipe     0.9527    0.9396    0.9497
  3c     intermediate   concat  scratch   blendshape_52     mediapipe     0.7748    0.7505    0.8029
  3c     intermediate   concat  tl        blendshape_52     mediapipe     0.9176    0.9313    0.9468
  3c     intermediate   concat  scratch   facs_plus_bs_80   mediapipe     0.7678    0.7501    0.7647
  3c     intermediate   concat  tl        facs_plus_bs_80   mediapipe     0.9326    0.9387    0.9553
  7c     intermediate   concat  scratch   raw_136           mediapipe     0.7305    0.7208    0.7947
  7c     intermediate   concat  tl        raw_136           mediapipe     0.8632    0.8635    0.8639
  7c     intermediate   concat  scratch   facs_28           mediapipe     0.7704    0.7677    0.7172
  7c     intermediate   concat  tl        facs_28           mediapipe     0.8823    0.8697    0.8394
  7c     intermediate   concat  scratch   blendshape_52     mediapipe     0.7211    0.6720    0.7106
  7c     intermediate   concat  tl        blendshape_52     mediapipe     0.8562    0.8432    0.8434
  7c     intermediate   concat  scratch   facs_plus_bs_80   mediapipe     0.7159    0.6992    0.6701
  7c     intermediate   concat  tl        facs_plus_bs_80   mediapipe     0.8799    0.8736    0.8591
[retry_run] ✅ Succeeded on attempt 1
[2026-05-19T15:17:48+07:00] --- Intermediate rafdb_7class ---
[retry_run] Attempt 1/3: CUDA_VISIBLE_DEVICES=1 /mnt/extended-home/fitra_dosen/2025_iris_fer_taufik/miniconda3/envs/2025_iris_fer_taufik/bin/python -u scripts/run_unified_fusion.py --data-dir data/benchmark/rafdb_7class --output-prefix models/benchmark/rafdb_7class --fusions intermediate --variants scratch tl --landmark-features raw_136 facs_28 blendshape_52 facs_plus_bs_80 --landmark-sources mediapipe --scenarios b1 b2 b3 --classes 3 7
Device: cuda
DATA_DIR: /mnt/extended-home/fitra_dosen/2025_iris_fer_taufik/MultimodalEmoLearn/data/benchmark/rafdb_7class
Output: /mnt/extended-home/fitra_dosen/2025_iris_fer_taufik/MultimodalEmoLearn/models/benchmark/rafdb_7class
Total runs: 48
Pre-loaded 12 existing runs (use --force-retrain to ignore)

[1/48] SKIP fusion_intermediate_scratch_b1_3c (existing, mf1=0.7675)

[2/48] SKIP fusion_intermediate_scratch_b2_3c (existing, mf1=0.7645)

[3/48] SKIP fusion_intermediate_scratch_b3_3c (existing, mf1=0.8025)

[4/48] SKIP fusion_intermediate_tl_b1_3c (existing, mf1=0.8273)

[5/48] SKIP fusion_intermediate_tl_b2_3c (existing, mf1=0.8019)

[6/48] SKIP fusion_intermediate_tl_b3_3c (existing, mf1=0.8362)

[7/48]

==== fusion_intermediate_scratch × 3c × B1 × lm=mediapipe/facs_28(dim=28) ====
  Train N=9404  augment=False  is_coord=False  lr=0.001
  class counts train: [4726, 1880, 2798]
  ep   1  loss=0.8575  val_mf1=0.6275
  ep   5  loss=0.6923  val_mf1=0.6531
  ep  10  loss=0.5616  val_mf1=0.7078
  ep  15  loss=0.4091  val_mf1=0.7402
  ep  20  loss=0.2341  val_mf1=0.7427
  ep  25  loss=0.1479  val_mf1=0.7458
  ep  30  loss=0.0939  val_mf1=0.7526
  ep  35  loss=0.0754  val_mf1=0.7453
  ep  40  loss=0.0577  val_mf1=0.7512
  best ep 27  val_mf1=0.7636  (3912s)  TEST mf1=0.7594  wf1=0.7872  acc=0.7864

[8/48]

==== fusion_intermediate_scratch × 3c × B2 × lm=mediapipe/facs_28(dim=28) ====
  Train N=9404  augment=False  is_coord=False  lr=0.001
  class counts train: [4726, 1880, 2798]
  ep   1  loss=0.8984  val_mf1=0.6026
  ep   5  loss=0.7232  val_mf1=0.6561
  ep  10  loss=0.5415  val_mf1=0.7117
  ep  15  loss=0.3300  val_mf1=0.7513
  ep  20  loss=0.1814  val_mf1=0.7414
  ep  25  loss=0.1108  val_mf1=0.7374
  ep  30  loss=0.0888  val_mf1=0.7576
  best ep 18  val_mf1=0.7655  (3167s)  TEST mf1=0.7609  wf1=0.7869  acc=0.7851

[9/48]

==== fusion_intermediate_scratch × 3c × B3 × lm=mediapipe/facs_28(dim=28) ====
  Train N=9404  augment=True  is_coord=False  lr=0.001
  class counts train: [4726, 1880, 2798]
  ep   1  loss=0.8963  val_mf1=0.5905
  ep   5  loss=0.7330  val_mf1=0.6539
  ep  10  loss=0.6239  val_mf1=0.7168
  ep  15  loss=0.4258  val_mf1=0.7423
  ep  20  loss=0.2478  val_mf1=0.7522
  ep  25  loss=0.1410  val_mf1=0.7643
  ep  30  loss=0.1070  val_mf1=0.7434
  ep  35  loss=0.0831  val_mf1=0.7510
  best ep 22  val_mf1=0.7666  (3570s)  TEST mf1=0.7868  wf1=0.8083  acc=0.8079

[10/48]

==== fusion_intermediate_tl × 3c × B1 × lm=mediapipe/facs_28(dim=28) ====
  Train N=9404  augment=False  is_coord=False  lr=0.0001
  class counts train: [4726, 1880, 2798]
  ep   1  loss=0.8901  val_mf1=0.6731
  ep   5  loss=0.1790  val_mf1=0.7766
  ep  10  loss=0.0856  val_mf1=0.8165
  ep  15  loss=0.0449  val_mf1=0.7893
  ep  20  loss=0.0212  val_mf1=0.7910
  ep  25  loss=0.0360  val_mf1=0.8296
  ep  30  loss=0.0250  val_mf1=0.8208
  ep  35  loss=0.0186  val_mf1=0.7984
  ep  40  loss=0.0179  val_mf1=0.8045
  best ep 25  val_mf1=0.8296  (1939s)  TEST mf1=0.8143  wf1=0.8362  acc=0.8369

[11/48]

==== fusion_intermediate_tl × 3c × B2 × lm=mediapipe/facs_28(dim=28) ====
  Train N=9404  augment=False  is_coord=False  lr=0.0001
  class counts train: [4726, 1880, 2798]
  ep   1  loss=0.8817  val_mf1=0.6805
  ep   5  loss=0.1755  val_mf1=0.7808
  ep  10  loss=0.0653  val_mf1=0.7986
  ep  15  loss=0.0557  val_mf1=0.8082
  ep  20  loss=0.0464  val_mf1=0.8031
  ep  25  loss=0.0170  val_mf1=0.8182
  ep  30  loss=0.0310  val_mf1=0.8033
  ep  35  loss=0.0281  val_mf1=0.8129
  ep  40  loss=0.0228  val_mf1=0.8203
  best ep 28  val_mf1=0.8266  (2119s)  TEST mf1=0.8245  wf1=0.8452  acc=0.8450

[12/48]

==== fusion_intermediate_tl × 3c × B3 × lm=mediapipe/facs_28(dim=28) ====
  Train N=9404  augment=True  is_coord=False  lr=0.0001
  class counts train: [4726, 1880, 2798]
  ep   1  loss=0.9015  val_mf1=0.6829
  ep   5  loss=0.1811  val_mf1=0.7907
  ep  10  loss=0.0628  val_mf1=0.8116
  ep  15  loss=0.0534  val_mf1=0.8170
  ep  20  loss=0.0484  val_mf1=0.8173
  ep  25  loss=0.0339  val_mf1=0.8171
  ep  30  loss=0.0284  val_mf1=0.8142
  ep  35  loss=0.0142  val_mf1=0.8317
  ep  40  loss=0.0191  val_mf1=0.7930
  ep  45  loss=0.0209  val_mf1=0.8161
  ep  50  loss=0.0109  val_mf1=0.8244
  best ep 35  val_mf1=0.8317  (2456s)  TEST mf1=0.8235  wf1=0.8421  acc=0.8403

[13/48]

==== fusion_intermediate_scratch × 3c × B1 × lm=mediapipe/blendshape_52(dim=52) ====
  Train N=9404  augment=False  is_coord=False  lr=0.001
  class counts train: [4726, 1880, 2798]
  ep   1  loss=0.8333  val_mf1=0.6219
  ep   5  loss=0.6831  val_mf1=0.6631
  ep  10  loss=0.5124  val_mf1=0.7372
  ep  15  loss=0.3417  val_mf1=0.7559
  ep  20  loss=0.1955  val_mf1=0.7494
  ep  25  loss=0.1206  val_mf1=0.7413
  ep  30  loss=0.0860  val_mf1=0.7589
  ep  35  loss=0.0691  val_mf1=0.7463
  ep  40  loss=0.0493  val_mf1=0.7592
  ep  45  loss=0.0392  val_mf1=0.7627
  ep  50  loss=0.0360  val_mf1=0.7601
  best ep 44  val_mf1=0.7644  (4825s)  TEST mf1=0.7706  wf1=0.7987  acc=0.7987

[14/48]

==== fusion_intermediate_scratch × 3c × B2 × lm=mediapipe/blendshape_52(dim=52) ====
  Train N=9404  augment=False  is_coord=False  lr=0.001
  class counts train: [4726, 1880, 2798]
  ep   1  loss=0.8793  val_mf1=0.6058
  ep   5  loss=0.7301  val_mf1=0.6373
  ep  10  loss=0.5706  val_mf1=0.7090
  ep  15  loss=0.3701  val_mf1=0.7396
  ep  20  loss=0.2044  val_mf1=0.7441
  ep  25  loss=0.1211  val_mf1=0.7469
  ep  30  loss=0.0997  val_mf1=0.7592
  ep  35  loss=0.0784  val_mf1=0.7557
  ep  40  loss=0.0482  val_mf1=0.7501
  ep  45  loss=0.0481  val_mf1=0.7493
  best ep 30  val_mf1=0.7592  (4297s)  TEST mf1=0.7702  wf1=0.7963  acc=0.7950

[15/48]

==== fusion_intermediate_scratch × 3c × B3 × lm=mediapipe/blendshape_52(dim=52) ====
  Train N=9404  augment=True  is_coord=False  lr=0.001
  class counts train: [4726, 1880, 2798]
  ep   1  loss=0.8810  val_mf1=0.5953
  ep   5  loss=0.7302  val_mf1=0.6441
  ep  10  loss=0.5546  val_mf1=0.7332
  ep  15  loss=0.3440  val_mf1=0.7431
  ep  20  loss=0.1844  val_mf1=0.7442
  ep  25  loss=0.1122  val_mf1=0.7574
  ep  30  loss=0.0947  val_mf1=0.7504
  ep  35  loss=0.0763  val_mf1=0.7540
  ep  40  loss=0.0472  val_mf1=0.7580
  best ep 28  val_mf1=0.7636  (4135s)  TEST mf1=0.7720  wf1=0.7939  acc=0.7922

[16/48]

==== fusion_intermediate_tl × 3c × B1 × lm=mediapipe/blendshape_52(dim=52) ====
  Train N=9404  augment=False  is_coord=False  lr=0.0001
  class counts train: [4726, 1880, 2798]
  ep   1  loss=0.9097  val_mf1=0.6910
  ep   5  loss=0.1717  val_mf1=0.7754
  ep  10  loss=0.0715  val_mf1=0.7918
  ep  15  loss=0.0490  val_mf1=0.7828
  ep  20  loss=0.0432  val_mf1=0.8059
  ep  25  loss=0.0379  val_mf1=0.8073
  ep  30  loss=0.0181  val_mf1=0.7991
  ep  35  loss=0.0229  val_mf1=0.8136
  ep  40  loss=0.0180  val_mf1=0.8164
  ep  45  loss=0.0206  val_mf1=0.8309
  ep  50  loss=0.0291  val_mf1=0.8053
  best ep 45  val_mf1=0.8309  (2502s)  TEST mf1=0.8125  wf1=0.8341  acc=0.8338

[17/48]

==== fusion_intermediate_tl × 3c × B2 × lm=mediapipe/blendshape_52(dim=52) ====
  Train N=9404  augment=False  is_coord=False  lr=0.0001
  class counts train: [4726, 1880, 2798]
  ep   1  loss=0.9054  val_mf1=0.6840
  ep   5  loss=0.1660  val_mf1=0.7868
  ep  10  loss=0.0750  val_mf1=0.7843
  ep  15  loss=0.0677  val_mf1=0.7932
  ep  20  loss=0.0367  val_mf1=0.8269
  ep  25  loss=0.0233  val_mf1=0.8201
  ep  30  loss=0.0251  val_mf1=0.8036
  ep  35  loss=0.0276  val_mf1=0.8003
  ep  40  loss=0.0226  val_mf1=0.7978
  ep  45  loss=0.0187  val_mf1=0.8183
  ep  50  loss=0.0129  val_mf1=0.8053
  best ep 38  val_mf1=0.8279  (2453s)  TEST mf1=0.8245  wf1=0.8451  acc=0.8447

[18/48]

==== fusion_intermediate_tl × 3c × B3 × lm=mediapipe/blendshape_52(dim=52) ====
  Train N=9404  augment=True  is_coord=False  lr=0.0001
  class counts train: [4726, 1880, 2798]
  ep   1  loss=0.9304  val_mf1=0.6669
  ep   5  loss=0.1805  val_mf1=0.8024
  ep  10  loss=0.0798  val_mf1=0.7829
  ep  15  loss=0.0686  val_mf1=0.8110
  ep  20  loss=0.0439  val_mf1=0.8142
  ep  25  loss=0.0235  val_mf1=0.8019
  ep  30  loss=0.0205  val_mf1=0.8021
  ep  35  loss=0.0369  val_mf1=0.8089
  ep  40  loss=0.0180  val_mf1=0.8157
  ep  45  loss=0.0210  val_mf1=0.8269
  ep  50  loss=0.0139  val_mf1=0.8313
  best ep 48  val_mf1=0.8354  (2474s)  TEST mf1=0.8240  wf1=0.8448  acc=0.8433

[19/48]

==== fusion_intermediate_scratch × 3c × B1 × lm=mediapipe/facs_plus_bs_80(dim=80) ====
  Train N=9404  augment=False  is_coord=False  lr=0.001
  class counts train: [4726, 1880, 2798]
  ep   1  loss=0.8285  val_mf1=0.6280
  ep   5  loss=0.6745  val_mf1=0.6689
  ep  10  loss=0.5701  val_mf1=0.7148
  ep  15  loss=0.4139  val_mf1=0.7533
  ep  20  loss=0.2588  val_mf1=0.7542
  ep  25  loss=0.1561  val_mf1=0.7608
  ep  30  loss=0.1036  val_mf1=0.7600
  ep  35  loss=0.0919  val_mf1=0.7629
  ep  40  loss=0.0600  val_mf1=0.7482
  ep  45  loss=0.0519  val_mf1=0.7586
  ep  50  loss=0.0377  val_mf1=0.7503
  best ep 48  val_mf1=0.7712  (4867s)  TEST mf1=0.7642  wf1=0.7904  acc=0.7895

[20/48]

==== fusion_intermediate_scratch × 3c × B2 × lm=mediapipe/facs_plus_bs_80(dim=80) ====
  Train N=9404  augment=False  is_coord=False  lr=0.001
  class counts train: [4726, 1880, 2798]
  ep   1  loss=0.8686  val_mf1=0.5846
  ep   5  loss=0.7001  val_mf1=0.6442
  ep  10  loss=0.6145  val_mf1=0.6980
  ep  15  loss=0.4527  val_mf1=0.7392
  ep  20  loss=0.2688  val_mf1=0.7465
  ep  25  loss=0.1496  val_mf1=0.7564
  ep  30  loss=0.1174  val_mf1=0.7506
  best ep 18  val_mf1=0.7629  (3257s)  TEST mf1=0.7624  wf1=0.7852  acc=0.7854

[21/48]

==== fusion_intermediate_scratch × 3c × B3 × lm=mediapipe/facs_plus_bs_80(dim=80) ====
  Train N=9404  augment=True  is_coord=False  lr=0.001
  class counts train: [4726, 1880, 2798]
  ep   1  loss=0.8728  val_mf1=0.5989
  ep   5  loss=0.7016  val_mf1=0.6584
  ep  10  loss=0.5911  val_mf1=0.7222
  ep  15  loss=0.3821  val_mf1=0.7444
  ep  20  loss=0.2004  val_mf1=0.7538
  ep  25  loss=0.1197  val_mf1=0.7549
  ep  30  loss=0.0958  val_mf1=0.7579
  ep  35  loss=0.0760  val_mf1=0.7531
  ep  40  loss=0.0450  val_mf1=0.7575
  ep  45  loss=0.0458  val_mf1=0.7612
  ep  50  loss=0.0332  val_mf1=0.7591
  best ep 44  val_mf1=0.7685  (4989s)  TEST mf1=0.7744  wf1=0.8005  acc=0.8011

[22/48]

==== fusion_intermediate_tl × 3c × B1 × lm=mediapipe/facs_plus_bs_80(dim=80) ====
  Train N=9404  augment=False  is_coord=False  lr=0.0001
  class counts train: [4726, 1880, 2798]
  ep   1  loss=0.9168  val_mf1=0.6613
  ep   5  loss=0.1850  val_mf1=0.7716
  ep  10  loss=0.0819  val_mf1=0.7920
  ep  15  loss=0.0569  val_mf1=0.7723
  ep  20  loss=0.0353  val_mf1=0.7993
  ep  25  loss=0.0349  val_mf1=0.8027
  ep  30  loss=0.0301  val_mf1=0.7964
  ep  35  loss=0.0239  val_mf1=0.8087
  ep  40  loss=0.0155  val_mf1=0.8156
  ep  45  loss=0.0191  val_mf1=0.8241
  ep  50  loss=0.0183  val_mf1=0.8086
  best ep 46  val_mf1=0.8309  (2557s)  TEST mf1=0.8227  wf1=0.8443  acc=0.8437

[23/48]

==== fusion_intermediate_tl × 3c × B2 × lm=mediapipe/facs_plus_bs_80(dim=80) ====
  Train N=9404  augment=False  is_coord=False  lr=0.0001
  class counts train: [4726, 1880, 2798]
  ep   1  loss=0.9255  val_mf1=0.6766
  ep   5  loss=0.1674  val_mf1=0.7809
  ep  10  loss=0.0841  val_mf1=0.7919
  ep  15  loss=0.0534  val_mf1=0.7970
  ep  20  loss=0.0505  val_mf1=0.8158
  ep  25  loss=0.0326  val_mf1=0.7998
  ep  30  loss=0.0255  val_mf1=0.8248
  ep  35  loss=0.0215  val_mf1=0.8237
  ep  40  loss=0.0178  val_mf1=0.8265
  ep  45  loss=0.0234  val_mf1=0.8031
  ep  50  loss=0.0143  val_mf1=0.8246
  best ep 40  val_mf1=0.8265  (2284s)  TEST mf1=0.8207  wf1=0.8419  acc=0.8437

[24/48]

==== fusion_intermediate_tl × 3c × B3 × lm=mediapipe/facs_plus_bs_80(dim=80) ====
  Train N=9404  augment=True  is_coord=False  lr=0.0001
  class counts train: [4726, 1880, 2798]
  ep   1  loss=0.9378  val_mf1=0.6667
  ep   5  loss=0.1728  val_mf1=0.7676
  ep  10  loss=0.0980  val_mf1=0.8068
  ep  15  loss=0.0619  val_mf1=0.8078
  ep  20  loss=0.0459  val_mf1=0.8231
  ep  25  loss=0.0368  val_mf1=0.8020
  ep  30  loss=0.0214  val_mf1=0.7910
  ep  35  loss=0.0101  val_mf1=0.8171
  best ep 21  val_mf1=0.8261  (1426s)  TEST mf1=0.8223  wf1=0.8412  acc=0.8406

[25/48] SKIP fusion_intermediate_scratch_b1_7c (existing, mf1=0.6774)

[26/48] SKIP fusion_intermediate_scratch_b2_7c (existing, mf1=0.6383)

[27/48] SKIP fusion_intermediate_scratch_b3_7c (existing, mf1=0.7088)

[28/48] SKIP fusion_intermediate_tl_b1_7c (existing, mf1=0.7204)

[29/48] SKIP fusion_intermediate_tl_b2_7c (existing, mf1=0.7222)

[30/48] SKIP fusion_intermediate_tl_b3_7c (existing, mf1=0.7377)

[31/48]

==== fusion_intermediate_scratch × 7c × B1 × lm=mediapipe/facs_28(dim=28) ====
  Train N=9404  augment=False  is_coord=False  lr=0.001
  class counts train: [1880, 3725, 1515, 511, 212, 560, 1001]
  ep   1  loss=1.3481  val_mf1=0.4132
  ep   5  loss=1.0496  val_mf1=0.5148
  ep  10  loss=0.7930  val_mf1=0.6161
  ep  15  loss=0.5341  val_mf1=0.6458
