[2026-05-17T10:18:32+07:00] GPU 2 extension chain: waiting for gated chain PID 1682398...
[2026-05-17T22:51:33+07:00] PID 1682398 done. Launching GPU 2 extension chain (B+D).
===================================================================
=== B. KDEF + RAF-DB B2/B3 extension (landmark + image + fusion) ===
===================================================================
#### kdef_7class landmark B2/B3 ####
Device: cuda
DATA_DIR: /mnt/extended-home/fitra_dosen/2025_iris_fer_taufik/MultimodalEmoLearn/data/benchmark/kdef_7class
Output: /mnt/extended-home/fitra_dosen/2025_iris_fer_taufik/MultimodalEmoLearn/models/benchmark/kdef_7class
Total runs: 16
Pre-loaded 8 existing runs (use --force-retrain to ignore)

[1/16]

==== mediapipe × raw_136 × fcnn × 3c × B2 ====
  Train N=2353  in_dim=136  augment=False
  class counts train: [674, 334, 1345]
  ep   1  loss=1.0249  val_mf1=0.0833
  ep  10  loss=0.5497  val_mf1=0.4142
  ep  20  loss=0.5082  val_mf1=0.6551
  ep  30  loss=0.4525  val_mf1=0.5936
  best ep 16  val_mf1=0.7851  (44s)  TEST mf1=0.6646  wf1=0.7203  acc=0.7279

[2/16]

==== mediapipe × raw_136 × fcnn × 3c × B3 ====
  Train N=2353  in_dim=136  augment=True
  class counts train: [674, 334, 1345]
  ep   1  loss=1.1460  val_mf1=0.3696
  ep  10  loss=0.6593  val_mf1=0.5378
  ep  20  loss=0.6084  val_mf1=0.3719
  ep  30  loss=0.5543  val_mf1=0.7388
  ep  40  loss=0.5464  val_mf1=0.8177
  ep  50  loss=0.5413  val_mf1=0.4201
  best ep 40  val_mf1=0.8177  (72s)  TEST mf1=0.6896  wf1=0.7136  acc=0.7143

[3/16]

==== mediapipe × raw_136 × cnn1d × 3c × B2 ====
  Train N=2353  in_dim=136  augment=False
  class counts train: [674, 334, 1345]
  ep   1  loss=1.1186  val_mf1=0.4238
  ep  10  loss=0.6289  val_mf1=0.7986
  ep  20  loss=0.5435  val_mf1=0.7965
  best ep 10  val_mf1=0.7986  (60s)  TEST mf1=0.6041  wf1=0.5954  acc=0.6020

[4/16]

==== mediapipe × raw_136 × cnn1d × 3c × B3 ====
  Train N=2353  in_dim=136  augment=True
  class counts train: [674, 334, 1345]
  ep   1  loss=1.1315  val_mf1=0.3169
  ep  10  loss=0.6971  val_mf1=0.5350
  ep  20  loss=0.6442  val_mf1=0.6662
  ep  30  loss=0.5708  val_mf1=0.7660
  ep  40  loss=0.4964  val_mf1=0.7008
  best ep 30  val_mf1=0.7660  (114s)  TEST mf1=0.6936  wf1=0.7033  acc=0.7041

[5/16]

==== mediapipe × facs_28 × fcnn × 3c × B2 ====
  Train N=2353  in_dim=28  augment=False
  class counts train: [674, 334, 1345]
  ep   1  loss=0.7524  val_mf1=0.7115
  ep  10  loss=0.4365  val_mf1=0.7941
  ep  20  loss=0.3822  val_mf1=0.8194
  ep  30  loss=0.3670  val_mf1=0.7782
  best ep 23  val_mf1=0.8752  (68s)  TEST mf1=0.7260  wf1=0.7363  acc=0.7381

[6/16]

==== mediapipe × facs_28 × fcnn × 3c × B3 ====
  Train N=2353  in_dim=28  augment=True
  class counts train: [674, 334, 1345]
  ep   1  loss=0.8651  val_mf1=0.6982
  ep  10  loss=0.5676  val_mf1=0.7505
  ep  20  loss=0.5244  val_mf1=0.7479
  ep  30  loss=0.5271  val_mf1=0.7663
  best ep 17  val_mf1=0.8241  (61s)  TEST mf1=0.6912  wf1=0.7052  acc=0.7041

[7/16]

==== mediapipe × facs_28 × cnn1d × 3c × B2 ====
  Train N=2353  in_dim=28  augment=False
  class counts train: [674, 334, 1345]
  ep   1  loss=0.9119  val_mf1=0.4892
  ep  10  loss=0.5046  val_mf1=0.7097
  ep  20  loss=0.4342  val_mf1=0.6801
  ep  30  loss=0.4183  val_mf1=0.7290
  best ep 24  val_mf1=0.7881  (70s)  TEST mf1=0.6512  wf1=0.6450  acc=0.6565

[8/16]

==== mediapipe × facs_28 × cnn1d × 3c × B3 ====
  Train N=2353  in_dim=28  augment=True
  class counts train: [674, 334, 1345]
  ep   1  loss=0.9706  val_mf1=0.4834
  ep  10  loss=0.5850  val_mf1=0.6309
  ep  20  loss=0.5557  val_mf1=0.5988
  ep  30  loss=0.5383  val_mf1=0.6851
  best ep 15  val_mf1=0.7260  (60s)  TEST mf1=0.6434  wf1=0.6409  acc=0.6463

[9/16]

==== mediapipe × raw_136 × fcnn × 7c × B2 ====
  Train N=2353  in_dim=136  augment=False
  class counts train: [334, 337, 336, 337, 338, 334, 337]
  ep   1  loss=1.8744  val_mf1=0.0622
  ep  10  loss=1.0105  val_mf1=0.3620
  ep  20  loss=0.9243  val_mf1=0.4760
  best ep 14  val_mf1=0.5849  (42s)  TEST mf1=0.5485  wf1=0.5485  acc=0.5612

[10/16]

==== mediapipe × raw_136 × fcnn × 7c × B3 ====
  Train N=2353  in_dim=136  augment=True
  class counts train: [334, 337, 336, 337, 338, 334, 337]
  ep   1  loss=1.9951  val_mf1=0.1197
  ep  10  loss=1.2392  val_mf1=0.4074
  ep  20  loss=1.0704  val_mf1=0.4997
  ep  30  loss=1.0582  val_mf1=0.6059
  ep  40  loss=1.0907  val_mf1=0.6266
  ep  50  loss=1.0568  val_mf1=0.4065
  best ep 48  val_mf1=0.6693  (73s)  TEST mf1=0.5742  wf1=0.5742  acc=0.6020

[11/16]

==== mediapipe × raw_136 × cnn1d × 7c × B2 ====
  Train N=2353  in_dim=136  augment=False
  class counts train: [334, 337, 336, 337, 338, 334, 337]
  ep   1  loss=1.9521  val_mf1=0.1788
  ep  10  loss=1.1082  val_mf1=0.6144
  ep  20  loss=0.9632  val_mf1=0.4921
  ep  30  loss=0.8938  val_mf1=0.6607
  ep  40  loss=0.8784  val_mf1=0.6091
  ep  50  loss=0.8634  val_mf1=0.6786
  best ep 36  val_mf1=0.6884  (119s)  TEST mf1=0.5851  wf1=0.5851  acc=0.5952

[12/16]

==== mediapipe × raw_136 × cnn1d × 7c × B3 ====
  Train N=2353  in_dim=136  augment=True
  class counts train: [334, 337, 336, 337, 338, 334, 337]
  ep   1  loss=2.0001  val_mf1=0.0855
  ep  10  loss=1.3114  val_mf1=0.4349
  ep  20  loss=1.1399  val_mf1=0.5798
  ep  30  loss=1.0618  val_mf1=0.4949
  ep  40  loss=1.0146  val_mf1=0.6019
  ep  50  loss=1.0374  val_mf1=0.6543
  best ep 48  val_mf1=0.6710  (129s)  TEST mf1=0.6015  wf1=0.6015  acc=0.6259

[13/16]

==== mediapipe × facs_28 × fcnn × 7c × B2 ====
  Train N=2353  in_dim=28  augment=False
  class counts train: [334, 337, 336, 337, 338, 334, 337]
  ep   1  loss=1.5372  val_mf1=0.5236
  ep  10  loss=0.8867  val_mf1=0.7496
  ep  20  loss=0.7596  val_mf1=0.7379
  best ep 8  val_mf1=0.7911  (41s)  TEST mf1=0.5927  wf1=0.5927  acc=0.6122

[14/16]

==== mediapipe × facs_28 × fcnn × 7c × B3 ====
  Train N=2353  in_dim=28  augment=True
  class counts train: [334, 337, 336, 337, 338, 334, 337]
  ep   1  loss=1.6788  val_mf1=0.5250
  ep  10  loss=1.0886  val_mf1=0.6647
  ep  20  loss=1.0175  val_mf1=0.7052
  ep  30  loss=1.0391  val_mf1=0.6620
  best ep 18  val_mf1=0.7211  (65s)  TEST mf1=0.6087  wf1=0.6087  acc=0.6259

[15/16]

==== mediapipe × facs_28 × cnn1d × 7c × B2 ====
  Train N=2353  in_dim=28  augment=False
  class counts train: [334, 337, 336, 337, 338, 334, 337]
  ep   1  loss=1.7178  val_mf1=0.4751
  ep  10  loss=0.9920  val_mf1=0.6693
  ep  20  loss=0.8795  val_mf1=0.6741
  ep  30  loss=0.8301  val_mf1=0.7177
  best ep 21  val_mf1=0.7689  (58s)  TEST mf1=0.5836  wf1=0.5836  acc=0.6020

[16/16]

==== mediapipe × facs_28 × cnn1d × 7c × B3 ====
  Train N=2353  in_dim=28  augment=True
  class counts train: [334, 337, 336, 337, 338, 334, 337]
  ep   1  loss=1.8034  val_mf1=0.3302
  ep  10  loss=1.1572  val_mf1=0.6403
  ep  20  loss=1.0834  val_mf1=0.6856
  ep  30  loss=1.0442  val_mf1=0.6808
  best ep 20  val_mf1=0.6856  (68s)  TEST mf1=0.5303  wf1=0.5303  acc=0.5680

Sweep done: trained=16, skipped_existing=0
Saved: /mnt/extended-home/fitra_dosen/2025_iris_fer_taufik/MultimodalEmoLearn/models/benchmark/kdef_7class/3class/Unified/raw_136/results.json
Saved: /mnt/extended-home/fitra_dosen/2025_iris_fer_taufik/MultimodalEmoLearn/models/benchmark/kdef_7class/3class/Unified/facs_28/results.json
Saved: /mnt/extended-home/fitra_dosen/2025_iris_fer_taufik/MultimodalEmoLearn/models/benchmark/kdef_7class/7class/Unified/raw_136/results.json
Saved: /mnt/extended-home/fitra_dosen/2025_iris_fer_taufik/MultimodalEmoLearn/models/benchmark/kdef_7class/7class/Unified/facs_28/results.json

===============================================================================================
SUMMARY: Unified protocol macro_f1
===============================================================================================
  scheme  feat      src         arch          B1        B2        B3
  3c     raw_136   mediapipe   fcnn      0.6937    0.6646    0.6896
  3c     raw_136   mediapipe   cnn1d     0.7099    0.6041    0.6936
  3c     facs_28   mediapipe   fcnn      0.7223    0.7260    0.6912
  3c     facs_28   mediapipe   cnn1d     0.7063    0.6512    0.6434
  7c     raw_136   mediapipe   fcnn      0.5078    0.5485    0.5742
  7c     raw_136   mediapipe   cnn1d     0.6042    0.5851    0.6015
  7c     facs_28   mediapipe   fcnn      0.6066    0.5927    0.6087
  7c     facs_28   mediapipe   cnn1d     0.6341    0.5836    0.5303
#### kdef_7class image B2/B3 ####
Device: cuda
DATA_DIR: /mnt/extended-home/fitra_dosen/2025_iris_fer_taufik/MultimodalEmoLearn/data/benchmark/kdef_7class
Output: /mnt/extended-home/fitra_dosen/2025_iris_fer_taufik/MultimodalEmoLearn/models/benchmark/kdef_7class
Total runs: 8
Pre-loaded 4 existing runs (use --force-retrain to ignore)

[1/8]

==== cnn_scratch × 3c × B2 ====
  Train N=2353  img_shape=(224, 224, 3)  augment=False  lr=0.001
  class counts train: [674, 334, 1345]
  ep   1  loss=1.1968  val_mf1=0.1893
  ep   5  loss=0.9562  val_mf1=0.6024
  ep  10  loss=0.4274  val_mf1=0.8147
  ep  15  loss=0.2942  val_mf1=0.8665
  ep  20  loss=0.1764  val_mf1=0.8847
  ep  25  loss=0.1643  val_mf1=0.8569
  ep  30  loss=0.1078  val_mf1=0.9142
  ep  35  loss=0.0788  val_mf1=0.9106
  ep  40  loss=0.0930  val_mf1=0.8874
  ep  45  loss=0.0675  val_mf1=0.8633
  best ep 34  val_mf1=0.9157  (1350s)  TEST mf1=0.7736  wf1=0.7756  acc=0.7755

[2/8]

==== cnn_scratch × 3c × B3 ====
  Train N=2353  img_shape=(224, 224, 3)  augment=True  lr=0.001
  class counts train: [674, 334, 1345]
  ep   1  loss=1.1980  val_mf1=0.3813
  ep   5  loss=0.9235  val_mf1=0.6104
  ep  10  loss=0.4944  val_mf1=0.7601
  ep  15  loss=0.3716  val_mf1=0.8617
  ep  20  loss=0.2339  val_mf1=0.8998
  ep  25  loss=0.2123  val_mf1=0.8753
  ep  30  loss=0.1807  val_mf1=0.9538
  ep  35  loss=0.1356  val_mf1=0.9495
  ep  40  loss=0.1438  val_mf1=0.9455
  ep  45  loss=0.1470  val_mf1=0.8960
  ep  50  loss=0.1291  val_mf1=0.9127
  best ep 37  val_mf1=0.9740  (1339s)  TEST mf1=0.8806  wf1=0.8849  acc=0.8844

[3/8]

==== cnn_tl × 3c × B2 ====
  Train N=2353  img_shape=(224, 224, 3)  augment=False  lr=0.0001
  class counts train: [674, 334, 1345]
  ep   1  loss=0.4699  val_mf1=0.8951
  ep   5  loss=0.0444  val_mf1=0.9625
  ep  10  loss=0.0164  val_mf1=0.9727
  ep  15  loss=0.0208  val_mf1=0.9510
  ep  20  loss=0.0043  val_mf1=0.9765
  ep  25  loss=0.0158  val_mf1=0.9577
  ep  30  loss=0.0018  val_mf1=0.9541
  ep  35  loss=0.0188  val_mf1=0.9271
  best ep 21  val_mf1=0.9847  (452s)  TEST mf1=0.9403  wf1=0.9424  acc=0.9422

[4/8]

==== cnn_tl × 3c × B3 ====
  Train N=2353  img_shape=(224, 224, 3)  augment=True  lr=0.0001
  class counts train: [674, 334, 1345]
  ep   1  loss=0.5431  val_mf1=0.8755
  ep   5  loss=0.0816  val_mf1=0.8898
  ep  10  loss=0.0463  val_mf1=0.9648
  ep  15  loss=0.0272  val_mf1=0.9805
  ep  20  loss=0.0215  val_mf1=0.9416
  ep  25  loss=0.0256  val_mf1=0.9601
  ep  30  loss=0.0105  val_mf1=0.9812
  ep  35  loss=0.0209  val_mf1=0.9708
  ep  40  loss=0.0133  val_mf1=0.9585
  best ep 28  val_mf1=0.9840  (552s)  TEST mf1=0.9486  wf1=0.9525  acc=0.9524

[5/8]

==== cnn_scratch × 7c × B2 ====
  Train N=2353  img_shape=(224, 224, 3)  augment=False  lr=0.001
  class counts train: [334, 337, 336, 337, 338, 334, 337]
  ep   1  loss=2.0135  val_mf1=0.1442
  ep   5  loss=1.0451  val_mf1=0.6407
  ep  10  loss=0.6457  val_mf1=0.6552
  ep  15  loss=0.3682  val_mf1=0.7606
  ep  20  loss=0.2154  val_mf1=0.7295
  ep  25  loss=0.1537  val_mf1=0.7553
  ep  30  loss=0.1413  val_mf1=0.7652
  ep  35  loss=0.1007  val_mf1=0.7841
  ep  40  loss=0.1067  val_mf1=0.7719
  ep  45  loss=0.0977  val_mf1=0.7974
  best ep 32  val_mf1=0.8284  (1222s)  TEST mf1=0.8104  wf1=0.8104  acc=0.8129

[6/8]

==== cnn_scratch × 7c × B3 ====
  Train N=2353  img_shape=(224, 224, 3)  augment=True  lr=0.001
  class counts train: [334, 337, 336, 337, 338, 334, 337]
  ep   1  loss=2.0645  val_mf1=0.1577
  ep   5  loss=1.9204  val_mf1=0.1682
  ep  10  loss=1.0025  val_mf1=0.5863
  ep  15  loss=0.7485  val_mf1=0.6832
  ep  20  loss=0.6013  val_mf1=0.7595
  ep  25  loss=0.4974  val_mf1=0.7852
  ep  30  loss=0.4402  val_mf1=0.6913
  ep  35  loss=0.3480  val_mf1=0.8015
  ep  40  loss=0.3389  val_mf1=0.8255
  ep  45  loss=0.2730  val_mf1=0.8234
  ep  50  loss=0.2760  val_mf1=0.8037
  best ep 48  val_mf1=0.8636  (1198s)  TEST mf1=0.8490  wf1=0.8490  acc=0.8503

[7/8]

==== cnn_tl × 7c × B2 ====
  Train N=2353  img_shape=(224, 224, 3)  augment=False  lr=0.0001
  class counts train: [334, 337, 336, 337, 338, 334, 337]
  ep   1  loss=1.2366  val_mf1=0.7606
  ep   5  loss=0.1184  val_mf1=0.8611
  ep  10  loss=0.0408  val_mf1=0.8215
  ep  15  loss=0.0387  val_mf1=0.8718
  ep  20  loss=0.0495  val_mf1=0.8664
  ep  25  loss=0.0126  val_mf1=0.8669
  ep  30  loss=0.0156  val_mf1=0.8737
  ep  35  loss=0.0174  val_mf1=0.7907
  ep  40  loss=0.0183  val_mf1=0.8755
  ep  45  loss=0.0099  val_mf1=0.8978
  ep  50  loss=0.0019  val_mf1=0.9079
  best ep 39  val_mf1=0.9141  (707s)  TEST mf1=0.8761  wf1=0.8761  acc=0.8776

[8/8]

==== cnn_tl × 7c × B3 ====
  Train N=2353  img_shape=(224, 224, 3)  augment=True  lr=0.0001
  class counts train: [334, 337, 336, 337, 338, 334, 337]
  ep   1  loss=1.3442  val_mf1=0.7510
  ep   5  loss=0.2133  val_mf1=0.8616
  ep  10  loss=0.1152  val_mf1=0.8097
  ep  15  loss=0.0545  val_mf1=0.8890
  ep  20  loss=0.0620  val_mf1=0.8966
  ep  25  loss=0.0379  val_mf1=0.8938
  ep  30  loss=0.0440  val_mf1=0.8558
  best ep 17  val_mf1=0.9179  (455s)  TEST mf1=0.8495  wf1=0.8495  acc=0.8537

Sweep done: trained=8, skipped_existing=0
Saved: /mnt/extended-home/fitra_dosen/2025_iris_fer_taufik/MultimodalEmoLearn/models/benchmark/kdef_7class/3class/Unified/cnn_scratch/results.json
Saved: /mnt/extended-home/fitra_dosen/2025_iris_fer_taufik/MultimodalEmoLearn/models/benchmark/kdef_7class/3class/Unified/cnn_tl/results.json
Saved: /mnt/extended-home/fitra_dosen/2025_iris_fer_taufik/MultimodalEmoLearn/models/benchmark/kdef_7class/7class/Unified/cnn_scratch/results.json
Saved: /mnt/extended-home/fitra_dosen/2025_iris_fer_taufik/MultimodalEmoLearn/models/benchmark/kdef_7class/7class/Unified/cnn_tl/results.json

================================================================================
SUMMARY: Unified protocol image-based macro_f1
================================================================================
  scheme  arch                B1        B2        B3
  3c     cnn_scratch        nan    0.7736    0.8806
  3c     cnn_tl             nan    0.9403    0.9486
  7c     cnn_scratch        nan    0.8104    0.8490
  7c     cnn_tl             nan    0.8761    0.8495
#### kdef_7class fusion B2/B3 ####
Device: cuda
DATA_DIR: /mnt/extended-home/fitra_dosen/2025_iris_fer_taufik/MultimodalEmoLearn/data/benchmark/kdef_7class
Output: /mnt/extended-home/fitra_dosen/2025_iris_fer_taufik/MultimodalEmoLearn/models/benchmark/kdef_7class
Total runs: 16
Pre-loaded 8 existing runs (use --force-retrain to ignore)

[1/16]

==== fusion_early_scratch × 3c × B2 × lm=mediapipe/raw_136(dim=136) ====
  Train N=2353  augment=False  is_coord=True  lr=0.001  early_fusion_mode=concat
  class counts train: [674, 334, 1345]
  ep   1  loss=1.1430  val_mf1=0.5137
  ep   5  loss=0.4493  val_mf1=0.8151
  ep  10  loss=0.3408  val_mf1=0.8292
  ep  15  loss=0.2302  val_mf1=0.8843
  ep  20  loss=0.1543  val_mf1=0.8879
  ep  25  loss=0.1456  val_mf1=0.8876
  ep  30  loss=0.1212  val_mf1=0.9247
  ep  35  loss=0.0895  val_mf1=0.8894
  ep  40  loss=0.0889  val_mf1=0.8892
  ep  45  loss=0.0440  val_mf1=0.8843
  best ep 30  val_mf1=0.9247  (1361s)  TEST mf1=0.7742  wf1=0.7869  acc=0.7857

[2/16]

==== fusion_early_scratch × 3c × B3 × lm=mediapipe/raw_136(dim=136) ====
  Train N=2353  augment=True  is_coord=True  lr=0.001  early_fusion_mode=concat
  class counts train: [674, 334, 1345]
  ep   1  loss=1.1785  val_mf1=0.2415
  ep   5  loss=0.6124  val_mf1=0.7322
  ep  10  loss=0.4984  val_mf1=0.7898
  ep  15  loss=0.3978  val_mf1=0.8624
  ep  20  loss=0.3163  val_mf1=0.8985
  ep  25  loss=0.2726  val_mf1=0.9051
  ep  30  loss=0.2419  val_mf1=0.9117
  ep  35  loss=0.1902  val_mf1=0.9252
  ep  40  loss=0.2071  val_mf1=0.9104
  ep  45  loss=0.1682  val_mf1=0.9007
  ep  50  loss=0.1752  val_mf1=0.9351
  best ep 50  val_mf1=0.9351  (1509s)  TEST mf1=0.8154  wf1=0.8308  acc=0.8299

[3/16]

==== fusion_early_tl × 3c × B2 × lm=mediapipe/raw_136(dim=136) ====
  Train N=2353  augment=False  is_coord=True  lr=0.0001  early_fusion_mode=concat
  class counts train: [674, 334, 1345]
  ep   1  loss=0.5704  val_mf1=0.7689
  ep   5  loss=0.0426  val_mf1=0.8895
  ep  10  loss=0.0139  val_mf1=0.9377
  ep  15  loss=0.0091  val_mf1=0.9527
  ep  20  loss=0.0194  val_mf1=0.8691
  ep  25  loss=0.0095  val_mf1=0.9461
  ep  30  loss=0.0102  val_mf1=0.9702
  ep  35  loss=0.0075  val_mf1=0.9243
  ep  40  loss=0.0099  val_mf1=0.7793
  ep  45  loss=0.0012  val_mf1=0.9510
  ep  50  loss=0.0081  val_mf1=0.9831
  best ep 50  val_mf1=0.9831  (747s)  TEST mf1=0.9626  wf1=0.9565  acc=0.9558

[4/16]

==== fusion_early_tl × 3c × B3 × lm=mediapipe/raw_136(dim=136) ====
  Train N=2353  augment=True  is_coord=True  lr=0.0001  early_fusion_mode=concat
  class counts train: [674, 334, 1345]
  ep   1  loss=0.6725  val_mf1=0.8967
  ep   5  loss=0.1047  val_mf1=0.9680
  ep  10  loss=0.0449  val_mf1=0.9323
  ep  15  loss=0.0346  val_mf1=0.9739
  ep  20  loss=0.0260  val_mf1=0.9628
  ep  25  loss=0.0223  val_mf1=0.9575
  ep  30  loss=0.0317  val_mf1=0.9512
  best ep 15  val_mf1=0.9739  (439s)  TEST mf1=0.9485  wf1=0.9492  acc=0.9490

[5/16]

==== fusion_intermediate_scratch × 3c × B2 × lm=mediapipe/raw_136(dim=136) ====
  Train N=2353  augment=False  is_coord=True  lr=0.001
  class counts train: [674, 334, 1345]
  ep   1  loss=1.1418  val_mf1=0.0931
  ep   5  loss=0.6162  val_mf1=0.1468
  ep  10  loss=0.4935  val_mf1=0.4799
  ep  15  loss=0.4346  val_mf1=0.7075
  ep  20  loss=0.3055  val_mf1=0.5827
  ep  25  loss=0.2455  val_mf1=0.7869
  ep  30  loss=0.1785  val_mf1=0.7919
  best ep 17  val_mf1=0.8480  (911s)  TEST mf1=0.7404  wf1=0.7640  acc=0.7619

[6/16]

==== fusion_intermediate_scratch × 3c × B3 × lm=mediapipe/raw_136(dim=136) ====
  Train N=2353  augment=True  is_coord=True  lr=0.001
  class counts train: [674, 334, 1345]
  ep   1  loss=1.1942  val_mf1=0.3817
  ep   5  loss=0.7343  val_mf1=0.5497
  ep  10  loss=0.6314  val_mf1=0.3207
  ep  15  loss=0.6034  val_mf1=0.4996
  ep  20  loss=0.4886  val_mf1=0.6939
  ep  25  loss=0.4571  val_mf1=0.8106
  ep  30  loss=0.3992  val_mf1=0.8106
  ep  35  loss=0.3377  val_mf1=0.8143
  ep  40  loss=0.3100  val_mf1=0.8715
  ep  45  loss=0.2824  val_mf1=0.8631
  ep  50  loss=0.2584  val_mf1=0.8750
  best ep 49  val_mf1=0.8815  (1450s)  TEST mf1=0.7793  wf1=0.8097  acc=0.8129

[7/16]

==== fusion_intermediate_tl × 3c × B2 × lm=mediapipe/raw_136(dim=136) ====
  Train N=2353  augment=False  is_coord=True  lr=0.0001
  class counts train: [674, 334, 1345]
  ep   1  loss=1.0693  val_mf1=0.7733
  ep   5  loss=0.0852  val_mf1=0.9432
  ep  10  loss=0.0600  val_mf1=0.8801
  ep  15  loss=0.0337  val_mf1=0.9701
  ep  20  loss=0.0220  val_mf1=0.9591
  ep  25  loss=0.0130  val_mf1=0.9758
  ep  30  loss=0.0117  val_mf1=0.9422
  ep  35  loss=0.0126  val_mf1=0.8646
  ep  40  loss=0.0104  val_mf1=0.9553
  ep  45  loss=0.0025  val_mf1=0.9681
  best ep 32  val_mf1=0.9840  (716s)  TEST mf1=0.9558  wf1=0.9561  acc=0.9558

[8/16]

==== fusion_intermediate_tl × 3c × B3 × lm=mediapipe/raw_136(dim=136) ====
  Train N=2353  augment=True  is_coord=True  lr=0.0001
  class counts train: [674, 334, 1345]
  ep   1  loss=1.1235  val_mf1=0.6739
  ep   5  loss=0.1629  val_mf1=0.9359
  ep  10  loss=0.0758  val_mf1=0.9670
  ep  15  loss=0.0564  val_mf1=0.9080
  ep  20  loss=0.0395  val_mf1=0.9716
  ep  25  loss=0.0378  val_mf1=0.9690
  ep  30  loss=0.0198  val_mf1=0.9722
  ep  35  loss=0.0459  val_mf1=0.9523
  ep  40  loss=0.0181  val_mf1=0.9752
  ep  45  loss=0.0329  val_mf1=0.9734
  best ep 31  val_mf1=0.9820  (703s)  TEST mf1=0.9363  wf1=0.9356  acc=0.9354

[9/16]

==== fusion_early_scratch × 7c × B2 × lm=mediapipe/raw_136(dim=136) ====
  Train N=2353  augment=False  is_coord=True  lr=0.001  early_fusion_mode=concat
  class counts train: [334, 337, 336, 337, 338, 334, 337]
  ep   1  loss=2.0496  val_mf1=0.1662
  ep   5  loss=1.0358  val_mf1=0.6503
  ep  10  loss=0.7553  val_mf1=0.6748
  ep  15  loss=0.4911  val_mf1=0.7688
  ep  20  loss=0.3319  val_mf1=0.7918
  ep  25  loss=0.2690  val_mf1=0.7707
  ep  30  loss=0.1906  val_mf1=0.8021
  ep  35  loss=0.1755  val_mf1=0.8233
  ep  40  loss=0.1370  val_mf1=0.8044
  ep  45  loss=0.0926  val_mf1=0.7860
  ep  50  loss=0.1033  val_mf1=0.7731
  best ep 47  val_mf1=0.8247  (1438s)  TEST mf1=0.6833  wf1=0.6833  acc=0.6837

[10/16]

==== fusion_early_scratch × 7c × B3 × lm=mediapipe/raw_136(dim=136) ====
  Train N=2353  augment=True  is_coord=True  lr=0.001  early_fusion_mode=concat
  class counts train: [334, 337, 336, 337, 338, 334, 337]
  ep   1  loss=2.0592  val_mf1=0.0884
  ep   5  loss=1.1419  val_mf1=0.6567
  ep  10  loss=0.9084  val_mf1=0.7086
  ep  15  loss=0.7268  val_mf1=0.7468
  ep  20  loss=0.6343  val_mf1=0.7443
  ep  25  loss=0.5597  val_mf1=0.7907
  ep  30  loss=0.4935  val_mf1=0.8146
  ep  35  loss=0.4590  val_mf1=0.7706
  ep  40  loss=0.3778  val_mf1=0.8410
  ep  45  loss=0.3316  val_mf1=0.7909
  ep  50  loss=0.3184  val_mf1=0.8109
  best ep 40  val_mf1=0.8410  (1358s)  TEST mf1=0.7366  wf1=0.7366  acc=0.7381

[11/16]

==== fusion_early_tl × 7c × B2 × lm=mediapipe/raw_136(dim=136) ====
  Train N=2353  augment=False  is_coord=True  lr=0.0001  early_fusion_mode=concat
  class counts train: [334, 337, 336, 337, 338, 334, 337]
  ep   1  loss=1.3540  val_mf1=0.7039
  ep   5  loss=0.1199  val_mf1=0.8514
  ep  10  loss=0.0380  val_mf1=0.8031
  ep  15  loss=0.0352  val_mf1=0.8007
  ep  20  loss=0.0390  val_mf1=0.8417
  ep  25  loss=0.0106  val_mf1=0.8833
  ep  30  loss=0.0099  val_mf1=0.8818
  ep  35  loss=0.0675  val_mf1=0.8386
  ep  40  loss=0.0162  val_mf1=0.8726
  best ep 26  val_mf1=0.9150  (558s)  TEST mf1=0.9066  wf1=0.9066  acc=0.9082

[12/16]

==== fusion_early_tl × 7c × B3 × lm=mediapipe/raw_136(dim=136) ====
  Train N=2353  augment=True  is_coord=True  lr=0.0001  early_fusion_mode=concat
  class counts train: [334, 337, 336, 337, 338, 334, 337]
  ep   1  loss=1.4802  val_mf1=0.6643
  ep   5  loss=0.2553  val_mf1=0.8046
  ep  10  loss=0.1217  val_mf1=0.8734
  ep  15  loss=0.0975  val_mf1=0.8600
  ep  20  loss=0.0500  val_mf1=0.8820
  ep  25  loss=0.0550  val_mf1=0.8728
  ep  30  loss=0.0453  val_mf1=0.8487
  ep  35  loss=0.0467  val_mf1=0.8853
  ep  40  loss=0.0382  val_mf1=0.8936
  ep  45  loss=0.0301  val_mf1=0.8512
  ep  50  loss=0.0266  val_mf1=0.8696
  best ep 44  val_mf1=0.9004  (698s)  TEST mf1=0.8789  wf1=0.8789  acc=0.8810

[13/16]

==== fusion_intermediate_scratch × 7c × B2 × lm=mediapipe/raw_136(dim=136) ====
  Train N=2353  augment=False  is_coord=True  lr=0.001
  class counts train: [334, 337, 336, 337, 338, 334, 337]
  ep   1  loss=2.0598  val_mf1=0.1493
  ep   5  loss=1.2690  val_mf1=0.2504
  ep  10  loss=1.0001  val_mf1=0.2889
  ep  15  loss=0.7529  val_mf1=0.6072
  ep  20  loss=0.6515  val_mf1=0.7286
  ep  25  loss=0.4680  val_mf1=0.7723
  ep  30  loss=0.3501  val_mf1=0.7401
  ep  35  loss=0.2264  val_mf1=0.7610
  ep  40  loss=0.2144  val_mf1=0.7757
  ep  45  loss=0.2059  val_mf1=0.6534
  ep  50  loss=0.1396  val_mf1=0.7569
  best ep 49  val_mf1=0.7828  (1331s)  TEST mf1=0.7208  wf1=0.7208  acc=0.7279

[14/16]

==== fusion_intermediate_scratch × 7c × B3 × lm=mediapipe/raw_136(dim=136) ====
  Train N=2353  augment=True  is_coord=True  lr=0.001
  class counts train: [334, 337, 336, 337, 338, 334, 337]
  ep   1  loss=2.0786  val_mf1=0.1374
  ep   5  loss=1.6828  val_mf1=0.0350
  ep  10  loss=1.3078  val_mf1=0.3969
  ep  15  loss=1.0005  val_mf1=0.5556
  ep  20  loss=0.8775  val_mf1=0.6244
  ep  25  loss=0.7699  val_mf1=0.7463
  ep  30  loss=0.6509  val_mf1=0.7945
  ep  35  loss=0.5648  val_mf1=0.6461
  ep  40  loss=0.5071  val_mf1=0.8070
  ep  45  loss=0.4918  val_mf1=0.7827
  ep  50  loss=0.4362  val_mf1=0.8364
  best ep 50  val_mf1=0.8364  (1208s)  TEST mf1=0.7947  wf1=0.7947  acc=0.7959

[15/16]

==== fusion_intermediate_tl × 7c × B2 × lm=mediapipe/raw_136(dim=136) ====
  Train N=2353  augment=False  is_coord=True  lr=0.0001
  class counts train: [334, 337, 336, 337, 338, 334, 337]
  ep   1  loss=1.9568  val_mf1=0.3945
  ep   5  loss=0.5259  val_mf1=0.8208
  ep  10  loss=0.1447  val_mf1=0.9184
  ep  15  loss=0.0965  val_mf1=0.9074
  ep  20  loss=0.0738  val_mf1=0.8536
  ep  25  loss=0.0377  val_mf1=0.8731
  best ep 10  val_mf1=0.9184  (344s)  TEST mf1=0.8635  wf1=0.8635  acc=0.8673

[16/16]

==== fusion_intermediate_tl × 7c × B3 × lm=mediapipe/raw_136(dim=136) ====
  Train N=2353  augment=True  is_coord=True  lr=0.0001
  class counts train: [334, 337, 336, 337, 338, 334, 337]
  ep   1  loss=2.0032  val_mf1=0.3891
  ep   5  loss=0.7449  val_mf1=0.7511
  ep  10  loss=0.2688  val_mf1=0.8261
  ep  15  loss=0.1866  val_mf1=0.8697
  ep  20  loss=0.1428  val_mf1=0.8766
  ep  25  loss=0.1011  val_mf1=0.8877
  ep  30  loss=0.0740  val_mf1=0.8034
  best ep 19  val_mf1=0.9061  (483s)  TEST mf1=0.8639  wf1=0.8639  acc=0.8639

Sweep done: trained=16, skipped_existing=0
Saved: /mnt/extended-home/fitra_dosen/2025_iris_fer_taufik/MultimodalEmoLearn/models/benchmark/kdef_7class/3class/Unified/fusion_early_scratch/results.json
Saved: /mnt/extended-home/fitra_dosen/2025_iris_fer_taufik/MultimodalEmoLearn/models/benchmark/kdef_7class/3class/Unified/fusion_early_tl/results.json
Saved: /mnt/extended-home/fitra_dosen/2025_iris_fer_taufik/MultimodalEmoLearn/models/benchmark/kdef_7class/3class/Unified/fusion_intermediate_scratch/results.json
Saved: /mnt/extended-home/fitra_dosen/2025_iris_fer_taufik/MultimodalEmoLearn/models/benchmark/kdef_7class/3class/Unified/fusion_intermediate_tl/results.json
Saved: /mnt/extended-home/fitra_dosen/2025_iris_fer_taufik/MultimodalEmoLearn/models/benchmark/kdef_7class/7class/Unified/fusion_early_scratch/results.json
Saved: /mnt/extended-home/fitra_dosen/2025_iris_fer_taufik/MultimodalEmoLearn/models/benchmark/kdef_7class/7class/Unified/fusion_early_tl/results.json
Saved: /mnt/extended-home/fitra_dosen/2025_iris_fer_taufik/MultimodalEmoLearn/models/benchmark/kdef_7class/7class/Unified/fusion_intermediate_scratch/results.json
Saved: /mnt/extended-home/fitra_dosen/2025_iris_fer_taufik/MultimodalEmoLearn/models/benchmark/kdef_7class/7class/Unified/fusion_intermediate_tl/results.json

========================================================================================================================
SUMMARY: Unified protocol fusion macro_f1
========================================================================================================================
  scheme  fusion         mode    variant   feature           lm_src            B1        B2        B3
  3c     early          concat  scratch   raw_136           mediapipe        nan    0.7742    0.8154
  3c     early          concat  tl        raw_136           mediapipe        nan    0.9626    0.9485
  3c     intermediate   concat  scratch   raw_136           mediapipe        nan    0.7404    0.7793
  3c     intermediate   concat  tl        raw_136           mediapipe        nan    0.9558    0.9363
  7c     early          concat  scratch   raw_136           mediapipe        nan    0.6833    0.7366
  7c     early          concat  tl        raw_136           mediapipe        nan    0.9066    0.8789
  7c     intermediate   concat  scratch   raw_136           mediapipe        nan    0.7208    0.7947
  7c     intermediate   concat  tl        raw_136           mediapipe        nan    0.8635    0.8639
#### rafdb_7class landmark B2/B3 ####
Device: cuda
DATA_DIR: /mnt/extended-home/fitra_dosen/2025_iris_fer_taufik/MultimodalEmoLearn/data/benchmark/rafdb_7class
Output: /mnt/extended-home/fitra_dosen/2025_iris_fer_taufik/MultimodalEmoLearn/models/benchmark/rafdb_7class
Total runs: 16
Pre-loaded 8 existing runs (use --force-retrain to ignore)

[1/16]

==== mediapipe × raw_136 × fcnn × 3c × B2 ====
  Train N=9404  in_dim=136  augment=False
  class counts train: [4726, 1880, 2798]
  ep   1  loss=0.8647  val_mf1=0.5045
  ep  10  loss=0.7007  val_mf1=0.5563
  ep  20  loss=0.6720  val_mf1=0.5142
  best ep 11  val_mf1=0.6394  (138s)  TEST mf1=0.6522  wf1=0.6817  acc=0.6761

[2/16]

==== mediapipe × raw_136 × fcnn × 3c × B3 ====
  Train N=9404  in_dim=136  augment=True
  class counts train: [4726, 1880, 2798]
  ep   1  loss=0.9664  val_mf1=0.4157
  ep  10  loss=0.7812  val_mf1=0.5104
  ep  20  loss=0.7591  val_mf1=0.6091
  ep  30  loss=0.7490  val_mf1=0.6376
  ep  40  loss=0.7388  val_mf1=0.6100
  best ep 31  val_mf1=0.6509  (225s)  TEST mf1=0.6603  wf1=0.6892  acc=0.6822

[3/16]

==== mediapipe × raw_136 × cnn1d × 3c × B2 ====
  Train N=9404  in_dim=136  augment=False
  class counts train: [4726, 1880, 2798]
  ep   1  loss=0.9657  val_mf1=0.2888
  ep  10  loss=0.7801  val_mf1=0.6133
  ep  20  loss=0.7485  val_mf1=0.5589
  ep  30  loss=0.7343  val_mf1=0.6344
  ep  40  loss=0.7122  val_mf1=0.6293
  best ep 29  val_mf1=0.6391  (364s)  TEST mf1=0.6515  wf1=0.6817  acc=0.6792

[4/16]

==== mediapipe × raw_136 × cnn1d × 3c × B3 ====
  Train N=9404  in_dim=136  augment=True
  class counts train: [4726, 1880, 2798]
  ep   1  loss=1.0014  val_mf1=0.4468
  ep  10  loss=0.8060  val_mf1=0.5630
  ep  20  loss=0.7761  val_mf1=0.6296
  ep  30  loss=0.7688  val_mf1=0.6305
  ep  40  loss=0.7597  val_mf1=0.5877
  ep  50  loss=0.7494  val_mf1=0.6164
  best ep 37  val_mf1=0.6382  (338s)  TEST mf1=0.6489  wf1=0.6786  acc=0.6747

[5/16]

==== mediapipe × facs_28 × fcnn × 3c × B2 ====
  Train N=9404  in_dim=28  augment=False
  class counts train: [4726, 1880, 2798]
  ep   1  loss=0.8502  val_mf1=0.5726
  ep  10  loss=0.7252  val_mf1=0.6422
  ep  20  loss=0.6946  val_mf1=0.6449
  ep  30  loss=0.6689  val_mf1=0.6208
  ep  40  loss=0.6575  val_mf1=0.6611
  best ep 31  val_mf1=0.6643  (246s)  TEST mf1=0.6871  wf1=0.7129  acc=0.7105

[6/16]

==== mediapipe × facs_28 × fcnn × 3c × B3 ====
  Train N=9404  in_dim=28  augment=True
  class counts train: [4726, 1880, 2798]
  ep   1  loss=0.9014  val_mf1=0.5545
  ep  10  loss=0.7786  val_mf1=0.6180
  ep  20  loss=0.7573  val_mf1=0.6079
  ep  30  loss=0.7399  val_mf1=0.6050
  ep  40  loss=0.7388  val_mf1=0.6196
  ep  50  loss=0.7292  val_mf1=0.6187
  best ep 38  val_mf1=0.6471  (296s)  TEST mf1=0.6465  wf1=0.6706  acc=0.6652

[7/16]

==== mediapipe × facs_28 × cnn1d × 3c × B2 ====
  Train N=9404  in_dim=28  augment=False
  class counts train: [4726, 1880, 2798]
  ep   1  loss=0.9244  val_mf1=0.4906
  ep  10  loss=0.7733  val_mf1=0.5670
  ep  20  loss=0.7528  val_mf1=0.5920
  ep  30  loss=0.7457  val_mf1=0.6123
  ep  40  loss=0.7135  val_mf1=0.6174
  best ep 28  val_mf1=0.6372  (244s)  TEST mf1=0.6503  wf1=0.6794  acc=0.6822

[8/16]

==== mediapipe × facs_28 × cnn1d × 3c × B3 ====
  Train N=9404  in_dim=28  augment=True
  class counts train: [4726, 1880, 2798]
  ep   1  loss=0.9311  val_mf1=0.4695
  ep  10  loss=0.7997  val_mf1=0.5889
  ep  20  loss=0.7843  val_mf1=0.5867
  ep  30  loss=0.7768  val_mf1=0.5907
  ep  40  loss=0.7601  val_mf1=0.6055
  best ep 28  val_mf1=0.6219  (281s)  TEST mf1=0.6441  wf1=0.6729  acc=0.6744

[9/16]

==== mediapipe × raw_136 × fcnn × 7c × B2 ====
  Train N=9404  in_dim=136  augment=False
  class counts train: [1880, 3725, 1515, 511, 212, 560, 1001]
  ep   1  loss=1.5800  val_mf1=0.2371
  ep  10  loss=1.2362  val_mf1=0.3204
  ep  20  loss=1.1096  val_mf1=0.3384
  ep  30  loss=1.0351  val_mf1=0.4109
  ep  40  loss=0.9674  val_mf1=0.3450
  ep  50  loss=0.9251  val_mf1=0.3804
  best ep 49  val_mf1=0.5093  (169s)  TEST mf1=0.5197  wf1=0.6350  acc=0.6298

[10/16]

==== mediapipe × raw_136 × fcnn × 7c × B3 ====
  Train N=9404  in_dim=136  augment=True
  class counts train: [1880, 3725, 1515, 511, 212, 560, 1001]
  ep   1  loss=1.7621  val_mf1=0.3471
  ep  10  loss=1.4372  val_mf1=0.2212
  ep  20  loss=1.3532  val_mf1=0.3766
  ep  30  loss=1.3093  val_mf1=0.4466
  best ep 17  val_mf1=0.4716  (117s)  TEST mf1=0.4768  wf1=0.5923  acc=0.6124

[11/16]

==== mediapipe × raw_136 × cnn1d × 7c × B2 ====
  Train N=9404  in_dim=136  augment=False
  class counts train: [1880, 3725, 1515, 511, 212, 560, 1001]
  ep   1  loss=1.8075  val_mf1=0.1988
  ep  10  loss=1.3970  val_mf1=0.3618
  ep  20  loss=1.3015  val_mf1=0.4113
  ep  30  loss=1.2232  val_mf1=0.4510
  ep  40  loss=1.1423  val_mf1=0.4304
  best ep 32  val_mf1=0.4800  (295s)  TEST mf1=0.5028  wf1=0.6158  acc=0.6063

[12/16]

==== mediapipe × raw_136 × cnn1d × 7c × B3 ====
  Train N=9404  in_dim=136  augment=True
  class counts train: [1880, 3725, 1515, 511, 212, 560, 1001]
  ep   1  loss=1.8322  val_mf1=0.2824
  ep  10  loss=1.4584  val_mf1=0.4035
  ep  20  loss=1.3985  val_mf1=0.4141
  ep  30  loss=1.3720  val_mf1=0.4180
  ep  40  loss=1.3417  val_mf1=0.4052
  best ep 28  val_mf1=0.4612  (285s)  TEST mf1=0.4735  wf1=0.5847  acc=0.5746

[13/16]

==== mediapipe × facs_28 × fcnn × 7c × B2 ====
  Train N=9404  in_dim=28  augment=False
  class counts train: [1880, 3725, 1515, 511, 212, 560, 1001]
  ep   1  loss=1.5627  val_mf1=0.4034
  ep  10  loss=1.2772  val_mf1=0.4534
  best ep 4  val_mf1=0.4710  (106s)  TEST mf1=0.4845  wf1=0.5926  acc=0.5841

[14/16]

==== mediapipe × facs_28 × fcnn × 7c × B3 ====
  Train N=9404  in_dim=28  augment=True
  class counts train: [1880, 3725, 1515, 511, 212, 560, 1001]
  ep   1  loss=1.6259  val_mf1=0.3897
  ep  10  loss=1.3893  val_mf1=0.4288
  ep  20  loss=1.3434  val_mf1=0.4489
  ep  30  loss=1.3085  val_mf1=0.4698
  ep  40  loss=1.2757  val_mf1=0.4255
  best ep 30  val_mf1=0.4698  (271s)  TEST mf1=0.4942  wf1=0.6008  acc=0.5920

[15/16]

==== mediapipe × facs_28 × cnn1d × 7c × B2 ====
  Train N=9404  in_dim=28  augment=False
  class counts train: [1880, 3725, 1515, 511, 212, 560, 1001]
  ep   1  loss=1.6404  val_mf1=0.3285
  ep  10  loss=1.3947  val_mf1=0.4215
  ep  20  loss=1.2996  val_mf1=0.4374
  ep  30  loss=1.2490  val_mf1=0.4591
  best ep 22  val_mf1=0.4635  (210s)  TEST mf1=0.4762  wf1=0.5887  acc=0.5834

[16/16]

==== mediapipe × facs_28 × cnn1d × 7c × B3 ====
  Train N=9404  in_dim=28  augment=True
  class counts train: [1880, 3725, 1515, 511, 212, 560, 1001]
  ep   1  loss=1.6590  val_mf1=0.3397
  ep  10  loss=1.4453  val_mf1=0.4108
  ep  20  loss=1.3863  val_mf1=0.4242
  best ep 13  val_mf1=0.4526  (183s)  TEST mf1=0.4762  wf1=0.5773  acc=0.5715

Sweep done: trained=16, skipped_existing=0
Saved: /mnt/extended-home/fitra_dosen/2025_iris_fer_taufik/MultimodalEmoLearn/models/benchmark/rafdb_7class/3class/Unified/raw_136/results.json
Saved: /mnt/extended-home/fitra_dosen/2025_iris_fer_taufik/MultimodalEmoLearn/models/benchmark/rafdb_7class/3class/Unified/facs_28/results.json
Saved: /mnt/extended-home/fitra_dosen/2025_iris_fer_taufik/MultimodalEmoLearn/models/benchmark/rafdb_7class/7class/Unified/raw_136/results.json
Saved: /mnt/extended-home/fitra_dosen/2025_iris_fer_taufik/MultimodalEmoLearn/models/benchmark/rafdb_7class/7class/Unified/facs_28/results.json

===============================================================================================
SUMMARY: Unified protocol macro_f1
===============================================================================================
  scheme  feat      src         arch          B1        B2        B3
  3c     raw_136   mediapipe   fcnn      0.6724    0.6522    0.6603
  3c     raw_136   mediapipe   cnn1d     0.6720    0.6515    0.6489
  3c     facs_28   mediapipe   fcnn      0.6856    0.6871    0.6465
  3c     facs_28   mediapipe   cnn1d     0.6709    0.6503    0.6441
  7c     raw_136   mediapipe   fcnn      0.5373    0.5197    0.4768
  7c     raw_136   mediapipe   cnn1d     0.5015    0.5028    0.4735
  7c     facs_28   mediapipe   fcnn      0.4734    0.4845    0.4942
  7c     facs_28   mediapipe   cnn1d     0.4722    0.4762    0.4762
#### rafdb_7class image B2/B3 ####
Device: cuda
DATA_DIR: /mnt/extended-home/fitra_dosen/2025_iris_fer_taufik/MultimodalEmoLearn/data/benchmark/rafdb_7class
Output: /mnt/extended-home/fitra_dosen/2025_iris_fer_taufik/MultimodalEmoLearn/models/benchmark/rafdb_7class
Total runs: 8
Pre-loaded 4 existing runs (use --force-retrain to ignore)

[1/8]

==== cnn_scratch × 3c × B2 ====
  Train N=9404  img_shape=(224, 224, 3)  augment=False  lr=0.001
  class counts train: [4726, 1880, 2798]
  ep   1  loss=1.0784  val_mf1=0.5225
  ep   5  loss=0.5512  val_mf1=0.7229
  ep  10  loss=0.3260  val_mf1=0.7657
  ep  15  loss=0.2199  val_mf1=0.7642
  ep  20  loss=0.1289  val_mf1=0.7764
  ep  25  loss=0.0929  val_mf1=0.7748
  ep  30  loss=0.0743  val_mf1=0.7759
  ep  35  loss=0.0607  val_mf1=0.7743
  ep  40  loss=0.0489  val_mf1=0.7744
  best ep 28  val_mf1=0.7791  (3645s)  TEST mf1=0.7851  wf1=0.8104  acc=0.8093

[2/8]

==== cnn_scratch × 3c × B3 ====
  Train N=9404  img_shape=(224, 224, 3)  augment=True  lr=0.001
  class counts train: [4726, 1880, 2798]
  ep   1  loss=1.1151  val_mf1=0.4295
  ep   5  loss=0.7323  val_mf1=0.6744
  ep  10  loss=0.5646  val_mf1=0.7588
  ep  15  loss=0.5223  val_mf1=0.7772
  ep  20  loss=0.4448  val_mf1=0.7915
  ep  25  loss=0.3756  val_mf1=0.8097
  ep  30  loss=0.3235  val_mf1=0.8010
  ep  35  loss=0.2998  val_mf1=0.8107
  ep  40  loss=0.2624  val_mf1=0.8145
  best ep 27  val_mf1=0.8196  (3530s)  TEST mf1=0.8180  wf1=0.8376  acc=0.8355

[3/8]

==== cnn_tl × 3c × B2 ====
  Train N=9404  img_shape=(224, 224, 3)  augment=False  lr=0.0001
  class counts train: [4726, 1880, 2798]
  ep   1  loss=0.6228  val_mf1=0.7475
  ep   5  loss=0.0999  val_mf1=0.7843
  ep  10  loss=0.0562  val_mf1=0.8038
  ep  15  loss=0.0299  val_mf1=0.8163
  ep  20  loss=0.0178  val_mf1=0.7881
  ep  25  loss=0.0126  val_mf1=0.8223
  ep  30  loss=0.0245  val_mf1=0.8088
  ep  35  loss=0.0221  val_mf1=0.8054
  ep  40  loss=0.0167  val_mf1=0.8245
  ep  45  loss=0.0188  val_mf1=0.8168
  ep  50  loss=0.0044  val_mf1=0.8228
  best ep 40  val_mf1=0.8245  (1967s)  TEST mf1=0.8093  wf1=0.8321  acc=0.8311

[4/8]

==== cnn_tl × 3c × B3 ====
  Train N=9404  img_shape=(224, 224, 3)  augment=True  lr=0.0001
  class counts train: [4726, 1880, 2798]
  ep   1  loss=0.6884  val_mf1=0.7313
  ep   5  loss=0.2514  val_mf1=0.8100
  ep  10  loss=0.1260  val_mf1=0.8153
  ep  15  loss=0.0873  val_mf1=0.8258
  ep  20  loss=0.0726  val_mf1=0.8271
  ep  25  loss=0.0612  val_mf1=0.8230
  ep  30  loss=0.0465  val_mf1=0.8243
  ep  35  loss=0.0390  val_mf1=0.8337
  ep  40  loss=0.0296  val_mf1=0.8267
  ep  45  loss=0.0317  val_mf1=0.8245
  ep  50  loss=0.0249  val_mf1=0.8385
  best ep 39  val_mf1=0.8409  (1991s)  TEST mf1=0.8444  wf1=0.8613  acc=0.8600

[5/8]

==== cnn_scratch × 7c × B2 ====
  Train N=9404  img_shape=(224, 224, 3)  augment=False  lr=0.001
  class counts train: [1880, 3725, 1515, 511, 212, 560, 1001]
  ep   1  loss=1.9105  val_mf1=0.2757
  ep   5  loss=0.7249  val_mf1=0.6098
  ep  10  loss=0.3315  val_mf1=0.6499
  ep  15  loss=0.2126  val_mf1=0.6523
  ep  20  loss=0.1328  val_mf1=0.6569
  ep  25  loss=0.1026  val_mf1=0.6572
  ep  30  loss=0.0781  val_mf1=0.6450
  ep  35  loss=0.0673  val_mf1=0.6767
  ep  40  loss=0.0463  val_mf1=0.6670
  best ep 26  val_mf1=0.6805  (3474s)  TEST mf1=0.6862  wf1=0.7802  acc=0.7813

[6/8]

==== cnn_scratch × 7c × B3 ====
  Train N=9404  img_shape=(224, 224, 3)  augment=True  lr=0.001
  class counts train: [1880, 3725, 1515, 511, 212, 560, 1001]
  ep   1  loss=1.9611  val_mf1=0.1732
  ep   5  loss=1.1428  val_mf1=0.5781
  ep  10  loss=0.7840  val_mf1=0.6646
  ep  15  loss=0.6384  val_mf1=0.6840
  ep  20  loss=0.5042  val_mf1=0.7111
  ep  25  loss=0.4298  val_mf1=0.7327
  ep  30  loss=0.3447  val_mf1=0.7200
  ep  35  loss=0.3102  val_mf1=0.7244
  ep  40  loss=0.2660  val_mf1=0.7321
  ep  45  loss=0.2466  val_mf1=0.7221
  ep  50  loss=0.2079  val_mf1=0.7207
  best ep 41  val_mf1=0.7396  (4072s)  TEST mf1=0.7227  wf1=0.8092  acc=0.8072

[7/8]

==== cnn_tl × 7c × B2 ====
  Train N=9404  img_shape=(224, 224, 3)  augment=False  lr=0.0001
  class counts train: [1880, 3725, 1515, 511, 212, 560, 1001]
  ep   1  loss=1.0922  val_mf1=0.5911
  ep   5  loss=0.1148  val_mf1=0.6909
  ep  10  loss=0.0580  val_mf1=0.6869
  ep  15  loss=0.0544  val_mf1=0.6929
  ep  20  loss=0.0353  val_mf1=0.6935
  ep  25  loss=0.0353  val_mf1=0.7177
  ep  30  loss=0.0320  val_mf1=0.6953
  ep  35  loss=0.0186  val_mf1=0.7207
  ep  40  loss=0.0222  val_mf1=0.7071
  ep  45  loss=0.0165  val_mf1=0.7123
  ep  50  loss=0.0190  val_mf1=0.7030
  best ep 35  val_mf1=0.7207  (1824s)  TEST mf1=0.7137  wf1=0.8026  acc=0.8072

[8/8]

==== cnn_tl × 7c × B3 ====
  Train N=9404  img_shape=(224, 224, 3)  augment=True  lr=0.0001
  class counts train: [1880, 3725, 1515, 511, 212, 560, 1001]
  ep   1  loss=1.2393  val_mf1=0.5878
  ep   5  loss=0.2852  val_mf1=0.7165
  ep  10  loss=0.1332  val_mf1=0.7314
  ep  15  loss=0.1017  val_mf1=0.7321
  ep  20  loss=0.0678  val_mf1=0.7314
  ep  25  loss=0.0647  val_mf1=0.7420
  ep  30  loss=0.0542  val_mf1=0.7453
  ep  35  loss=0.0478  val_mf1=0.7609
  ep  40  loss=0.0359  val_mf1=0.7429
  ep  45  loss=0.0358  val_mf1=0.7518
  ep  50  loss=0.0319  val_mf1=0.7456
  best ep 42  val_mf1=0.7635  (1984s)  TEST mf1=0.7355  wf1=0.8232  acc=0.8225

Sweep done: trained=8, skipped_existing=0
Saved: /mnt/extended-home/fitra_dosen/2025_iris_fer_taufik/MultimodalEmoLearn/models/benchmark/rafdb_7class/3class/Unified/cnn_scratch/results.json
Saved: /mnt/extended-home/fitra_dosen/2025_iris_fer_taufik/MultimodalEmoLearn/models/benchmark/rafdb_7class/3class/Unified/cnn_tl/results.json
Saved: /mnt/extended-home/fitra_dosen/2025_iris_fer_taufik/MultimodalEmoLearn/models/benchmark/rafdb_7class/7class/Unified/cnn_scratch/results.json
Saved: /mnt/extended-home/fitra_dosen/2025_iris_fer_taufik/MultimodalEmoLearn/models/benchmark/rafdb_7class/7class/Unified/cnn_tl/results.json

================================================================================
SUMMARY: Unified protocol image-based macro_f1
================================================================================
  scheme  arch                B1        B2        B3
  3c     cnn_scratch        nan    0.7851    0.8180
  3c     cnn_tl             nan    0.8093    0.8444
  7c     cnn_scratch        nan    0.6862    0.7227
  7c     cnn_tl             nan    0.7137    0.7355
#### rafdb_7class fusion B2/B3 ####
Device: cuda
DATA_DIR: /mnt/extended-home/fitra_dosen/2025_iris_fer_taufik/MultimodalEmoLearn/data/benchmark/rafdb_7class
Output: /mnt/extended-home/fitra_dosen/2025_iris_fer_taufik/MultimodalEmoLearn/models/benchmark/rafdb_7class
Total runs: 16
Pre-loaded 8 existing runs (use --force-retrain to ignore)

[1/16]

==== fusion_early_scratch × 3c × B2 × lm=mediapipe/raw_136(dim=136) ====
  Train N=9404  augment=False  is_coord=True  lr=0.001  early_fusion_mode=concat
  class counts train: [4726, 1880, 2798]
  ep   1  loss=1.0757  val_mf1=0.4770
  ep   5  loss=0.5990  val_mf1=0.7113
  ep  10  loss=0.3793  val_mf1=0.7654
  ep  15  loss=0.2498  val_mf1=0.7596
  ep  20  loss=0.1505  val_mf1=0.7641
  ep  25  loss=0.1030  val_mf1=0.7676
  ep  30  loss=0.0832  val_mf1=0.7722
  ep  35  loss=0.0678  val_mf1=0.7685
  ep  40  loss=0.0537  val_mf1=0.7736
  ep  45  loss=0.0533  val_mf1=0.7681
  ep  50  loss=0.0425  val_mf1=0.7742
  best ep 39  val_mf1=0.7763  (4217s)  TEST mf1=0.7923  wf1=0.8150  acc=0.8140

[2/16]

==== fusion_early_scratch × 3c × B3 × lm=mediapipe/raw_136(dim=136) ====
  Train N=9404  augment=True  is_coord=True  lr=0.001  early_fusion_mode=concat
  class counts train: [4726, 1880, 2798]
  ep   1  loss=1.0508  val_mf1=0.5775
  ep   5  loss=0.7654  val_mf1=0.6294
  ep  10  loss=0.6777  val_mf1=0.6940
  ep  15  loss=0.6046  val_mf1=0.7407
  ep  20  loss=0.5230  val_mf1=0.7576
  ep  25  loss=0.4576  val_mf1=0.7624
  ep  30  loss=0.3970  val_mf1=0.7964
  ep  35  loss=0.3551  val_mf1=0.8188
  ep  40  loss=0.3246  val_mf1=0.8236
  ep  45  loss=0.2691  val_mf1=0.8252
  ep  50  loss=0.2373  val_mf1=0.8236
  best ep 39  val_mf1=0.8275  (4191s)  TEST mf1=0.8231  wf1=0.8431  acc=0.8420

[3/16]

==== fusion_early_tl × 3c × B2 × lm=mediapipe/raw_136(dim=136) ====
  Train N=9404  augment=False  is_coord=True  lr=0.0001  early_fusion_mode=concat
  class counts train: [4726, 1880, 2798]
  ep   1  loss=0.6545  val_mf1=0.7221
  ep   5  loss=0.1049  val_mf1=0.7682
  ep  10  loss=0.0503  val_mf1=0.7877
  ep  15  loss=0.0453  val_mf1=0.7560
  ep  20  loss=0.0404  val_mf1=0.7850
  ep  25  loss=0.0260  val_mf1=0.7881
  ep  30  loss=0.0236  val_mf1=0.7924
  ep  35  loss=0.0137  val_mf1=0.8053
  ep  40  loss=0.0202  val_mf1=0.7985
  ep  45  loss=0.0236  val_mf1=0.8012
  ep  50  loss=0.0188  val_mf1=0.7976
  best ep 46  val_mf1=0.8144  (1985s)  TEST mf1=0.8150  wf1=0.8352  acc=0.8358

[4/16]

==== fusion_early_tl × 3c × B3 × lm=mediapipe/raw_136(dim=136) ====
  Train N=9404  augment=True  is_coord=True  lr=0.0001  early_fusion_mode=concat
  class counts train: [4726, 1880, 2798]
  ep   1  loss=0.7259  val_mf1=0.7321
  ep   5  loss=0.2654  val_mf1=0.7758
  ep  10  loss=0.1439  val_mf1=0.8087
  ep  15  loss=0.1007  val_mf1=0.7909
  ep  20  loss=0.0765  val_mf1=0.8128
  ep  25  loss=0.0522  val_mf1=0.8292
  ep  30  loss=0.0449  val_mf1=0.8202
  ep  35  loss=0.0373  val_mf1=0.8276
  ep  40  loss=0.0371  val_mf1=0.8195
  best ep 25  val_mf1=0.8292  (1601s)  TEST mf1=0.8216  wf1=0.8405  acc=0.8392

[5/16]

==== fusion_intermediate_scratch × 3c × B2 × lm=mediapipe/raw_136(dim=136) ====
  Train N=9404  augment=False  is_coord=True  lr=0.001
  class counts train: [4726, 1880, 2798]
  ep   1  loss=0.9116  val_mf1=0.4847
  ep   5  loss=0.7315  val_mf1=0.6146
  ep  10  loss=0.6467  val_mf1=0.6720
  ep  15  loss=0.5094  val_mf1=0.6897
  ep  20  loss=0.3258  val_mf1=0.6968
  ep  25  loss=0.1977  val_mf1=0.7573
  ep  30  loss=0.1321  val_mf1=0.6855
  ep  35  loss=0.0908  val_mf1=0.7404
  ep  40  loss=0.0808  val_mf1=0.7518
  best ep 25  val_mf1=0.7573  (3231s)  TEST mf1=0.7645  wf1=0.7904  acc=0.7905

[6/16]

==== fusion_intermediate_scratch × 3c × B3 × lm=mediapipe/raw_136(dim=136) ====
  Train N=9404  augment=True  is_coord=True  lr=0.001
  class counts train: [4726, 1880, 2798]
  ep   1  loss=0.9904  val_mf1=0.5914
  ep   5  loss=0.7939  val_mf1=0.5314
  ep  10  loss=0.7251  val_mf1=0.6749
  ep  15  loss=0.6425  val_mf1=0.7173
  ep  20  loss=0.5658  val_mf1=0.7542
  ep  25  loss=0.5099  val_mf1=0.7664
  ep  30  loss=0.4340  val_mf1=0.7652
  ep  35  loss=0.4048  val_mf1=0.7828
  ep  40  loss=0.3651  val_mf1=0.7611
  ep  45  loss=0.3314  val_mf1=0.7798
  ep  50  loss=0.2853  val_mf1=0.7980
  best ep 49  val_mf1=0.8038  (4018s)  TEST mf1=0.8025  wf1=0.8279  acc=0.8277

[7/16]

==== fusion_intermediate_tl × 3c × B2 × lm=mediapipe/raw_136(dim=136) ====
  Train N=9404  augment=False  is_coord=True  lr=0.0001
  class counts train: [4726, 1880, 2798]
  ep   1  loss=0.9263  val_mf1=0.6829
  ep   5  loss=0.1797  val_mf1=0.7847
  ep  10  loss=0.0918  val_mf1=0.8226
  ep  15  loss=0.0580  val_mf1=0.8129
  ep  20  loss=0.0422  val_mf1=0.8054
  ep  25  loss=0.0250  val_mf1=0.8173
  best ep 10  val_mf1=0.8226  (1009s)  TEST mf1=0.8019  wf1=0.8248  acc=0.8239

[8/16]

==== fusion_intermediate_tl × 3c × B3 × lm=mediapipe/raw_136(dim=136) ====
  Train N=9404  augment=True  is_coord=True  lr=0.0001
  class counts train: [4726, 1880, 2798]
  ep   1  loss=0.9220  val_mf1=0.6518
  ep   5  loss=0.3261  val_mf1=0.7704
  ep  10  loss=0.1878  val_mf1=0.8112
  ep  15  loss=0.1301  val_mf1=0.8200
  ep  20  loss=0.0873  val_mf1=0.8234
  ep  25  loss=0.0618  val_mf1=0.8221
  ep  30  loss=0.0495  val_mf1=0.8344
  ep  35  loss=0.0454  val_mf1=0.8388
  ep  40  loss=0.0452  val_mf1=0.8293
  best ep 26  val_mf1=0.8405  (1703s)  TEST mf1=0.8362  wf1=0.8547  acc=0.8546

[9/16]

==== fusion_early_scratch × 7c × B2 × lm=mediapipe/raw_136(dim=136) ====
  Train N=9404  augment=False  is_coord=True  lr=0.001  early_fusion_mode=concat
  class counts train: [1880, 3725, 1515, 511, 212, 560, 1001]
  ep   1  loss=1.8883  val_mf1=0.3446
  ep   5  loss=0.9570  val_mf1=0.5580
  ep  10  loss=0.5075  val_mf1=0.6187
  ep  15  loss=0.2931  val_mf1=0.6420
  ep  20  loss=0.1779  val_mf1=0.6440
  ep  25  loss=0.1258  val_mf1=0.6379
  ep  30  loss=0.1053  val_mf1=0.6586
  ep  35  loss=0.0915  val_mf1=0.6666
  best ep 22  val_mf1=0.6669  (3108s)  TEST mf1=0.6688  wf1=0.7622  acc=0.7646

[10/16]

==== fusion_early_scratch × 7c × B3 × lm=mediapipe/raw_136(dim=136) ====
  Train N=9404  augment=True  is_coord=True  lr=0.001  early_fusion_mode=concat
  class counts train: [1880, 3725, 1515, 511, 212, 560, 1001]
  ep   1  loss=1.9509  val_mf1=0.3153
  ep   5  loss=1.2715  val_mf1=0.5194
  ep  10  loss=1.0335  val_mf1=0.5725
  ep  15  loss=0.8355  val_mf1=0.6201
  ep  20  loss=0.6669  val_mf1=0.6451
  ep  25  loss=0.5648  val_mf1=0.6556
  ep  30  loss=0.4698  val_mf1=0.6667
  ep  35  loss=0.4120  val_mf1=0.6940
  ep  40  loss=0.3526  val_mf1=0.7022
  ep  45  loss=0.3017  val_mf1=0.7203
  ep  50  loss=0.2808  val_mf1=0.6858
  best ep 45  val_mf1=0.7203  (4209s)  TEST mf1=0.6977  wf1=0.7927  acc=0.7919

[11/16]

==== fusion_early_tl × 7c × B2 × lm=mediapipe/raw_136(dim=136) ====
  Train N=9404  augment=False  is_coord=True  lr=0.0001  early_fusion_mode=concat
  class counts train: [1880, 3725, 1515, 511, 212, 560, 1001]
  ep   1  loss=1.1071  val_mf1=0.6038
  ep   5  loss=0.1093  val_mf1=0.6853
  ep  10  loss=0.0625  val_mf1=0.6890
  ep  15  loss=0.0437  val_mf1=0.6670
  ep  20  loss=0.0435  val_mf1=0.6920
  ep  25  loss=0.0288  val_mf1=0.6900
  ep  30  loss=0.0209  val_mf1=0.6839
  ep  35  loss=0.0275  val_mf1=0.7098
  ep  40  loss=0.0369  val_mf1=0.6896
  best ep 29  val_mf1=0.7215  (1745s)  TEST mf1=0.7006  wf1=0.7920  acc=0.7960

[12/16]

==== fusion_early_tl × 7c × B3 × lm=mediapipe/raw_136(dim=136) ====
  Train N=9404  augment=True  is_coord=True  lr=0.0001  early_fusion_mode=concat
  class counts train: [1880, 3725, 1515, 511, 212, 560, 1001]
  ep   1  loss=1.2582  val_mf1=0.5624
  ep   5  loss=0.3017  val_mf1=0.6891
  ep  10  loss=0.1467  val_mf1=0.6997
  ep  15  loss=0.1063  val_mf1=0.7282
  ep  20  loss=0.0721  val_mf1=0.7207
  ep  25  loss=0.0643  val_mf1=0.6982
  best ep 13  val_mf1=0.7363  (1042s)  TEST mf1=0.7183  wf1=0.7971  acc=0.7977

[13/16]

==== fusion_intermediate_scratch × 7c × B2 × lm=mediapipe/raw_136(dim=136) ====
  Train N=9404  augment=False  is_coord=True  lr=0.001
  class counts train: [1880, 3725, 1515, 511, 212, 560, 1001]
  ep   1  loss=1.6929  val_mf1=0.3333
  ep   5  loss=1.2174  val_mf1=0.3872
  ep  10  loss=0.7490  val_mf1=0.5485
  ep  15  loss=0.4332  val_mf1=0.6030
  ep  20  loss=0.2683  val_mf1=0.6264
  ep  25  loss=0.1874  val_mf1=0.6227
  ep  30  loss=0.1391  val_mf1=0.6212
  ep  35  loss=0.1148  val_mf1=0.6019
  best ep 20  val_mf1=0.6264  (2581s)  TEST mf1=0.6383  wf1=0.7300  acc=0.7193

[14/16]

==== fusion_intermediate_scratch × 7c × B3 × lm=mediapipe/raw_136(dim=136) ====
  Train N=9404  augment=True  is_coord=True  lr=0.001
  class counts train: [1880, 3725, 1515, 511, 212, 560, 1001]
  ep   1  loss=1.8517  val_mf1=0.3090
  ep   5  loss=1.4265  val_mf1=0.4489
  ep  10  loss=1.1917  val_mf1=0.4864
  ep  15  loss=0.9672  val_mf1=0.6130
  ep  20  loss=0.7866  val_mf1=0.6551
  ep  25  loss=0.6801  val_mf1=0.6645
  ep  30  loss=0.5663  val_mf1=0.6836
  ep  35  loss=0.4874  val_mf1=0.6884
  ep  40  loss=0.4284  val_mf1=0.6754
  ep  45  loss=0.3848  val_mf1=0.6939
  ep  50  loss=0.3404  val_mf1=0.7047
  best ep 50  val_mf1=0.7047  (4030s)  TEST mf1=0.7088  wf1=0.7909  acc=0.7899

[15/16]

==== fusion_intermediate_tl × 7c × B2 × lm=mediapipe/raw_136(dim=136) ====
  Train N=9404  augment=False  is_coord=True  lr=0.0001
  class counts train: [1880, 3725, 1515, 511, 212, 560, 1001]
  ep   1  loss=1.7748  val_mf1=0.5033
  ep   5  loss=0.2941  val_mf1=0.6562
  ep  10  loss=0.1361  val_mf1=0.7180
  ep  15  loss=0.0847  val_mf1=0.6992
  ep  20  loss=0.0561  val_mf1=0.7057
  ep  25  loss=0.0470  val_mf1=0.6805
  ep  30  loss=0.0428  val_mf1=0.7112
  ep  35  loss=0.0317  val_mf1=0.7352
  ep  40  loss=0.0284  val_mf1=0.7053
  ep  45  loss=0.0278  val_mf1=0.7244
  ep  50  loss=0.0227  val_mf1=0.7051
  best ep 35  val_mf1=0.7352  (2060s)  TEST mf1=0.7222  wf1=0.8151  acc=0.8164

[16/16]

==== fusion_intermediate_tl × 7c × B3 × lm=mediapipe/raw_136(dim=136) ====
  Train N=9404  augment=True  is_coord=True  lr=0.0001
  class counts train: [1880, 3725, 1515, 511, 212, 560, 1001]
  ep   1  loss=1.8333  val_mf1=0.4648
  ep   5  loss=0.5389  val_mf1=0.6828
  ep  10  loss=0.2609  val_mf1=0.7150
  ep  15  loss=0.1758  val_mf1=0.7391
  ep  20  loss=0.1371  val_mf1=0.7444
  ep  25  loss=0.0931  val_mf1=0.7175
  ep  30  loss=0.0816  val_mf1=0.7449
  ep  35  loss=0.0651  val_mf1=0.7518
  best ep 24  val_mf1=0.7596  (1583s)  TEST mf1=0.7377  wf1=0.8185  acc=0.8188

Sweep done: trained=16, skipped_existing=0
Saved: /mnt/extended-home/fitra_dosen/2025_iris_fer_taufik/MultimodalEmoLearn/models/benchmark/rafdb_7class/3class/Unified/fusion_early_scratch/results.json
Saved: /mnt/extended-home/fitra_dosen/2025_iris_fer_taufik/MultimodalEmoLearn/models/benchmark/rafdb_7class/3class/Unified/fusion_early_tl/results.json
Saved: /mnt/extended-home/fitra_dosen/2025_iris_fer_taufik/MultimodalEmoLearn/models/benchmark/rafdb_7class/3class/Unified/fusion_intermediate_scratch/results.json
Saved: /mnt/extended-home/fitra_dosen/2025_iris_fer_taufik/MultimodalEmoLearn/models/benchmark/rafdb_7class/3class/Unified/fusion_intermediate_tl/results.json
Saved: /mnt/extended-home/fitra_dosen/2025_iris_fer_taufik/MultimodalEmoLearn/models/benchmark/rafdb_7class/7class/Unified/fusion_early_scratch/results.json
Saved: /mnt/extended-home/fitra_dosen/2025_iris_fer_taufik/MultimodalEmoLearn/models/benchmark/rafdb_7class/7class/Unified/fusion_early_tl/results.json
Saved: /mnt/extended-home/fitra_dosen/2025_iris_fer_taufik/MultimodalEmoLearn/models/benchmark/rafdb_7class/7class/Unified/fusion_intermediate_scratch/results.json
Saved: /mnt/extended-home/fitra_dosen/2025_iris_fer_taufik/MultimodalEmoLearn/models/benchmark/rafdb_7class/7class/Unified/fusion_intermediate_tl/results.json

========================================================================================================================
SUMMARY: Unified protocol fusion macro_f1
========================================================================================================================
  scheme  fusion         mode    variant   feature           lm_src            B1        B2        B3
  3c     early          concat  scratch   raw_136           mediapipe        nan    0.7923    0.8231
  3c     early          concat  tl        raw_136           mediapipe        nan    0.8150    0.8216
  3c     intermediate   concat  scratch   raw_136           mediapipe        nan    0.7645    0.8025
  3c     intermediate   concat  tl        raw_136           mediapipe        nan    0.8019    0.8362
  7c     early          concat  scratch   raw_136           mediapipe        nan    0.6688    0.6977
  7c     early          concat  tl        raw_136           mediapipe        nan    0.7006    0.7183
  7c     intermediate   concat  scratch   raw_136           mediapipe        nan    0.6383    0.7088
  7c     intermediate   concat  tl        raw_136           mediapipe        nan    0.7222    0.7377

===================================================================
=== D. CK+ + JAFFE B2/B3 extension (landmark + image + fusion) ===
===================================================================
#### ckplus_7class landmark B2/B3 ####
Device: cuda
DATA_DIR: /mnt/extended-home/fitra_dosen/2025_iris_fer_taufik/MultimodalEmoLearn/data/benchmark/ckplus_7class
Output: /mnt/extended-home/fitra_dosen/2025_iris_fer_taufik/MultimodalEmoLearn/models/benchmark/ckplus_7class
Total runs: 16
Pre-loaded 8 existing runs (use --force-retrain to ignore)

[1/16]

==== mediapipe × raw_136 × fcnn × 3c × B2 ====
  Train N=508  in_dim=136  augment=False
  class counts train: [123, 260, 125]
  ep   1  loss=1.1075  val_mf1=0.1190
  ep  10  loss=0.6397  val_mf1=0.1379
  ep  20  loss=0.5709  val_mf1=0.1379
  ep  30  loss=0.4926  val_mf1=0.2715
  best ep 23  val_mf1=0.7265  (8s)  TEST mf1=0.4744  wf1=0.4403  acc=0.4746

[2/16]

==== mediapipe × raw_136 × fcnn × 3c × B3 ====
  Train N=508  in_dim=136  augment=True
  class counts train: [123, 260, 125]
  ep   1  loss=1.1285  val_mf1=0.1190
  ep  10  loss=0.7375  val_mf1=0.4455
  ep  20  loss=0.6785  val_mf1=0.1379
  best ep 7  val_mf1=0.6308  (5s)  TEST mf1=0.5506  wf1=0.5966  acc=0.6610

[3/16]

==== mediapipe × raw_136 × cnn1d × 3c × B2 ====
  Train N=508  in_dim=136  augment=False
  class counts train: [123, 260, 125]
  ep   1  loss=1.1724  val_mf1=0.1190
  ep  10  loss=0.7542  val_mf1=0.5435
  ep  20  loss=0.6733  val_mf1=0.4818
  ep  30  loss=0.5774  val_mf1=0.6391
  best ep 18  val_mf1=0.6397  (12s)  TEST mf1=0.4817  wf1=0.5143  acc=0.5593

[4/16]

==== mediapipe × raw_136 × cnn1d × 3c × B3 ====
  Train N=508  in_dim=136  augment=True
  class counts train: [123, 260, 125]
  ep   1  loss=1.1775  val_mf1=0.1190
  ep  10  loss=0.8375  val_mf1=0.6585
  ep  20  loss=0.6801  val_mf1=0.3363
  best ep 10  val_mf1=0.6585  (10s)  TEST mf1=0.5677  wf1=0.6004  acc=0.6271

[5/16]

==== mediapipe × facs_28 × fcnn × 3c × B2 ====
  Train N=508  in_dim=28  augment=False
  class counts train: [123, 260, 125]
  ep   1  loss=0.8068  val_mf1=0.2286
  ep  10  loss=0.3540  val_mf1=0.8954
  ep  20  loss=0.2732  val_mf1=0.7450
  best ep 8  val_mf1=0.9141  (7s)  TEST mf1=0.8188  wf1=0.8004  acc=0.7966

[6/16]

==== mediapipe × facs_28 × fcnn × 3c × B3 ====
  Train N=508  in_dim=28  augment=True
  class counts train: [123, 260, 125]
  ep   1  loss=0.9538  val_mf1=0.2286
  ep  10  loss=0.5330  val_mf1=0.8497
  ep  20  loss=0.5026  val_mf1=0.8322
  ep  30  loss=0.4425  val_mf1=0.8639
  ep  40  loss=0.4362  val_mf1=0.9118
  ep  50  loss=0.4408  val_mf1=0.8975
  best ep 41  val_mf1=0.9197  (16s)  TEST mf1=0.7869  wf1=0.7833  acc=0.7797

[7/16]

==== mediapipe × facs_28 × cnn1d × 3c × B2 ====
  Train N=508  in_dim=28  augment=False
  class counts train: [123, 260, 125]
  ep   1  loss=0.9992  val_mf1=0.1379
  ep  10  loss=0.5416  val_mf1=0.6303
  ep  20  loss=0.4064  val_mf1=0.8557
  ep  30  loss=0.4219  val_mf1=0.8496
  ep  40  loss=0.3919  val_mf1=0.8910
  ep  50  loss=0.3613  val_mf1=0.8594
  best ep 42  val_mf1=0.9117  (14s)  TEST mf1=0.8250  wf1=0.8266  acc=0.8305

[8/16]

==== mediapipe × facs_28 × cnn1d × 3c × B3 ====
  Train N=508  in_dim=28  augment=True
  class counts train: [123, 260, 125]
  ep   1  loss=1.0264  val_mf1=0.1379
  ep  10  loss=0.6228  val_mf1=0.6032
  ep  20  loss=0.4967  val_mf1=0.7393
  ep  30  loss=0.5326  val_mf1=0.7393
  best ep 17  val_mf1=0.8594  (11s)  TEST mf1=0.6603  wf1=0.6880  acc=0.6949

[9/16]

==== mediapipe × raw_136 × fcnn × 7c × B2 ====
  Train N=508  in_dim=136  augment=False
  class counts train: [260, 57, 23, 35, 17, 50, 66]
  ep   1  loss=1.9468  val_mf1=0.0119
  ep  10  loss=1.1724  val_mf1=0.0597
  ep  20  loss=0.9571  val_mf1=0.1994
  ep  30  loss=0.8845  val_mf1=0.0642
  ep  40  loss=0.8562  val_mf1=0.3522
  best ep 28  val_mf1=0.4106  (9s)  TEST mf1=0.3693  wf1=0.4120  acc=0.4068

[10/16]

==== mediapipe × raw_136 × fcnn × 7c × B3 ====
  Train N=508  in_dim=136  augment=True
  class counts train: [260, 57, 23, 35, 17, 50, 66]
  ep   1  loss=1.9844  val_mf1=0.0119
  ep  10  loss=1.5264  val_mf1=0.0406
  ep  20  loss=1.1371  val_mf1=0.0644
  ep  30  loss=1.0724  val_mf1=0.0330
  ep  40  loss=1.1014  val_mf1=0.3359
  ep  50  loss=0.9176  val_mf1=0.2614
  best ep 45  val_mf1=0.5016  (11s)  TEST mf1=0.4652  wf1=0.3588  acc=0.3898

[11/16]

==== mediapipe × raw_136 × cnn1d × 7c × B2 ====
  Train N=508  in_dim=136  augment=False
  class counts train: [260, 57, 23, 35, 17, 50, 66]
  ep   1  loss=2.0323  val_mf1=0.0157
  ep  10  loss=1.4350  val_mf1=0.1706
  ep  20  loss=1.1349  val_mf1=0.3019
  ep  30  loss=0.9430  val_mf1=0.2284
  ep  40  loss=0.8757  val_mf1=0.4961
  ep  50  loss=0.7699  val_mf1=0.4353
  best ep 45  val_mf1=0.5873  (18s)  TEST mf1=0.3638  wf1=0.3370  acc=0.3220

[12/16]

==== mediapipe × raw_136 × cnn1d × 7c × B3 ====
  Train N=508  in_dim=136  augment=True
  class counts train: [260, 57, 23, 35, 17, 50, 66]
  ep   1  loss=2.0083  val_mf1=0.0193
  ep  10  loss=1.5570  val_mf1=0.3392
  ep  20  loss=1.2151  val_mf1=0.2407
  ep  30  loss=1.0830  val_mf1=0.3489
  ep  40  loss=0.9658  val_mf1=0.4604
  best ep 27  val_mf1=0.5154  (15s)  TEST mf1=0.3611  wf1=0.2466  acc=0.2881

[13/16]

==== mediapipe × facs_28 × fcnn × 7c × B2 ====
  Train N=508  in_dim=28  augment=False
  class counts train: [260, 57, 23, 35, 17, 50, 66]
  ep   1  loss=1.6964  val_mf1=0.1448
  ep  10  loss=0.5545  val_mf1=0.7588
  ep  20  loss=0.4832  val_mf1=0.8543
  ep  30  loss=0.2825  val_mf1=0.7506
  best ep 20  val_mf1=0.8543  (11s)  TEST mf1=0.6359  wf1=0.6878  acc=0.6610

[14/16]

==== mediapipe × facs_28 × fcnn × 7c × B3 ====
  Train N=508  in_dim=28  augment=True
  class counts train: [260, 57, 23, 35, 17, 50, 66]
  ep   1  loss=1.8228  val_mf1=0.1013
  ep  10  loss=0.8668  val_mf1=0.7002
  ep  20  loss=0.8414  val_mf1=0.7720
  ep  30  loss=0.7248  val_mf1=0.8082
  ep  40  loss=0.7272  val_mf1=0.7633
  ep  50  loss=0.7873  val_mf1=0.6962
  best ep 38  val_mf1=0.8347  (18s)  TEST mf1=0.6179  wf1=0.7531  acc=0.7458

[15/16]

==== mediapipe × facs_28 × cnn1d × 7c × B2 ====
  Train N=508  in_dim=28  augment=False
  class counts train: [260, 57, 23, 35, 17, 50, 66]
  ep   1  loss=1.8588  val_mf1=0.0330
  ep  10  loss=0.9086  val_mf1=0.5960
  ep  20  loss=0.6718  val_mf1=0.7919
  ep  30  loss=0.5849  val_mf1=0.7471
  ep  40  loss=0.5790  val_mf1=0.7800
  best ep 28  val_mf1=0.8533  (13s)  TEST mf1=0.5780  wf1=0.7148  acc=0.7119

[16/16]

==== mediapipe × facs_28 × cnn1d × 7c × B3 ====
  Train N=508  in_dim=28  augment=True
  class counts train: [260, 57, 23, 35, 17, 50, 66]
  ep   1  loss=1.9145  val_mf1=0.0330
  ep  10  loss=1.0559  val_mf1=0.7462
  ep  20  loss=0.9125  val_mf1=0.7282
  ep  30  loss=0.8492  val_mf1=0.7965
  best ep 16  val_mf1=0.8083  (12s)  TEST mf1=0.6523  wf1=0.7551  acc=0.7458

Sweep done: trained=16, skipped_existing=0
Saved: /mnt/extended-home/fitra_dosen/2025_iris_fer_taufik/MultimodalEmoLearn/models/benchmark/ckplus_7class/3class/Unified/raw_136/results.json
Saved: /mnt/extended-home/fitra_dosen/2025_iris_fer_taufik/MultimodalEmoLearn/models/benchmark/ckplus_7class/3class/Unified/facs_28/results.json
Saved: /mnt/extended-home/fitra_dosen/2025_iris_fer_taufik/MultimodalEmoLearn/models/benchmark/ckplus_7class/7class/Unified/raw_136/results.json
Saved: /mnt/extended-home/fitra_dosen/2025_iris_fer_taufik/MultimodalEmoLearn/models/benchmark/ckplus_7class/7class/Unified/facs_28/results.json

===============================================================================================
SUMMARY: Unified protocol macro_f1
===============================================================================================
  scheme  feat      src         arch          B1        B2        B3
  3c     raw_136   mediapipe   fcnn      0.6840    0.4744    0.5506
  3c     raw_136   mediapipe   cnn1d     0.6375    0.4817    0.5677
  3c     facs_28   mediapipe   fcnn      0.9109    0.8188    0.7869
  3c     facs_28   mediapipe   cnn1d     0.6453    0.8250    0.6603
  7c     raw_136   mediapipe   fcnn      0.4074    0.3693    0.4652
  7c     raw_136   mediapipe   cnn1d     0.4594    0.3638    0.3611
  7c     facs_28   mediapipe   fcnn      0.6033    0.6359    0.6179
  7c     facs_28   mediapipe   cnn1d     0.6360    0.5780    0.6523
#### ckplus_7class image B2/B3 ####
Device: cuda
DATA_DIR: /mnt/extended-home/fitra_dosen/2025_iris_fer_taufik/MultimodalEmoLearn/data/benchmark/ckplus_7class
Output: /mnt/extended-home/fitra_dosen/2025_iris_fer_taufik/MultimodalEmoLearn/models/benchmark/ckplus_7class
Total runs: 8
Pre-loaded 4 existing runs (use --force-retrain to ignore)

[1/8]

==== cnn_scratch × 3c × B2 ====
  Train N=508  img_shape=(224, 224, 3)  augment=False  lr=0.001
  class counts train: [123, 260, 125]
  ep   1  loss=1.2387  val_mf1=0.1379
  ep   5  loss=1.1561  val_mf1=0.2163
  ep  10  loss=1.0896  val_mf1=0.2573
  ep  15  loss=1.0757  val_mf1=0.1763
  ep  20  loss=0.9743  val_mf1=0.2859
  ep  25  loss=0.6497  val_mf1=0.4532
  ep  30  loss=0.5336  val_mf1=0.5925
  ep  35  loss=0.3917  val_mf1=0.6472
  ep  40  loss=0.4176  val_mf1=0.6251
  ep  45  loss=0.3547  val_mf1=0.5203
  ep  50  loss=0.2241  val_mf1=0.5787
  best ep 49  val_mf1=0.6955  (245s)  TEST mf1=0.8014  wf1=0.7981  acc=0.7966

[2/8]

==== cnn_scratch × 3c × B3 ====
  Train N=508  img_shape=(224, 224, 3)  augment=True  lr=0.001
  class counts train: [123, 260, 125]
  ep   1  loss=1.2121  val_mf1=0.1379
  ep   5  loss=1.1396  val_mf1=0.2186
  ep  10  loss=1.1231  val_mf1=0.2830
  ep  15  loss=1.0731  val_mf1=0.4726
  ep  20  loss=1.0086  val_mf1=0.3681
  ep  25  loss=0.7537  val_mf1=0.5524
  ep  30  loss=0.6866  val_mf1=0.6209
  ep  35  loss=0.5517  val_mf1=0.6392
  ep  40  loss=0.5768  val_mf1=0.7617
  ep  45  loss=0.4959  val_mf1=0.7542
  ep  50  loss=0.3827  val_mf1=0.7150
  best ep 48  val_mf1=0.7664  (247s)  TEST mf1=0.7305  wf1=0.7667  acc=0.7797

[3/8]

==== cnn_tl × 3c × B2 ====
  Train N=508  img_shape=(224, 224, 3)  augment=False  lr=0.0001
  class counts train: [123, 260, 125]
  ep   1  loss=0.8905  val_mf1=0.6064
  ep   5  loss=0.1174  val_mf1=0.9449
  ep  10  loss=0.0377  val_mf1=0.9249
  ep  15  loss=0.0197  val_mf1=0.9311
  ep  20  loss=0.0242  val_mf1=0.9168
  best ep 5  val_mf1=0.9449  (50s)  TEST mf1=0.8587  wf1=0.8752  acc=0.8814

[4/8]

==== cnn_tl × 3c × B3 ====
  Train N=508  img_shape=(224, 224, 3)  augment=True  lr=0.0001
  class counts train: [123, 260, 125]
  ep   1  loss=0.9564  val_mf1=0.4927
  ep   5  loss=0.1902  val_mf1=0.9209
  ep  10  loss=0.0986  val_mf1=0.9100
  ep  15  loss=0.0500  val_mf1=0.9637
  ep  20  loss=0.0344  val_mf1=0.9295
  ep  25  loss=0.0422  val_mf1=0.9297
  ep  30  loss=0.0179  val_mf1=0.9685
  ep  35  loss=0.0315  val_mf1=0.9118
  ep  40  loss=0.0243  val_mf1=0.9472
  best ep 28  val_mf1=0.9685  (111s)  TEST mf1=0.9175  wf1=0.9167  acc=0.9153

[5/8]

==== cnn_scratch × 7c × B2 ====
  Train N=508  img_shape=(224, 224, 3)  augment=False  lr=0.001
  class counts train: [260, 57, 23, 35, 17, 50, 66]
  ep   1  loss=2.1182  val_mf1=0.0119
  ep   5  loss=1.8950  val_mf1=0.1179
  ep  10  loss=1.5512  val_mf1=0.1877
  ep  15  loss=1.1962  val_mf1=0.1878
  ep  20  loss=0.8752  val_mf1=0.2085
  ep  25  loss=0.6152  val_mf1=0.3317
  ep  30  loss=0.5033  val_mf1=0.3947
  ep  35  loss=0.3254  val_mf1=0.3840
  ep  40  loss=0.2799  val_mf1=0.3857
  ep  45  loss=0.2262  val_mf1=0.3473
  best ep 31  val_mf1=0.4206  (226s)  TEST mf1=0.3335  wf1=0.3302  acc=0.3390

[6/8]

==== cnn_scratch × 7c × B3 ====
  Train N=508  img_shape=(224, 224, 3)  augment=True  lr=0.001
  class counts train: [260, 57, 23, 35, 17, 50, 66]
  ep   1  loss=2.1202  val_mf1=0.0324
  ep   5  loss=1.8788  val_mf1=0.1948
  ep  10  loss=1.6484  val_mf1=0.2060
  ep  15  loss=1.3935  val_mf1=0.2453
  ep  20  loss=1.1639  val_mf1=0.3720
  ep  25  loss=0.9331  val_mf1=0.4272
  ep  30  loss=0.8849  val_mf1=0.5308
  ep  35  loss=0.6531  val_mf1=0.4593
  ep  40  loss=0.5758  val_mf1=0.5428
  ep  45  loss=0.5179  val_mf1=0.6484
  ep  50  loss=0.4553  val_mf1=0.7033
  best ep 50  val_mf1=0.7033  (249s)  TEST mf1=0.6070  wf1=0.6530  acc=0.6271

[7/8]

==== cnn_tl × 7c × B2 ====
  Train N=508  img_shape=(224, 224, 3)  augment=False  lr=0.0001
  class counts train: [260, 57, 23, 35, 17, 50, 66]
  ep   1  loss=1.6183  val_mf1=0.2965
  ep   5  loss=0.2937  val_mf1=0.7297
  ep  10  loss=0.0871  val_mf1=0.7304
  ep  15  loss=0.0541  val_mf1=0.7493
  ep  20  loss=0.0500  val_mf1=0.7365
  ep  25  loss=0.0291  val_mf1=0.7480
  ep  30  loss=0.0217  val_mf1=0.7480
  best ep 15  val_mf1=0.7493  (76s)  TEST mf1=0.8390  wf1=0.8690  acc=0.8644

[8/8]

==== cnn_tl × 7c × B3 ====
  Train N=508  img_shape=(224, 224, 3)  augment=True  lr=0.0001
  class counts train: [260, 57, 23, 35, 17, 50, 66]
  ep   1  loss=1.7364  val_mf1=0.2710
  ep   5  loss=0.4470  val_mf1=0.7275
  ep  10  loss=0.1571  val_mf1=0.9325
  ep  15  loss=0.0805  val_mf1=0.9278
  ep  20  loss=0.0695  val_mf1=0.9083
  ep  25  loss=0.0359  val_mf1=0.9850
  ep  30  loss=0.0427  val_mf1=0.9287
  ep  35  loss=0.0255  val_mf1=0.9592
  best ep 23  val_mf1=1.0000  (99s)  TEST mf1=0.8474  wf1=0.9021  acc=0.8983

Sweep done: trained=8, skipped_existing=0
Saved: /mnt/extended-home/fitra_dosen/2025_iris_fer_taufik/MultimodalEmoLearn/models/benchmark/ckplus_7class/3class/Unified/cnn_scratch/results.json
Saved: /mnt/extended-home/fitra_dosen/2025_iris_fer_taufik/MultimodalEmoLearn/models/benchmark/ckplus_7class/3class/Unified/cnn_tl/results.json
Saved: /mnt/extended-home/fitra_dosen/2025_iris_fer_taufik/MultimodalEmoLearn/models/benchmark/ckplus_7class/7class/Unified/cnn_scratch/results.json
Saved: /mnt/extended-home/fitra_dosen/2025_iris_fer_taufik/MultimodalEmoLearn/models/benchmark/ckplus_7class/7class/Unified/cnn_tl/results.json

================================================================================
SUMMARY: Unified protocol image-based macro_f1
================================================================================
  scheme  arch                B1        B2        B3
  3c     cnn_scratch        nan    0.8014    0.7305
  3c     cnn_tl             nan    0.8587    0.9175
  7c     cnn_scratch        nan    0.3335    0.6070
  7c     cnn_tl             nan    0.8390    0.8474
#### ckplus_7class fusion B2/B3 ####
Device: cuda
DATA_DIR: /mnt/extended-home/fitra_dosen/2025_iris_fer_taufik/MultimodalEmoLearn/data/benchmark/ckplus_7class
Output: /mnt/extended-home/fitra_dosen/2025_iris_fer_taufik/MultimodalEmoLearn/models/benchmark/ckplus_7class
Total runs: 16
Pre-loaded 8 existing runs (use --force-retrain to ignore)

[1/16]

==== fusion_early_scratch × 3c × B2 × lm=mediapipe/raw_136(dim=136) ====
  Train N=508  augment=False  is_coord=True  lr=0.001  early_fusion_mode=concat
  class counts train: [123, 260, 125]
  ep   1  loss=1.1616  val_mf1=0.1190
  ep   5  loss=1.0404  val_mf1=0.3580
  ep  10  loss=0.9186  val_mf1=0.5415
  ep  15  loss=0.6553  val_mf1=0.5396
  ep  20  loss=0.6068  val_mf1=0.7383
  ep  25  loss=0.4385  val_mf1=0.6788
  ep  30  loss=0.4667  val_mf1=0.7385
  ep  35  loss=0.4078  val_mf1=0.7755
  ep  40  loss=0.3344  val_mf1=0.7446
  ep  45  loss=0.3533  val_mf1=0.6516
  ep  50  loss=0.2828  val_mf1=0.6851
  best ep 42  val_mf1=0.8570  (244s)  TEST mf1=0.7943  wf1=0.7856  acc=0.7797

[2/16]

==== fusion_early_scratch × 3c × B3 × lm=mediapipe/raw_136(dim=136) ====
  Train N=508  augment=True  is_coord=True  lr=0.001  early_fusion_mode=concat
  class counts train: [123, 260, 125]
  ep   1  loss=1.2042  val_mf1=0.1190
  ep   5  loss=1.1696  val_mf1=0.3348
  ep  10  loss=1.1371  val_mf1=0.2285
  ep  15  loss=1.0491  val_mf1=0.3203
  ep  20  loss=1.0055  val_mf1=0.4149
  ep  25  loss=0.7654  val_mf1=0.5358
  ep  30  loss=0.7077  val_mf1=0.6039
  ep  35  loss=0.6617  val_mf1=0.5965
  ep  40  loss=0.5816  val_mf1=0.5921
  ep  45  loss=0.4840  val_mf1=0.6697
  ep  50  loss=0.4917  val_mf1=0.6952
  best ep 43  val_mf1=0.7415  (242s)  TEST mf1=0.7606  wf1=0.7629  acc=0.7627

[3/16]

==== fusion_early_tl × 3c × B2 × lm=mediapipe/raw_136(dim=136) ====
  Train N=508  augment=False  is_coord=True  lr=0.0001  early_fusion_mode=concat
  class counts train: [123, 260, 125]
  ep   1  loss=0.9255  val_mf1=0.3599
  ep   5  loss=0.1080  val_mf1=0.8527
  ep  10  loss=0.0410  val_mf1=0.8866
  ep  15  loss=0.0960  val_mf1=0.8123
  ep  20  loss=0.0181  val_mf1=0.8875
  ep  25  loss=0.0117  val_mf1=0.9256
  ep  30  loss=0.0077  val_mf1=0.9070
  ep  35  loss=0.0070  val_mf1=0.9256
  best ep 21  val_mf1=0.9256  (88s)  TEST mf1=0.9017  wf1=0.8993  acc=0.8983

[4/16]

==== fusion_early_tl × 3c × B3 × lm=mediapipe/raw_136(dim=136) ====
  Train N=508  augment=True  is_coord=True  lr=0.0001  early_fusion_mode=concat
  class counts train: [123, 260, 125]
  ep   1  loss=0.9576  val_mf1=0.4457
  ep   5  loss=0.2017  val_mf1=0.7438
  ep  10  loss=0.0828  val_mf1=0.8478
  ep  15  loss=0.0698  val_mf1=0.9472
  ep  20  loss=0.0657  val_mf1=0.9043
  ep  25  loss=0.0535  val_mf1=0.8252
  best ep 13  val_mf1=0.9626  (72s)  TEST mf1=0.9407  wf1=0.9330  acc=0.9322

[5/16]

==== fusion_intermediate_scratch × 3c × B2 × lm=mediapipe/raw_136(dim=136) ====
  Train N=508  augment=False  is_coord=True  lr=0.001
  class counts train: [123, 260, 125]
  ep   1  loss=1.1720  val_mf1=0.1379
  ep   5  loss=0.9689  val_mf1=0.3293
  ep  10  loss=0.7183  val_mf1=0.3936
  ep  15  loss=0.5957  val_mf1=0.3436
  ep  20  loss=0.5949  val_mf1=0.1531
  ep  25  loss=0.5857  val_mf1=0.3495
  ep  30  loss=0.5048  val_mf1=0.1190
  ep  35  loss=0.5673  val_mf1=0.3317
  best ep 24  val_mf1=0.6900  (174s)  TEST mf1=0.6040  wf1=0.6285  acc=0.6271

[6/16]

==== fusion_intermediate_scratch × 3c × B3 × lm=mediapipe/raw_136(dim=136) ====
  Train N=508  augment=True  is_coord=True  lr=0.001
  class counts train: [123, 260, 125]
  ep   1  loss=1.1968  val_mf1=0.2464
  ep   5  loss=1.1154  val_mf1=0.3035
  ep  10  loss=0.7744  val_mf1=0.1379
  ep  15  loss=0.6802  val_mf1=0.5679
  ep  20  loss=0.6944  val_mf1=0.2825
  ep  25  loss=0.6909  val_mf1=0.1576
  ep  30  loss=0.6310  val_mf1=0.3511
  best ep 16  val_mf1=0.6647  (140s)  TEST mf1=0.7068  wf1=0.6696  acc=0.6610

[7/16]

==== fusion_intermediate_tl × 3c × B2 × lm=mediapipe/raw_136(dim=136) ====
  Train N=508  augment=False  is_coord=True  lr=0.0001
  class counts train: [123, 260, 125]
  ep   1  loss=1.1959  val_mf1=0.3331
  ep   5  loss=0.7537  val_mf1=0.8505
  ep  10  loss=0.2467  val_mf1=0.9424
  ep  15  loss=0.1124  val_mf1=0.9311
  ep  20  loss=0.0579  val_mf1=0.9424
  best ep 9  val_mf1=0.9593  (60s)  TEST mf1=0.7901  wf1=0.7669  acc=0.7627

[8/16]

==== fusion_intermediate_tl × 3c × B3 × lm=mediapipe/raw_136(dim=136) ====
  Train N=508  augment=True  is_coord=True  lr=0.0001
  class counts train: [123, 260, 125]
  ep   1  loss=1.2066  val_mf1=0.6199
  ep   5  loss=0.8354  val_mf1=0.8228
  ep  10  loss=0.3512  val_mf1=0.9795
  ep  15  loss=0.1495  val_mf1=0.9472
  ep  20  loss=0.0786  val_mf1=0.9518
  ep  25  loss=0.0635  val_mf1=0.9685
  best ep 11  val_mf1=1.0000  (72s)  TEST mf1=0.9251  wf1=0.9158  acc=0.9153

[9/16]

==== fusion_early_scratch × 7c × B2 × lm=mediapipe/raw_136(dim=136) ====
  Train N=508  augment=False  is_coord=True  lr=0.001  early_fusion_mode=concat
  class counts train: [260, 57, 23, 35, 17, 50, 66]
  ep   1  loss=2.0451  val_mf1=0.0980
  ep   5  loss=1.7216  val_mf1=0.1787
  ep  10  loss=1.2955  val_mf1=0.3187
  ep  15  loss=0.9173  val_mf1=0.3541
  ep  20  loss=0.7462  val_mf1=0.3848
  ep  25  loss=0.5902  val_mf1=0.3473
  ep  30  loss=0.5294  val_mf1=0.3544
  ep  35  loss=0.4182  val_mf1=0.5378
  ep  40  loss=0.3143  val_mf1=0.5692
  ep  45  loss=0.2287  val_mf1=0.4096
  ep  50  loss=0.2209  val_mf1=0.4284
  best ep 40  val_mf1=0.5692  (232s)  TEST mf1=0.5555  wf1=0.6903  acc=0.6949

[10/16]

==== fusion_early_scratch × 7c × B3 × lm=mediapipe/raw_136(dim=136) ====
  Train N=508  augment=True  is_coord=True  lr=0.001  early_fusion_mode=concat
  class counts train: [260, 57, 23, 35, 17, 50, 66]
  ep   1  loss=2.1011  val_mf1=0.0330
  ep   5  loss=1.9517  val_mf1=0.1393
  ep  10  loss=1.7511  val_mf1=0.1982
  ep  15  loss=1.4635  val_mf1=0.2928
  ep  20  loss=1.2079  val_mf1=0.3245
  ep  25  loss=1.0566  val_mf1=0.3719
  ep  30  loss=0.9862  val_mf1=0.3899
  ep  35  loss=0.9167  val_mf1=0.3868
  ep  40  loss=0.7466  val_mf1=0.4800
  ep  45  loss=0.7074  val_mf1=0.4911
  ep  50  loss=0.5933  val_mf1=0.5817
  best ep 49  val_mf1=0.6678  (236s)  TEST mf1=0.5716  wf1=0.5988  acc=0.5763

[11/16]

==== fusion_early_tl × 7c × B2 × lm=mediapipe/raw_136(dim=136) ====
  Train N=508  augment=False  is_coord=True  lr=0.0001  early_fusion_mode=concat
  class counts train: [260, 57, 23, 35, 17, 50, 66]
  ep   1  loss=1.7018  val_mf1=0.1521
  ep   5  loss=0.3324  val_mf1=0.5277
  ep  10  loss=0.1006  val_mf1=0.7414
  ep  15  loss=0.0526  val_mf1=0.7857
  ep  20  loss=0.0413  val_mf1=0.7749
  ep  25  loss=0.0311  val_mf1=0.8129
  ep  30  loss=0.0256  val_mf1=0.7838
  ep  35  loss=0.0201  val_mf1=0.7660
  best ep 24  val_mf1=0.8733  (100s)  TEST mf1=0.7446  wf1=0.8462  acc=0.8644

[12/16]

==== fusion_early_tl × 7c × B3 × lm=mediapipe/raw_136(dim=136) ====
  Train N=508  augment=True  is_coord=True  lr=0.0001  early_fusion_mode=concat
  class counts train: [260, 57, 23, 35, 17, 50, 66]
  ep   1  loss=1.8158  val_mf1=0.1931
  ep   5  loss=0.5275  val_mf1=0.7884
  ep  10  loss=0.1914  val_mf1=0.8880
  ep  15  loss=0.0818  val_mf1=0.9415
  ep  20  loss=0.0601  val_mf1=1.0000
  ep  25  loss=0.0468  val_mf1=0.9224
  ep  30  loss=0.0512  val_mf1=0.9228
  best ep 16  val_mf1=1.0000  (82s)  TEST mf1=0.8850  wf1=0.9296  acc=0.9322

[13/16]

==== fusion_intermediate_scratch × 7c × B2 × lm=mediapipe/raw_136(dim=136) ====
  Train N=508  augment=False  is_coord=True  lr=0.001
  class counts train: [260, 57, 23, 35, 17, 50, 66]
  ep   1  loss=2.0998  val_mf1=0.0119
  ep   5  loss=1.9542  val_mf1=0.1207
  ep  10  loss=1.4737  val_mf1=0.1435
  ep  15  loss=1.1214  val_mf1=0.0357
  ep  20  loss=0.9113  val_mf1=0.0968
  ep  25  loss=0.8686  val_mf1=0.0343
  ep  30  loss=0.7816  val_mf1=0.0425
  ep  35  loss=0.7203  val_mf1=0.0695
  ep  40  loss=0.5752  val_mf1=0.1931
  best ep 29  val_mf1=0.4227  (198s)  TEST mf1=0.3658  wf1=0.5043  acc=0.5085

[14/16]

==== fusion_intermediate_scratch × 7c × B3 × lm=mediapipe/raw_136(dim=136) ====
  Train N=508  augment=True  is_coord=True  lr=0.001
  class counts train: [260, 57, 23, 35, 17, 50, 66]
  ep   1  loss=2.1215  val_mf1=0.0962
  ep   5  loss=1.9985  val_mf1=0.1098
  ep  10  loss=1.7218  val_mf1=0.0330
  ep  15  loss=1.5319  val_mf1=0.0707
  ep  20  loss=1.2772  val_mf1=0.2668
  ep  25  loss=1.1575  val_mf1=0.1632
  ep  30  loss=1.0795  val_mf1=0.0330
  ep  35  loss=1.0170  val_mf1=0.2627
  ep  40  loss=0.9348  val_mf1=0.0719
  ep  45  loss=0.9257  val_mf1=0.1251
  best ep 33  val_mf1=0.4525  (224s)  TEST mf1=0.3662  wf1=0.3972  acc=0.4068

[15/16]

==== fusion_intermediate_tl × 7c × B2 × lm=mediapipe/raw_136(dim=136) ====
  Train N=508  augment=False  is_coord=True  lr=0.0001
  class counts train: [260, 57, 23, 35, 17, 50, 66]
  ep   1  loss=2.0341  val_mf1=0.1798
  ep   5  loss=1.5664  val_mf1=0.4429
  ep  10  loss=1.0093  val_mf1=0.6857
  ep  15  loss=0.5397  val_mf1=0.7109
  ep  20  loss=0.3190  val_mf1=0.7898
  ep  25  loss=0.1891  val_mf1=0.8816
  ep  30  loss=0.1666  val_mf1=0.9143
  ep  35  loss=0.1261  val_mf1=0.9312
  ep  40  loss=0.0980  val_mf1=0.9369
  ep  45  loss=0.0998  val_mf1=0.8664
  best ep 33  val_mf1=0.9673  (121s)  TEST mf1=0.7231  wf1=0.8165  acc=0.8136

[16/16]

==== fusion_intermediate_tl × 7c × B3 × lm=mediapipe/raw_136(dim=136) ====
  Train N=508  augment=True  is_coord=True  lr=0.0001
  class counts train: [260, 57, 23, 35, 17, 50, 66]
  ep   1  loss=2.0641  val_mf1=0.1335
  ep   5  loss=1.6394  val_mf1=0.4400
  ep  10  loss=1.1284  val_mf1=0.6034
  ep  15  loss=0.6327  val_mf1=0.8129
  ep  20  loss=0.3907  val_mf1=0.9325
  ep  25  loss=0.2398  val_mf1=0.9896
  ep  30  loss=0.2121  val_mf1=0.9896
  ep  35  loss=0.1281  val_mf1=0.9896
  ep  40  loss=0.1355  val_mf1=0.9592
  best ep 25  val_mf1=0.9896  (106s)  TEST mf1=0.8582  wf1=0.9015  acc=0.8983

Sweep done: trained=16, skipped_existing=0
Saved: /mnt/extended-home/fitra_dosen/2025_iris_fer_taufik/MultimodalEmoLearn/models/benchmark/ckplus_7class/3class/Unified/fusion_early_scratch/results.json
Saved: /mnt/extended-home/fitra_dosen/2025_iris_fer_taufik/MultimodalEmoLearn/models/benchmark/ckplus_7class/3class/Unified/fusion_early_tl/results.json
Saved: /mnt/extended-home/fitra_dosen/2025_iris_fer_taufik/MultimodalEmoLearn/models/benchmark/ckplus_7class/3class/Unified/fusion_intermediate_scratch/results.json
Saved: /mnt/extended-home/fitra_dosen/2025_iris_fer_taufik/MultimodalEmoLearn/models/benchmark/ckplus_7class/3class/Unified/fusion_intermediate_tl/results.json
Saved: /mnt/extended-home/fitra_dosen/2025_iris_fer_taufik/MultimodalEmoLearn/models/benchmark/ckplus_7class/7class/Unified/fusion_early_scratch/results.json
Saved: /mnt/extended-home/fitra_dosen/2025_iris_fer_taufik/MultimodalEmoLearn/models/benchmark/ckplus_7class/7class/Unified/fusion_early_tl/results.json
Saved: /mnt/extended-home/fitra_dosen/2025_iris_fer_taufik/MultimodalEmoLearn/models/benchmark/ckplus_7class/7class/Unified/fusion_intermediate_scratch/results.json
Saved: /mnt/extended-home/fitra_dosen/2025_iris_fer_taufik/MultimodalEmoLearn/models/benchmark/ckplus_7class/7class/Unified/fusion_intermediate_tl/results.json

========================================================================================================================
SUMMARY: Unified protocol fusion macro_f1
========================================================================================================================
  scheme  fusion         mode    variant   feature           lm_src            B1        B2        B3
  3c     early          concat  scratch   raw_136           mediapipe        nan    0.7943    0.7606
  3c     early          concat  tl        raw_136           mediapipe        nan    0.9017    0.9407
  3c     intermediate   concat  scratch   raw_136           mediapipe        nan    0.6040    0.7068
  3c     intermediate   concat  tl        raw_136           mediapipe        nan    0.7901    0.9251
  7c     early          concat  scratch   raw_136           mediapipe        nan    0.5555    0.5716
  7c     early          concat  tl        raw_136           mediapipe        nan    0.7446    0.8850
  7c     intermediate   concat  scratch   raw_136           mediapipe        nan    0.3658    0.3662
  7c     intermediate   concat  tl        raw_136           mediapipe        nan    0.7231    0.8582
#### jaffe_7class landmark B2/B3 ####
Device: cuda
DATA_DIR: /mnt/extended-home/fitra_dosen/2025_iris_fer_taufik/MultimodalEmoLearn/data/benchmark/jaffe_7class
Output: /mnt/extended-home/fitra_dosen/2025_iris_fer_taufik/MultimodalEmoLearn/models/benchmark/jaffe_7class
Total runs: 16
Pre-loaded 8 existing runs (use --force-retrain to ignore)

[1/16]

==== mediapipe × raw_136 × fcnn × 3c × B2 ====
  Train N=152  in_dim=136  augment=False
  class counts train: [44, 21, 87]
  ep   1  loss=1.2046  val_mf1=0.2424
  ep  10  loss=0.4110  val_mf1=0.0833
  ep  20  loss=0.2411  val_mf1=0.2424
  ep  30  loss=0.1630  val_mf1=0.1481
  ep  40  loss=0.0829  val_mf1=0.1481
  best ep 33  val_mf1=0.5675  (4s)  TEST mf1=0.3814  wf1=0.5454  acc=0.5750

[2/16]

==== mediapipe × raw_136 × fcnn × 3c × B3 ====
  Train N=152  in_dim=136  augment=True
  class counts train: [44, 21, 87]
  ep   1  loss=1.2033  val_mf1=0.2424
  ep  10  loss=1.0493  val_mf1=0.3189
  ep  20  loss=0.8824  val_mf1=0.5494
  ep  30  loss=0.7410  val_mf1=0.2424
  best ep 24  val_mf1=0.8857  (3s)  TEST mf1=0.6269  wf1=0.6839  acc=0.6750

[3/16]

==== mediapipe × raw_136 × cnn1d × 3c × B2 ====
  Train N=152  in_dim=136  augment=False
  class counts train: [44, 21, 87]
  ep   1  loss=1.1745  val_mf1=0.0833
  ep  10  loss=1.1565  val_mf1=0.2424
  ep  20  loss=1.0010  val_mf1=0.4359
  ep  30  loss=0.8727  val_mf1=0.5494
  best ep 24  val_mf1=0.5494  (6s)  TEST mf1=0.4275  wf1=0.5660  acc=0.6000

[4/16]

==== mediapipe × raw_136 × cnn1d × 3c × B3 ====
  Train N=152  in_dim=136  augment=True
  class counts train: [44, 21, 87]
  ep   1  loss=1.1782  val_mf1=0.0833
  ep  10  loss=1.1188  val_mf1=0.2424
  ep  20  loss=1.1009  val_mf1=0.4381
  ep  30  loss=1.0239  val_mf1=0.4751
  ep  40  loss=0.9175  val_mf1=0.1481
  ep  50  loss=0.8651  val_mf1=0.5494
  best ep 37  val_mf1=0.9599  (7s)  TEST mf1=0.5308  wf1=0.5148  acc=0.5250

[5/16]

==== mediapipe × facs_28 × fcnn × 3c × B2 ====
  Train N=152  in_dim=28  augment=False
  class counts train: [44, 21, 87]
  ep   1  loss=1.1261  val_mf1=0.2424
  ep  10  loss=0.2949  val_mf1=0.2500
  ep  20  loss=0.2202  val_mf1=0.8077
  ep  30  loss=0.0729  val_mf1=0.7677
  best ep 21  val_mf1=1.0000  (4s)  TEST mf1=0.2917  wf1=0.4571  acc=0.5750

[6/16]

==== mediapipe × facs_28 × fcnn × 3c × B3 ====
  Train N=152  in_dim=28  augment=True
  class counts train: [44, 21, 87]
  ep   1  loss=1.2336  val_mf1=0.2424
  ep  10  loss=0.6500  val_mf1=0.0833
  ep  20  loss=0.6267  val_mf1=0.5833
  ep  30  loss=0.4917  val_mf1=0.8571
  ep  40  loss=0.4318  val_mf1=0.8434
  best ep 31  val_mf1=0.8857  (5s)  TEST mf1=0.4841  wf1=0.6351  acc=0.7000

[7/16]

==== mediapipe × facs_28 × cnn1d × 3c × B2 ====
  Train N=152  in_dim=28  augment=False
  class counts train: [44, 21, 87]
  ep   1  loss=1.1343  val_mf1=0.1481
  ep  10  loss=0.7853  val_mf1=0.3889
  ep  20  loss=0.5644  val_mf1=0.6942
  ep  30  loss=0.5080  val_mf1=0.8571
  best ep 16  val_mf1=0.8857  (3s)  TEST mf1=0.2128  wf1=0.2235  acc=0.3250

[8/16]

==== mediapipe × facs_28 × cnn1d × 3c × B3 ====
  Train N=152  in_dim=28  augment=True
  class counts train: [44, 21, 87]
  ep   1  loss=1.1644  val_mf1=0.1481
  ep  10  loss=0.8738  val_mf1=0.2576
  ep  20  loss=0.7241  val_mf1=0.5167
  ep  30  loss=0.6537  val_mf1=0.8434
  best ep 16  val_mf1=0.8857  (4s)  TEST mf1=0.1838  wf1=0.1766  acc=0.3000

[9/16]

==== mediapipe × raw_136 × fcnn × 7c × B2 ====
  Train N=152  in_dim=136  augment=False
  class counts train: [21, 23, 22, 21, 23, 21, 21]
  ep   1  loss=1.9190  val_mf1=0.0357
  ep  10  loss=1.1888  val_mf1=0.0408
  ep  20  loss=0.5595  val_mf1=0.2571
  ep  30  loss=0.3852  val_mf1=0.0357
  best ep 20  val_mf1=0.2571  (3s)  TEST mf1=0.1081  wf1=0.1071  acc=0.2000

[10/16]

==== mediapipe × raw_136 × fcnn × 7c × B3 ====
  Train N=152  in_dim=136  augment=True
  class counts train: [21, 23, 22, 21, 23, 21, 21]
  ep   1  loss=2.0027  val_mf1=0.0357
  ep  10  loss=1.8225  val_mf1=0.0429
  ep  20  loss=1.6208  val_mf1=0.0357
  ep  30  loss=1.3896  val_mf1=0.2718
  ep  40  loss=1.2470  val_mf1=0.0357
  best ep 30  val_mf1=0.2718  (4s)  TEST mf1=0.0948  wf1=0.0905  acc=0.2000

[11/16]

==== mediapipe × raw_136 × cnn1d × 7c × B2 ====
  Train N=152  in_dim=136  augment=False
  class counts train: [21, 23, 22, 21, 23, 21, 21]
  ep   1  loss=2.0974  val_mf1=0.0357
  ep  10  loss=1.9110  val_mf1=0.0357
  ep  20  loss=1.7736  val_mf1=0.1857
  ep  30  loss=1.6822  val_mf1=0.1880
  best ep 22  val_mf1=0.3087  (4s)  TEST mf1=0.0764  wf1=0.0724  acc=0.1750

[12/16]

==== mediapipe × raw_136 × cnn1d × 7c × B3 ====
  Train N=152  in_dim=136  augment=True
  class counts train: [21, 23, 22, 21, 23, 21, 21]
  ep   1  loss=2.1187  val_mf1=0.0357
  ep  10  loss=1.9635  val_mf1=0.0357
  ep  20  loss=1.9038  val_mf1=0.2571
  ep  30  loss=1.8484  val_mf1=0.2861
  ep  40  loss=1.6976  val_mf1=0.1857
  best ep 25  val_mf1=0.3190  (5s)  TEST mf1=0.2232  wf1=0.2165  acc=0.2750

[13/16]

==== mediapipe × facs_28 × fcnn × 7c × B2 ====
  Train N=152  in_dim=28  augment=False
  class counts train: [21, 23, 22, 21, 23, 21, 21]
  ep   1  loss=1.9602  val_mf1=0.0357
  ep  10  loss=0.9727  val_mf1=0.1143
  ep  20  loss=0.5352  val_mf1=0.5748
  ep  30  loss=0.4116  val_mf1=0.7163
  ep  40  loss=0.2728  val_mf1=0.5755
  best ep 34  val_mf1=0.7891  (6s)  TEST mf1=0.4116  wf1=0.3968  acc=0.4000

[14/16]

==== mediapipe × facs_28 × fcnn × 7c × B3 ====
  Train N=152  in_dim=28  augment=True
  class counts train: [21, 23, 22, 21, 23, 21, 21]
  ep   1  loss=2.0012  val_mf1=0.0357
  ep  10  loss=1.4464  val_mf1=0.1933
  ep  20  loss=1.0810  val_mf1=0.5289
  ep  30  loss=1.1190  val_mf1=0.5383
  ep  40  loss=0.8529  val_mf1=0.6177
  ep  50  loss=0.9393  val_mf1=0.6735
  best ep 49  val_mf1=0.7177  (6s)  TEST mf1=0.1079  wf1=0.0994  acc=0.2000

[15/16]

==== mediapipe × facs_28 × cnn1d × 7c × B2 ====
  Train N=152  in_dim=28  augment=False
  class counts train: [21, 23, 22, 21, 23, 21, 21]
  ep   1  loss=2.0513  val_mf1=0.0357
  ep  10  loss=1.5073  val_mf1=0.1286
  ep  20  loss=1.2751  val_mf1=0.6116
  ep  30  loss=0.9736  val_mf1=0.5207
  best ep 19  val_mf1=0.7092  (4s)  TEST mf1=0.1143  wf1=0.1075  acc=0.2000

[16/16]

==== mediapipe × facs_28 × cnn1d × 7c × B3 ====
  Train N=152  in_dim=28  augment=True
  class counts train: [21, 23, 22, 21, 23, 21, 21]
  ep   1  loss=2.0780  val_mf1=0.0357
  ep  10  loss=1.5786  val_mf1=0.1837
  ep  20  loss=1.4790  val_mf1=0.5218
  ep  30  loss=1.1513  val_mf1=0.5153
  ep  40  loss=1.1521  val_mf1=0.6480
  ep  50  loss=1.1261  val_mf1=0.5986
  best ep 48  val_mf1=0.6973  (6s)  TEST mf1=0.3481  wf1=0.3393  acc=0.4000

Sweep done: trained=16, skipped_existing=0
Saved: /mnt/extended-home/fitra_dosen/2025_iris_fer_taufik/MultimodalEmoLearn/models/benchmark/jaffe_7class/3class/Unified/raw_136/results.json
Saved: /mnt/extended-home/fitra_dosen/2025_iris_fer_taufik/MultimodalEmoLearn/models/benchmark/jaffe_7class/3class/Unified/facs_28/results.json
Saved: /mnt/extended-home/fitra_dosen/2025_iris_fer_taufik/MultimodalEmoLearn/models/benchmark/jaffe_7class/7class/Unified/raw_136/results.json
Saved: /mnt/extended-home/fitra_dosen/2025_iris_fer_taufik/MultimodalEmoLearn/models/benchmark/jaffe_7class/7class/Unified/facs_28/results.json

===============================================================================================
SUMMARY: Unified protocol macro_f1
===============================================================================================
  scheme  feat      src         arch          B1        B2        B3
  3c     raw_136   mediapipe   fcnn      0.1630    0.3814    0.6269
  3c     raw_136   mediapipe   cnn1d     0.2295    0.4275    0.5308
  3c     facs_28   mediapipe   fcnn      0.2917    0.2917    0.4841
  3c     facs_28   mediapipe   cnn1d     0.2330    0.2128    0.1838
  7c     raw_136   mediapipe   fcnn      0.1608    0.1081    0.0948
  7c     raw_136   mediapipe   cnn1d     0.0985    0.0764    0.2232
  7c     facs_28   mediapipe   fcnn      0.2440    0.4116    0.1079
  7c     facs_28   mediapipe   cnn1d     0.2763    0.1143    0.3481
#### jaffe_7class image B2/B3 ####
Device: cuda
DATA_DIR: /mnt/extended-home/fitra_dosen/2025_iris_fer_taufik/MultimodalEmoLearn/data/benchmark/jaffe_7class
Output: /mnt/extended-home/fitra_dosen/2025_iris_fer_taufik/MultimodalEmoLearn/models/benchmark/jaffe_7class
Total runs: 8
Pre-loaded 4 existing runs (use --force-retrain to ignore)

[1/8]

==== cnn_scratch × 3c × B2 ====
  Train N=152  img_shape=(224, 224, 3)  augment=False  lr=0.001
  class counts train: [44, 21, 87]
  ep   1  loss=1.2528  val_mf1=0.2424
  ep   5  loss=1.1220  val_mf1=0.0833
  ep  10  loss=1.0393  val_mf1=0.1481
  ep  15  loss=0.9095  val_mf1=0.4804
  ep  20  loss=0.7774  val_mf1=0.7966
  ep  25  loss=0.5650  val_mf1=0.8500
  ep  30  loss=0.3465  val_mf1=0.8000
  ep  35  loss=0.2747  val_mf1=0.8774
  ep  40  loss=0.1784  val_mf1=0.8012
  best ep 27  val_mf1=0.9564  (74s)  TEST mf1=0.3052  wf1=0.2898  acc=0.3500

[2/8]

==== cnn_scratch × 3c × B3 ====
  Train N=152  img_shape=(224, 224, 3)  augment=True  lr=0.001
  class counts train: [44, 21, 87]
  ep   1  loss=1.2460  val_mf1=0.2424
  ep   5  loss=1.1905  val_mf1=0.0833
  ep  10  loss=1.1137  val_mf1=0.0833
  ep  15  loss=1.0695  val_mf1=0.2000
  best ep 1  val_mf1=0.2424  (27s)  TEST mf1=0.2434  wf1=0.4198  acc=0.5750

[3/8]

==== cnn_tl × 3c × B2 ====
  Train N=152  img_shape=(224, 224, 3)  augment=False  lr=0.0001
  class counts train: [44, 21, 87]
  ep   1  loss=0.9297  val_mf1=0.5079
  ep   5  loss=0.1558  val_mf1=0.5790
  ep  10  loss=0.0564  val_mf1=0.6154
  ep  15  loss=0.0440  val_mf1=0.8364
  ep  20  loss=0.0283  val_mf1=0.8799
  ep  25  loss=0.0141  val_mf1=0.9200
  ep  30  loss=0.0150  val_mf1=0.9200
  best ep 17  val_mf1=0.9221  (35s)  TEST mf1=0.4530  wf1=0.4604  acc=0.4750

[4/8]

==== cnn_tl × 3c × B3 ====
  Train N=152  img_shape=(224, 224, 3)  augment=True  lr=0.0001
  class counts train: [44, 21, 87]
  ep   1  loss=1.0310  val_mf1=0.4772
  ep   5  loss=0.3207  val_mf1=0.5897
  ep  10  loss=0.1227  val_mf1=0.8799
  ep  15  loss=0.0946  val_mf1=0.9599
  ep  20  loss=0.0518  val_mf1=1.0000
  ep  25  loss=0.0226  val_mf1=0.9221
  ep  30  loss=0.0222  val_mf1=0.6296
  ep  35  loss=0.0188  val_mf1=0.9221
  best ep 20  val_mf1=1.0000  (41s)  TEST mf1=0.5121  wf1=0.5170  acc=0.4750

[5/8]

==== cnn_scratch × 7c × B2 ====
  Train N=152  img_shape=(224, 224, 3)  augment=False  lr=0.001
  class counts train: [21, 23, 22, 21, 23, 21, 21]
  ep   1  loss=2.0966  val_mf1=0.0357
  ep   5  loss=1.9363  val_mf1=0.0357
  ep  10  loss=1.8263  val_mf1=0.0357
  ep  15  loss=1.4943  val_mf1=0.3129
  ep  20  loss=1.3437  val_mf1=0.4002
  ep  25  loss=1.0888  val_mf1=0.1731
  ep  30  loss=0.8474  val_mf1=0.3776
  ep  35  loss=0.6875  val_mf1=0.3296
  ep  40  loss=0.4572  val_mf1=0.3558
  ep  45  loss=0.2830  val_mf1=0.3337
  ep  50  loss=0.2863  val_mf1=0.1582
  best ep 43  val_mf1=0.4877  (86s)  TEST mf1=0.4063  wf1=0.4195  acc=0.4750

[6/8]

==== cnn_scratch × 7c × B3 ====
  Train N=152  img_shape=(224, 224, 3)  augment=True  lr=0.001
  class counts train: [21, 23, 22, 21, 23, 21, 21]
  ep   1  loss=1.9949  val_mf1=0.0357
  ep   5  loss=1.9382  val_mf1=0.0357
  ep  10  loss=1.8726  val_mf1=0.0357
  ep  15  loss=1.5097  val_mf1=0.1457
  ep  20  loss=1.4781  val_mf1=0.5156
  ep  25  loss=1.2616  val_mf1=0.2163
  ep  30  loss=1.1957  val_mf1=0.2726
  ep  35  loss=1.0523  val_mf1=0.4194
  ep  40  loss=0.9081  val_mf1=0.4082
  best ep 28  val_mf1=0.6024  (75s)  TEST mf1=0.3536  wf1=0.3642  acc=0.3750

[7/8]

==== cnn_tl × 7c × B2 ====
  Train N=152  img_shape=(224, 224, 3)  augment=False  lr=0.0001
  class counts train: [21, 23, 22, 21, 23, 21, 21]
  ep   1  loss=1.7363  val_mf1=0.1315
  ep   5  loss=0.6659  val_mf1=0.3599
  ep  10  loss=0.2498  val_mf1=0.5510
  ep  15  loss=0.1232  val_mf1=0.6367
  ep  20  loss=0.0807  val_mf1=0.5238
  ep  25  loss=0.0751  val_mf1=0.5714
  ep  30  loss=0.0559  val_mf1=0.5714
  best ep 15  val_mf1=0.6367  (32s)  TEST mf1=0.4791  wf1=0.4732  acc=0.4750

[8/8]

==== cnn_tl × 7c × B3 ====
  Train N=152  img_shape=(224, 224, 3)  augment=True  lr=0.0001
  class counts train: [21, 23, 22, 21, 23, 21, 21]
  ep   1  loss=1.9439  val_mf1=0.1076
  ep   5  loss=1.1632  val_mf1=0.3994
  ep  10  loss=0.6090  val_mf1=0.6092
  ep  15  loss=0.2838  val_mf1=0.6667
  ep  20  loss=0.1584  val_mf1=0.7163
  ep  25  loss=0.1594  val_mf1=0.6289
  ep  30  loss=0.0848  val_mf1=0.6190
  best ep 17  val_mf1=0.7653  (35s)  TEST mf1=0.2747  wf1=0.2813  acc=0.4000

Sweep done: trained=8, skipped_existing=0
Saved: /mnt/extended-home/fitra_dosen/2025_iris_fer_taufik/MultimodalEmoLearn/models/benchmark/jaffe_7class/3class/Unified/cnn_scratch/results.json
Saved: /mnt/extended-home/fitra_dosen/2025_iris_fer_taufik/MultimodalEmoLearn/models/benchmark/jaffe_7class/3class/Unified/cnn_tl/results.json
Saved: /mnt/extended-home/fitra_dosen/2025_iris_fer_taufik/MultimodalEmoLearn/models/benchmark/jaffe_7class/7class/Unified/cnn_scratch/results.json
Saved: /mnt/extended-home/fitra_dosen/2025_iris_fer_taufik/MultimodalEmoLearn/models/benchmark/jaffe_7class/7class/Unified/cnn_tl/results.json

================================================================================
SUMMARY: Unified protocol image-based macro_f1
================================================================================
  scheme  arch                B1        B2        B3
  3c     cnn_scratch        nan    0.3052    0.2434
  3c     cnn_tl             nan    0.4530    0.5121
  7c     cnn_scratch        nan    0.4063    0.3536
  7c     cnn_tl             nan    0.4791    0.2747
#### jaffe_7class fusion B2/B3 ####
Device: cuda
DATA_DIR: /mnt/extended-home/fitra_dosen/2025_iris_fer_taufik/MultimodalEmoLearn/data/benchmark/jaffe_7class
Output: /mnt/extended-home/fitra_dosen/2025_iris_fer_taufik/MultimodalEmoLearn/models/benchmark/jaffe_7class
Total runs: 16
Pre-loaded 8 existing runs (use --force-retrain to ignore)

[1/16]

==== fusion_early_scratch × 3c × B2 × lm=mediapipe/raw_136(dim=136) ====
  Train N=152  augment=False  is_coord=True  lr=0.001  early_fusion_mode=concat
  class counts train: [44, 21, 87]
  ep   1  loss=1.2797  val_mf1=0.0833
  ep   5  loss=1.1873  val_mf1=0.1481
  ep  10  loss=1.1767  val_mf1=0.3333
  ep  15  loss=1.0888  val_mf1=0.1481
  ep  20  loss=1.0151  val_mf1=0.3741
  ep  25  loss=0.8872  val_mf1=0.3356
  ep  30  loss=0.6669  val_mf1=0.2331
  ep  35  loss=0.5558  val_mf1=0.4222
  best ep 22  val_mf1=0.6667  (67s)  TEST mf1=0.2200  wf1=0.2295  acc=0.3250

[2/16]

==== fusion_early_scratch × 3c × B3 × lm=mediapipe/raw_136(dim=136) ====
  Train N=152  augment=True  is_coord=True  lr=0.001  early_fusion_mode=concat
  class counts train: [44, 21, 87]
  ep   1  loss=1.2081  val_mf1=0.0833
  ep   5  loss=1.2368  val_mf1=0.1481
  ep  10  loss=1.1765  val_mf1=0.1796
  ep  15  loss=1.1079  val_mf1=0.4619
  ep  20  loss=1.0959  val_mf1=0.1905
  ep  25  loss=1.0641  val_mf1=0.5866
  ep  30  loss=0.9729  val_mf1=0.4308
  ep  35  loss=0.9724  val_mf1=0.6154
  ep  40  loss=1.0898  val_mf1=0.4247
  best ep 28  val_mf1=0.8724  (78s)  TEST mf1=0.3079  wf1=0.3701  acc=0.4250

[3/16]

==== fusion_early_tl × 3c × B2 × lm=mediapipe/raw_136(dim=136) ====
  Train N=152  augment=False  is_coord=True  lr=0.0001  early_fusion_mode=concat
  class counts train: [44, 21, 87]
  ep   1  loss=1.0106  val_mf1=0.1481
  ep   5  loss=0.1942  val_mf1=0.5524
  ep  10  loss=0.0505  val_mf1=0.5079
  ep  15  loss=0.0229  val_mf1=0.5079
  ep  20  loss=0.0266  val_mf1=0.8857
  ep  25  loss=0.0151  val_mf1=0.9221
  ep  30  loss=0.0164  val_mf1=0.8422
  ep  35  loss=0.0140  val_mf1=0.8061
  best ep 24  val_mf1=0.9221  (47s)  TEST mf1=0.6430  wf1=0.6477  acc=0.6500

[4/16]

==== fusion_early_tl × 3c × B3 × lm=mediapipe/raw_136(dim=136) ====
  Train N=152  augment=True  is_coord=True  lr=0.0001  early_fusion_mode=concat
  class counts train: [44, 21, 87]
  ep   1  loss=1.0779  val_mf1=0.1481
  ep   5  loss=0.3339  val_mf1=0.5524
  ep  10  loss=0.0938  val_mf1=0.8061
  ep  15  loss=0.0527  val_mf1=0.6942
  ep  20  loss=0.0451  val_mf1=0.7302
  ep  25  loss=0.0265  val_mf1=0.8061
  ep  30  loss=0.0370  val_mf1=0.8857
  ep  35  loss=0.0345  val_mf1=0.5167
  best ep 23  val_mf1=0.8857  (45s)  TEST mf1=0.5417  wf1=0.5174  acc=0.5250

[5/16]

==== fusion_intermediate_scratch × 3c × B2 × lm=mediapipe/raw_136(dim=136) ====
  Train N=152  augment=False  is_coord=True  lr=0.001
  class counts train: [44, 21, 87]
  ep   1  loss=1.1643  val_mf1=0.0833
  ep   5  loss=0.9570  val_mf1=0.0833
  ep  10  loss=0.5947  val_mf1=0.0833
  ep  15  loss=0.3281  val_mf1=0.0833
  ep  20  loss=0.3360  val_mf1=0.2424
  ep  25  loss=0.1603  val_mf1=0.1481
  ep  30  loss=0.1431  val_mf1=0.3779
  ep  35  loss=0.1541  val_mf1=0.3889
  ep  40  loss=0.0869  val_mf1=0.1481
  best ep 29  val_mf1=0.8061  (78s)  TEST mf1=0.6157  wf1=0.7184  acc=0.7000

[6/16]

==== fusion_intermediate_scratch × 3c × B3 × lm=mediapipe/raw_136(dim=136) ====
  Train N=152  augment=True  is_coord=True  lr=0.001
  class counts train: [44, 21, 87]
  ep   1  loss=1.1733  val_mf1=0.0833
  ep   5  loss=1.1560  val_mf1=0.1481
  ep  10  loss=1.1249  val_mf1=0.3175
  ep  15  loss=0.9710  val_mf1=0.3175
  ep  20  loss=0.8419  val_mf1=0.2529
  ep  25  loss=0.7352  val_mf1=0.5109
  ep  30  loss=0.5959  val_mf1=0.2424
  ep  35  loss=0.6539  val_mf1=0.5128
  best ep 23  val_mf1=0.5980  (66s)  TEST mf1=0.3344  wf1=0.4159  acc=0.4500

[7/16]

==== fusion_intermediate_tl × 3c × B2 × lm=mediapipe/raw_136(dim=136) ====
  Train N=152  augment=False  is_coord=True  lr=0.0001
  class counts train: [44, 21, 87]
  ep   1  loss=1.1940  val_mf1=0.1067
  ep   5  loss=0.9924  val_mf1=0.8500
  ep  10  loss=0.8067  val_mf1=0.9599
  ep  15  loss=0.4538  val_mf1=1.0000
  ep  20  loss=0.2815  val_mf1=0.8077
  best ep 9  val_mf1=1.0000  (27s)  TEST mf1=0.3483  wf1=0.2597  acc=0.3750

[8/16]

==== fusion_intermediate_tl × 3c × B3 × lm=mediapipe/raw_136(dim=136) ====
  Train N=152  augment=True  is_coord=True  lr=0.0001
  class counts train: [44, 21, 87]
  ep   1  loss=1.1950  val_mf1=0.1067
  ep   5  loss=1.0627  val_mf1=0.1481
  ep  10  loss=0.9389  val_mf1=0.4456
  ep  15  loss=0.7315  val_mf1=1.0000
  ep  20  loss=0.4631  val_mf1=0.6296
  ep  25  loss=0.3183  val_mf1=0.6296
  ep  30  loss=0.2027  val_mf1=0.6296
  best ep 15  val_mf1=1.0000  (36s)  TEST mf1=0.3798  wf1=0.3927  acc=0.3750

[9/16]

==== fusion_early_scratch × 7c × B2 × lm=mediapipe/raw_136(dim=136) ====
  Train N=152  augment=False  is_coord=True  lr=0.001  early_fusion_mode=concat
  class counts train: [21, 23, 22, 21, 23, 21, 21]
  ep   1  loss=2.0945  val_mf1=0.0357
  ep   5  loss=2.0646  val_mf1=0.0357
  ep  10  loss=1.9675  val_mf1=0.0357
  ep  15  loss=1.6700  val_mf1=0.1607
  ep  20  loss=1.3808  val_mf1=0.2474
  ep  25  loss=0.9368  val_mf1=0.6565
  ep  30  loss=0.7553  val_mf1=0.5810
  ep  35  loss=0.5735  val_mf1=0.6302
  ep  40  loss=0.4177  val_mf1=0.5873
  ep  45  loss=0.3155  val_mf1=0.5000
  ep  50  loss=0.2320  val_mf1=0.6177
  best ep 43  val_mf1=0.6939  (90s)  TEST mf1=0.1239  wf1=0.1136  acc=0.1750

[10/16]

==== fusion_early_scratch × 7c × B3 × lm=mediapipe/raw_136(dim=136) ====
  Train N=152  augment=True  is_coord=True  lr=0.001  early_fusion_mode=concat
  class counts train: [21, 23, 22, 21, 23, 21, 21]
  ep   1  loss=2.0939  val_mf1=0.0357
  ep   5  loss=2.1114  val_mf1=0.0357
  ep  10  loss=2.1214  val_mf1=0.2718
  ep  15  loss=1.8942  val_mf1=0.1361
  ep  20  loss=1.8371  val_mf1=0.3636
  ep  25  loss=1.6175  val_mf1=0.2577
  ep  30  loss=1.4243  val_mf1=0.1565
  best ep 19  val_mf1=0.4694  (57s)  TEST mf1=0.0807  wf1=0.0776  acc=0.1750

[11/16]

==== fusion_early_tl × 7c × B2 × lm=mediapipe/raw_136(dim=136) ====
  Train N=152  augment=False  is_coord=True  lr=0.0001  early_fusion_mode=concat
  class counts train: [21, 23, 22, 21, 23, 21, 21]
  ep   1  loss=1.9638  val_mf1=0.1551
  ep   5  loss=0.7214  val_mf1=0.3117
  ep  10  loss=0.2398  val_mf1=0.4810
  ep  15  loss=0.1433  val_mf1=0.5537
  ep  20  loss=0.0950  val_mf1=0.6071
  ep  25  loss=0.0943  val_mf1=0.5289
  ep  30  loss=0.0592  val_mf1=0.5289
  best ep 17  val_mf1=0.7976  (36s)  TEST mf1=0.1204  wf1=0.1193  acc=0.2000

[12/16]

==== fusion_early_tl × 7c × B3 × lm=mediapipe/raw_136(dim=136) ====
  Train N=152  augment=True  is_coord=True  lr=0.0001  early_fusion_mode=concat
  class counts train: [21, 23, 22, 21, 23, 21, 21]
  ep   1  loss=2.0532  val_mf1=0.1880
  ep   5  loss=1.1472  val_mf1=0.3905
  ep  10  loss=0.5398  val_mf1=0.7653
  ep  15  loss=0.2967  val_mf1=0.7486
  ep  20  loss=0.1836  val_mf1=0.4745
  ep  25  loss=0.2072  val_mf1=0.6156
  best ep 10  val_mf1=0.7653  (30s)  TEST mf1=0.2430  wf1=0.2440  acc=0.3250

[13/16]

==== fusion_intermediate_scratch × 7c × B2 × lm=mediapipe/raw_136(dim=136) ====
  Train N=152  augment=False  is_coord=True  lr=0.001
  class counts train: [21, 23, 22, 21, 23, 21, 21]
  ep   1  loss=2.1031  val_mf1=0.0357
  ep   5  loss=1.8956  val_mf1=0.0357
  ep  10  loss=1.5722  val_mf1=0.0357
  ep  15  loss=1.3489  val_mf1=0.1087
  ep  20  loss=1.0512  val_mf1=0.0357
  ep  25  loss=0.7770  val_mf1=0.0612
  ep  30  loss=0.7523  val_mf1=0.0357
  ep  35  loss=0.5209  val_mf1=0.1837
  ep  40  loss=0.5878  val_mf1=0.1272
  best ep 26  val_mf1=0.4524  (69s)  TEST mf1=0.0816  wf1=0.0786  acc=0.1750

[14/16]

==== fusion_intermediate_scratch × 7c × B3 × lm=mediapipe/raw_136(dim=136) ====
  Train N=152  augment=True  is_coord=True  lr=0.001
  class counts train: [21, 23, 22, 21, 23, 21, 21]
  ep   1  loss=2.1033  val_mf1=0.0357
  ep   5  loss=1.9815  val_mf1=0.0373
  ep  10  loss=1.9843  val_mf1=0.0390
  ep  15  loss=1.9084  val_mf1=0.2867
  ep  20  loss=1.7281  val_mf1=0.0408
  ep  25  loss=1.6922  val_mf1=0.0357
  ep  30  loss=1.5887  val_mf1=0.0357
  best ep 16  val_mf1=0.3869  (53s)  TEST mf1=0.1002  wf1=0.1052  acc=0.2250

[15/16]

==== fusion_intermediate_tl × 7c × B2 × lm=mediapipe/raw_136(dim=136) ====
  Train N=152  augment=False  is_coord=True  lr=0.0001
  class counts train: [21, 23, 22, 21, 23, 21, 21]
  ep   1  loss=2.0967  val_mf1=0.0357
  ep   5  loss=1.7937  val_mf1=0.2698
  ep  10  loss=1.6016  val_mf1=0.1990
  ep  15  loss=1.5096  val_mf1=0.3537
  ep  20  loss=1.1443  val_mf1=0.4449
  ep  25  loss=1.0294  val_mf1=0.5551
  ep  30  loss=0.7682  val_mf1=0.4449
  ep  35  loss=0.6407  val_mf1=0.6265
  ep  40  loss=0.5064  val_mf1=0.4555
  ep  45  loss=0.4078  val_mf1=0.5122
  best ep 34  val_mf1=0.6265  (51s)  TEST mf1=0.1982  wf1=0.1884  acc=0.2500

[16/16]

==== fusion_intermediate_tl × 7c × B3 × lm=mediapipe/raw_136(dim=136) ====
  Train N=152  augment=True  is_coord=True  lr=0.0001
  class counts train: [21, 23, 22, 21, 23, 21, 21]
  ep   1  loss=2.0673  val_mf1=0.1532
  ep   5  loss=1.8947  val_mf1=0.2939
  ep  10  loss=1.8269  val_mf1=0.3578
  ep  15  loss=1.6836  val_mf1=0.8095
  ep  20  loss=1.3576  val_mf1=0.7167
  ep  25  loss=1.3690  val_mf1=0.6619
  ep  30  loss=1.0569  val_mf1=0.6177
  best ep 15  val_mf1=0.8095  (34s)  TEST mf1=0.1426  wf1=0.1414  acc=0.2500

Sweep done: trained=16, skipped_existing=0
Saved: /mnt/extended-home/fitra_dosen/2025_iris_fer_taufik/MultimodalEmoLearn/models/benchmark/jaffe_7class/3class/Unified/fusion_early_scratch/results.json
Saved: /mnt/extended-home/fitra_dosen/2025_iris_fer_taufik/MultimodalEmoLearn/models/benchmark/jaffe_7class/3class/Unified/fusion_early_tl/results.json
Saved: /mnt/extended-home/fitra_dosen/2025_iris_fer_taufik/MultimodalEmoLearn/models/benchmark/jaffe_7class/3class/Unified/fusion_intermediate_scratch/results.json
Saved: /mnt/extended-home/fitra_dosen/2025_iris_fer_taufik/MultimodalEmoLearn/models/benchmark/jaffe_7class/3class/Unified/fusion_intermediate_tl/results.json
Saved: /mnt/extended-home/fitra_dosen/2025_iris_fer_taufik/MultimodalEmoLearn/models/benchmark/jaffe_7class/7class/Unified/fusion_early_scratch/results.json
Saved: /mnt/extended-home/fitra_dosen/2025_iris_fer_taufik/MultimodalEmoLearn/models/benchmark/jaffe_7class/7class/Unified/fusion_early_tl/results.json
Saved: /mnt/extended-home/fitra_dosen/2025_iris_fer_taufik/MultimodalEmoLearn/models/benchmark/jaffe_7class/7class/Unified/fusion_intermediate_scratch/results.json
Saved: /mnt/extended-home/fitra_dosen/2025_iris_fer_taufik/MultimodalEmoLearn/models/benchmark/jaffe_7class/7class/Unified/fusion_intermediate_tl/results.json

========================================================================================================================
SUMMARY: Unified protocol fusion macro_f1
========================================================================================================================
  scheme  fusion         mode    variant   feature           lm_src            B1        B2        B3
  3c     early          concat  scratch   raw_136           mediapipe        nan    0.2200    0.3079
  3c     early          concat  tl        raw_136           mediapipe        nan    0.6430    0.5417
  3c     intermediate   concat  scratch   raw_136           mediapipe        nan    0.6157    0.3344
  3c     intermediate   concat  tl        raw_136           mediapipe        nan    0.3483    0.3798
  7c     early          concat  scratch   raw_136           mediapipe        nan    0.1239    0.0807
  7c     early          concat  tl        raw_136           mediapipe        nan    0.1204    0.2430
  7c     intermediate   concat  scratch   raw_136           mediapipe        nan    0.0816    0.1002
  7c     intermediate   concat  tl        raw_136           mediapipe        nan    0.1982    0.1426
=== GPU 2 extension chain done at 2026-05-19T02:12:34+07:00 ===
