Device: cuda
JAFFE total: 213 sampel, 7 kelas (sample-level split)

================================================================
  JAFFE 7c — randomsplit  (5 folds)
================================================================
 Epoch  Train Loss  Train Acc   Val Loss   Val Acc   Val F1         LR
---------------------------------------------------------------------------
     1      2.1179     0.1458     1.9435    0.2400   0.0553   0.000100  (14.2s)
     2      2.0121     0.1528     1.9343    0.2400   0.0553   0.000100  (14.5s)
     3      1.9638     0.2014     1.9529    0.2400   0.0553   0.000100  (14.2s)
     4      1.9932     0.2083     1.9408    0.2400   0.0553   0.000100  (13.7s)
     5      1.9334     0.2014     1.9249    0.2400   0.0553   0.000100  (11.4s)
     6      1.9261     0.2153     1.9342    0.2000   0.0493   0.000100  (13.3s)
     7      1.8479     0.2639     1.8990    0.3600   0.1905   0.000100  (11.5s)
     8      1.8172     0.2847     1.8532    0.3200   0.1619   0.000100  (13.8s)
     9      1.7374     0.3333     1.8528    0.3200   0.1610   0.000100  (9.1s)
    10      1.6845     0.3472     1.8340    0.2800   0.1534   0.000100  (6.9s)
    11      1.5977     0.4167     1.8177    0.2800   0.1726   0.000100  (6.6s)
    12      1.6162     0.3819     1.7877    0.3200   0.2551   0.000100  (11.2s)
    13      1.6564     0.3542     1.7607    0.4800   0.3897   0.000100  (11.9s)
    14      1.5410     0.4306     1.7550    0.4000   0.3261   0.000100  (12.5s)
    15      1.5403     0.4722     1.7298    0.4400   0.3515   0.000100  (12.4s)
    16      1.5114     0.4236     1.7054    0.4400   0.3605   0.000100  (13.7s)
    17      1.4734     0.4722     1.7054    0.4400   0.3415   0.000100  (7.6s)
    18      1.4135     0.4931     1.6785    0.3200   0.2565   0.000100  (6.4s)
    19      1.3916     0.5000     1.6604    0.4000   0.3435   0.000100  (9.3s)
    20      1.3203     0.5694     1.6451    0.4400   0.3488   0.000100  (6.4s)
    21      1.2623     0.5694     1.6229    0.4000   0.3302   0.000100  (6.3s)
    22      1.2065     0.6319     1.5970    0.4400   0.3541   0.000100  (12.7s)
    23      1.2271     0.5972     1.6081    0.4800   0.3866   0.000050  (7.5s)
    24      1.2138     0.6181     1.5972    0.4400   0.3548   0.000050  (6.9s)
    25      1.2754     0.5625     1.5760    0.4800   0.3797   0.000050  (6.1s)
    26      1.1633     0.6111     1.5625    0.5200   0.4177   0.000050  (6.1s)
    27      1.2058     0.5903     1.5361    0.5200   0.4177   0.000050  (10.4s)
    28      1.1519     0.6319     1.5321    0.4800   0.3844   0.000050  (8.3s)
    29      1.1522     0.6111     1.5297    0.4400   0.3609   0.000050  (9.8s)
    30      1.1764     0.5972     1.5276    0.4400   0.3659   0.000050  (6.6s)
    31      1.0250     0.7222     1.5125    0.4400   0.3659   0.000050  (6.3s)
    32      1.0853     0.6667     1.5076    0.4800   0.3997   0.000050  (9.6s)
    33      1.1004     0.6528     1.4953    0.4800   0.3997   0.000050  (13.2s)
    34      1.0563     0.6528     1.4579    0.4800   0.3978   0.000050  (14.2s)
    35      0.9876     0.7014     1.4431    0.4800   0.4021   0.000050  (9.1s)
    36      0.9962     0.7153     1.4235    0.5200   0.4470   0.000025  (7.0s)
    37      1.0185     0.6736     1.4115    0.5600   0.4665   0.000025  (8.0s)
    38      0.9612     0.7292     1.4038    0.5600   0.4716   0.000025  (12.0s)
    39      0.9466     0.7083     1.3875    0.5600   0.4716   0.000025  (10.0s)
    40      0.9491     0.7292     1.3834    0.5600   0.4665   0.000025  (3.4s)
    41      0.9031     0.7500     1.3768    0.5600   0.4665   0.000025  (3.4s)
    42      0.9433     0.7431     1.3696    0.5600   0.4665   0.000025  (3.4s)
    43      0.8726     0.7639     1.3639    0.5600   0.4665   0.000025  (3.8s)
    44      0.9467     0.7292     1.3469    0.5600   0.4716   0.000025  (3.2s)
    45      0.8435     0.8333     1.3601    0.5600   0.4665   0.000025  (3.1s)
    46      0.8346     0.7917     1.3429    0.5600   0.4665   0.000025  (3.4s)
    47      0.8959     0.7569     1.3373    0.5600   0.4665   0.000025  (3.3s)
    48      0.8630     0.7500     1.3282    0.5600   0.4665   0.000013  (4.3s)
    49      0.8330     0.7917     1.3212    0.6000   0.5097   0.000013  (3.6s)
    50      0.9297     0.7014     1.3195    0.5600   0.4665   0.000013  (4.2s)

Best: epoch 49, val_acc=0.6000, val_f1=0.5097
Model saved: /mnt/extended-home/fitra_dosen/2025_iris_fer_taufik/MultimodalEmoLearn/models/benchmark/jaffe_randomsplit/_tmp/m.pth
Test Loss: 1.2192
Test Accuracy: 0.5349
Test Macro F1:    0.5087
Test Micro F1:    0.5349
Test Weighted F1: 0.5062

Classification Report:
              precision    recall  f1-score   support

     neutral       0.30      0.50      0.38         6
       happy       0.75      0.50      0.60         6
         sad       0.00      0.00      0.00         6
       angry       0.60      1.00      0.75         6
     fearful       0.67      0.29      0.40         7
   disgusted       0.67      0.67      0.67         6
   surprised       0.71      0.83      0.77         6

    accuracy                           0.53        43
   macro avg       0.53      0.54      0.51        43
weighted avg       0.53      0.53      0.51        43

    [CNN fold 1/5] macro_f1=0.5087 acc=0.5349
 Epoch  Train Loss  Train Acc   Val Loss   Val Acc   Val F1         LR
---------------------------------------------------------------------------
     1      2.1727     0.1806     1.9569    0.0800   0.0212   0.000100  (4.2s)
     2      2.0638     0.1806     1.9588    0.0800   0.0212   0.000100  (4.3s)
     3      2.0173     0.2014     1.9372    0.2000   0.0476   0.000100  (3.6s)
     4      1.8824     0.2361     1.9560    0.1200   0.0524   0.000100  (3.7s)
     5      1.9491     0.1944     1.9750    0.1600   0.0394   0.000100  (3.8s)
     6      1.8918     0.2639     1.9351    0.1200   0.0558   0.000100  (3.3s)
     7      1.8296     0.3056     1.8896    0.2000   0.1408   0.000100  (3.8s)
     8      1.7678     0.3542     1.8297    0.2000   0.1457   0.000100  (3.6s)
     9      1.7817     0.2778     1.7819    0.2800   0.2773   0.000100  (4.0s)
    10      1.7896     0.2917     1.7342    0.3200   0.3197   0.000100  (3.7s)
    11      1.6904     0.3819     1.6820    0.4000   0.3637   0.000100  (3.8s)
    12      1.6712     0.3333     1.6669    0.3600   0.3192   0.000100  (3.7s)
    13      1.6108     0.4514     1.6538    0.3200   0.2381   0.000100  (3.3s)
    14      1.6038     0.3819     1.6389    0.4000   0.3751   0.000100  (3.4s)
    15      1.5313     0.4722     1.6118    0.5200   0.5036   0.000100  (3.8s)
    16      1.5113     0.4236     1.5380    0.5200   0.4695   0.000100  (4.5s)
    17      1.4355     0.5278     1.5052    0.5200   0.4854   0.000100  (3.2s)
    18      1.4310     0.5000     1.4968    0.5600   0.5377   0.000100  (3.4s)
    19      1.4911     0.4444     1.4498    0.5600   0.5111   0.000100  (3.8s)
    20      1.4027     0.5069     1.3962    0.6000   0.5397   0.000100  (3.3s)
    21      1.3662     0.5139     1.3812    0.4800   0.4442   0.000100  (3.7s)
    22      1.3654     0.5625     1.3717    0.4800   0.4442   0.000100  (3.2s)
    23      1.2477     0.5208     1.3394    0.5200   0.4678   0.000100  (3.4s)
    24      1.2488     0.6250     1.2800    0.6000   0.5524   0.000100  (3.2s)
    25      1.2826     0.5833     1.2580    0.6000   0.5516   0.000100  (3.6s)
    26      1.1652     0.5833     1.2508    0.6400   0.5952   0.000100  (3.3s)
    27      1.0871     0.6389     1.2779    0.5600   0.5156   0.000100  (3.7s)
    28      1.2111     0.5833     1.2376    0.5200   0.4584   0.000100  (3.3s)
    29      1.1005     0.6528     1.1884    0.6000   0.5455   0.000100  (3.4s)
    30      1.1408     0.6597     1.1516    0.5600   0.5037   0.000100  (3.3s)
    31      1.0193     0.6597     1.1289    0.6000   0.5455   0.000100  (3.4s)
    32      1.0021     0.6597     1.1233    0.6400   0.5721   0.000100  (3.4s)
    33      0.9977     0.6875     1.1042    0.6800   0.6054   0.000100  (3.3s)
    34      0.9125     0.7639     1.1205    0.6800   0.6054   0.000100  (4.0s)
    35      1.0163     0.6806     1.1178    0.6000   0.5448   0.000100  (3.3s)
    36      0.9080     0.7500     1.0499    0.6400   0.5823   0.000100  (3.4s)
    37      0.9088     0.7222     1.0059    0.6800   0.6452   0.000100  (3.3s)
    38      0.8095     0.8125     0.9924    0.6400   0.5823   0.000100  (3.6s)
    39      0.8167     0.8125     1.0007    0.6400   0.5823   0.000100  (3.3s)
    40      0.7202     0.8333     0.9893    0.6800   0.6054   0.000100  (3.2s)
    41      0.7131     0.8472     0.9572    0.6800   0.6054   0.000100  (3.3s)
    42      0.7264     0.8264     0.9408    0.6800   0.6054   0.000100  (3.4s)
    43      0.7500     0.8333     0.9354    0.6400   0.5806   0.000100  (3.3s)
    44      0.6904     0.8125     0.8803    0.6800   0.6126   0.000100  (3.3s)
    45      0.6440     0.8611     0.8526    0.6800   0.6071   0.000100  (3.4s)
    46      0.6113     0.8958     0.8216    0.6800   0.6071   0.000100  (3.4s)
    47      0.6502     0.8681     0.8357    0.6800   0.6071   0.000050  (3.3s)
    48      0.5927     0.8750     0.8472    0.6800   0.6071   0.000050  (3.4s)
    49      0.6273     0.8750     0.8404    0.6800   0.6054   0.000050  (3.3s)
    50      0.6149     0.8958     0.8323    0.7200   0.6636   0.000050  (3.2s)

Best: epoch 50, val_acc=0.7200, val_f1=0.6636
Model saved: /mnt/extended-home/fitra_dosen/2025_iris_fer_taufik/MultimodalEmoLearn/models/benchmark/jaffe_randomsplit/_tmp/m.pth
Test Loss: 0.8818
Test Accuracy: 0.7209
Test Macro F1:    0.7129
Test Micro F1:    0.7209
Test Weighted F1: 0.7132

Classification Report:
              precision    recall  f1-score   support

     neutral       0.67      1.00      0.80         6
       happy       0.83      0.83      0.83         6
         sad       0.60      0.50      0.55         6
       angry       0.71      0.83      0.77         6
     fearful       1.00      0.57      0.73         7
   disgusted       0.60      0.50      0.55         6
   surprised       0.71      0.83      0.77         6

    accuracy                           0.72        43
   macro avg       0.73      0.72      0.71        43
weighted avg       0.74      0.72      0.71        43

    [CNN fold 2/5] macro_f1=0.7129 acc=0.7209
 Epoch  Train Loss  Train Acc   Val Loss   Val Acc   Val F1         LR
---------------------------------------------------------------------------
     1      2.1417     0.1528     1.9672    0.2800   0.0625   0.000100  (4.2s)
     2      2.0371     0.1944     2.0333    0.2800   0.0625   0.000100  (4.3s)
     3      1.9593     0.1875     2.0680    0.2800   0.0625   0.000100  (3.4s)
     4      1.9535     0.1806     2.0176    0.2800   0.0625   0.000100  (3.3s)
     5      1.9145     0.2431     1.9549    0.2800   0.0625   0.000100  (3.3s)
     6      1.8876     0.3125     1.9113    0.2800   0.0625   0.000100  (3.5s)
     7      1.8240     0.2847     1.8633    0.2800   0.0625   0.000100  (3.3s)
     8      1.7958     0.2778     1.8426    0.2400   0.0591   0.000100  (3.2s)
     9      1.6912     0.3889     1.8389    0.2800   0.1667   0.000100  (3.3s)
    10      1.6747     0.3750     1.8396    0.4000   0.2738   0.000100  (3.6s)
    11      1.6485     0.3542     1.8094    0.3600   0.3744   0.000100  (3.6s)
    12      1.5838     0.4375     1.8238    0.3200   0.3786   0.000100  (3.8s)
    13      1.5914     0.3750     1.8022    0.2800   0.3265   0.000100  (3.6s)
    14      1.5130     0.4097     1.7846    0.2800   0.3311   0.000100  (3.3s)
    15      1.4733     0.4444     1.7722    0.2800   0.3574   0.000100  (3.3s)
    16      1.5416     0.3889     1.7472    0.3200   0.4007   0.000100  (3.3s)
    17      1.3874     0.5069     1.7339    0.3200   0.3793   0.000100  (3.6s)
    18      1.4234     0.5069     1.7035    0.4000   0.4202   0.000100  (3.2s)
    19      1.3385     0.5556     1.6901    0.4000   0.4342   0.000100  (3.7s)
    20      1.3171     0.5694     1.6590    0.4400   0.5000   0.000100  (3.7s)
    21      1.3209     0.5347     1.6654    0.4000   0.4726   0.000100  (3.6s)
    22      1.2333     0.6042     1.6506    0.4800   0.5496   0.000100  (3.4s)
    23      1.2475     0.5278     1.6617    0.4400   0.4922   0.000100  (3.8s)
    24      1.2597     0.5417     1.6491    0.4000   0.4101   0.000100  (3.4s)
    25      1.1669     0.6528     1.6047    0.3600   0.3795   0.000100  (3.3s)
    26      1.0855     0.6597     1.5512    0.4800   0.5026   0.000100  (3.3s)
    27      1.0517     0.7222     1.5309    0.5200   0.5364   0.000100  (3.3s)
    28      1.1089     0.6319     1.5160    0.5600   0.6040   0.000100  (3.2s)
    29      1.0090     0.7014     1.4648    0.5200   0.6027   0.000100  (3.6s)
    30      1.0072     0.7153     1.4351    0.5600   0.6437   0.000100  (3.3s)
    31      0.9994     0.6597     1.4227    0.5600   0.6366   0.000100  (3.7s)
    32      0.9299     0.7708     1.4184    0.5600   0.5867   0.000100  (3.3s)
    33      0.9231     0.7500     1.3751    0.5600   0.6461   0.000100  (3.3s)
    34      0.8960     0.7361     1.3467    0.5200   0.6048   0.000100  (3.7s)
    35      0.9062     0.7500     1.3261    0.5600   0.6786   0.000100  (3.3s)
    36      0.8315     0.8194     1.2935    0.5600   0.6437   0.000100  (3.7s)
    37      0.8631     0.7847     1.2691    0.5200   0.5952   0.000100  (3.1s)
    38      0.7852     0.8333     1.2676    0.5600   0.6517   0.000100  (3.2s)
    39      0.7625     0.8194     1.2408    0.5600   0.6473   0.000100  (3.2s)
    40      0.7443     0.8194     1.2192    0.5200   0.4997   0.000100  (3.1s)
    41      0.7783     0.8194     1.2133    0.5600   0.6517   0.000100  (3.4s)
    42      0.7045     0.8333     1.2146    0.5600   0.6149   0.000100  (3.4s)
    43      0.6534     0.8125     1.1780    0.5600   0.4934   0.000100  (3.3s)
    44      0.6739     0.8403     1.1470    0.5600   0.5005   0.000100  (3.3s)
    45      0.6391     0.9028     1.1349    0.5600   0.5005   0.000050  (3.1s)
    46      0.6356     0.8542     1.1251    0.5600   0.4980   0.000050  (3.5s)
    47      0.5950     0.8681     1.1142    0.5600   0.4965   0.000050  (3.2s)
    48      0.5740     0.8958     1.1021    0.5600   0.4965   0.000050  (3.3s)
    49      0.5763     0.8889     1.0776    0.5600   0.4965   0.000050  (3.3s)
    50      0.5558     0.9097     1.0875    0.5200   0.4543   0.000050  (3.4s)

Early stopping at epoch 50. Best epoch: 35 (val_f1=0.6786)

Best: epoch 35, val_acc=0.5600, val_f1=0.6786
Model saved: /mnt/extended-home/fitra_dosen/2025_iris_fer_taufik/MultimodalEmoLearn/models/benchmark/jaffe_randomsplit/_tmp/m.pth
Test Loss: 1.1739
Test Accuracy: 0.6047
Test Macro F1:    0.5812
Test Micro F1:    0.6047
Test Weighted F1: 0.5770

Classification Report:
              precision    recall  f1-score   support

     neutral       0.50      1.00      0.67         6
       happy       0.40      0.33      0.36         6
         sad       0.50      0.33      0.40         6
       angry       0.62      0.83      0.71         6
     fearful       0.67      0.29      0.40         7
   disgusted       0.75      1.00      0.86         6
   surprised       1.00      0.50      0.67         6

    accuracy                           0.60        43
   macro avg       0.63      0.61      0.58        43
weighted avg       0.64      0.60      0.58        43

    [CNN fold 3/5] macro_f1=0.5812 acc=0.6047
 Epoch  Train Loss  Train Acc   Val Loss   Val Acc   Val F1         LR
---------------------------------------------------------------------------
     1      2.1972     0.1389     1.9650    0.0800   0.0212   0.000100  (3.7s)
     2      2.0033     0.1806     2.0010    0.0800   0.0212   0.000100  (3.6s)
     3      1.8500     0.2708     2.0188    0.0800   0.0212   0.000100  (3.2s)
     4      1.9700     0.1875     2.0337    0.0800   0.0212   0.000100  (3.2s)
     5      1.8250     0.2639     2.0606    0.1600   0.0844   0.000100  (3.2s)
     6      1.9498     0.2014     2.0113    0.2000   0.0977   0.000100  (3.7s)
     7      1.8484     0.2778     1.9586    0.2000   0.0917   0.000100  (3.9s)
     8      1.8001     0.2569     1.8923    0.2000   0.1265   0.000100  (3.4s)
     9      1.7680     0.2778     1.8799    0.1600   0.1011   0.000100  (3.6s)
    10      1.7664     0.3542     1.8188    0.1600   0.0884   0.000100  (3.3s)
    11      1.6661     0.3681     1.7753    0.2800   0.2167   0.000100  (3.4s)
    12      1.6863     0.4097     1.7193    0.2400   0.2179   0.000100  (4.5s)
    13      1.6169     0.4167     1.7213    0.3200   0.3335   0.000100  (3.5s)
    14      1.5882     0.4444     1.7017    0.2800   0.2950   0.000100  (3.8s)
    15      1.5350     0.5000     1.6926    0.2800   0.2935   0.000100  (3.3s)
    16      1.5492     0.4167     1.6584    0.3200   0.2710   0.000100  (3.3s)
    17      1.4253     0.4375     1.6208    0.5200   0.4988   0.000100  (3.3s)
    18      1.4463     0.4861     1.5860    0.4400   0.4429   0.000100  (3.6s)
    19      1.3996     0.5208     1.5331    0.3600   0.3602   0.000100  (3.3s)
    20      1.3488     0.5208     1.4997    0.4400   0.4169   0.000100  (3.3s)
    21      1.3670     0.5139     1.4681    0.4000   0.3898   0.000100  (3.3s)
    22      1.3176     0.5208     1.4580    0.4400   0.4254   0.000100  (3.3s)
    23      1.2323     0.5833     1.4677    0.4000   0.3935   0.000100  (3.1s)
    24      1.1748     0.6042     1.4820    0.4000   0.3888   0.000100  (3.3s)
    25      1.1556     0.6597     1.4782    0.4800   0.4548   0.000100  (3.3s)
    26      1.1895     0.6528     1.4155    0.4800   0.4463   0.000100  (3.2s)
    27      1.1078     0.6875     1.3851    0.4400   0.4153   0.000050  (3.2s)
    28      1.0845     0.6597     1.3656    0.4400   0.4153   0.000050  (3.4s)
    29      1.0585     0.6736     1.3464    0.4800   0.4599   0.000050  (3.4s)
    30      1.0714     0.6944     1.3325    0.4800   0.4599   0.000050  (3.4s)
    31      1.0260     0.7431     1.3185    0.5200   0.5075   0.000050  (3.7s)
    32      1.0012     0.7431     1.3134    0.4800   0.4721   0.000050  (3.8s)
    33      1.0337     0.7083     1.3073    0.4400   0.4296   0.000050  (3.3s)
    34      0.9878     0.7014     1.3008    0.4400   0.4296   0.000050  (3.4s)
    35      0.9452     0.7431     1.3126    0.4800   0.4789   0.000050  (3.3s)
    36      1.0045     0.6875     1.2808    0.5200   0.4980   0.000050  (3.3s)
    37      0.9993     0.6736     1.2883    0.5200   0.4838   0.000050  (3.1s)
    38      0.8725     0.7361     1.2753    0.5200   0.4933   0.000050  (3.2s)
    39      0.8996     0.7917     1.2510    0.5600   0.5335   0.000050  (3.2s)
    40      0.8506     0.8056     1.2445    0.5200   0.4695   0.000050  (3.6s)
    41      0.8603     0.7708     1.2096    0.5200   0.4695   0.000050  (3.2s)
    42      0.8557     0.7917     1.1981    0.5200   0.4695   0.000050  (3.2s)
    43      0.8591     0.7778     1.2023    0.5600   0.5335   0.000050  (3.1s)
    44      0.8198     0.8333     1.1749    0.5600   0.5476   0.000050  (3.2s)
    45      0.8120     0.7847     1.1695    0.5200   0.5167   0.000050  (3.7s)
    46      0.8163     0.7917     1.1650    0.5600   0.5340   0.000050  (3.3s)
    47      0.7910     0.8125     1.1593    0.6000   0.5828   0.000050  (3.3s)
    48      0.7656     0.8056     1.1254    0.6800   0.6558   0.000050  (3.9s)
    49      0.7256     0.8403     1.1126    0.6000   0.5828   0.000050  (3.9s)
    50      0.7059     0.8333     1.1119    0.6000   0.5780   0.000050  (3.2s)

Best: epoch 48, val_acc=0.6800, val_f1=0.6558
Model saved: /mnt/extended-home/fitra_dosen/2025_iris_fer_taufik/MultimodalEmoLearn/models/benchmark/jaffe_randomsplit/_tmp/m.pth
Test Loss: 1.2333
Test Accuracy: 0.5581
Test Macro F1:    0.5609
Test Micro F1:    0.5581
Test Weighted F1: 0.5653

Classification Report:
              precision    recall  f1-score   support

     neutral       0.75      0.50      0.60         6
       happy       1.00      0.67      0.80         6
         sad       0.14      0.17      0.15         6
       angry       0.42      0.83      0.56         6
     fearful       0.67      0.86      0.75         7
   disgusted       0.50      0.33      0.40         6
   surprised       1.00      0.50      0.67         6

    accuracy                           0.56        43
   macro avg       0.64      0.55      0.56        43
weighted avg       0.64      0.56      0.57        43

    [CNN fold 4/5] macro_f1=0.5609 acc=0.5581
 Epoch  Train Loss  Train Acc   Val Loss   Val Acc   Val F1         LR
---------------------------------------------------------------------------
     1      2.0319     0.1806     1.9569    0.1200   0.0306   0.000100  (3.7s)
     2      1.9748     0.2292     1.9938    0.1200   0.0306   0.000100  (3.7s)
     3      1.8767     0.2569     2.0232    0.2000   0.0476   0.000100  (3.4s)
     4      1.9704     0.1944     2.0228    0.2000   0.0476   0.000100  (3.8s)
     5      1.8943     0.1944     2.0097    0.1600   0.0709   0.000100  (3.3s)
     6      1.8965     0.1806     1.9837    0.2400   0.1207   0.000100  (3.7s)
     7      1.7817     0.3194     1.9682    0.2000   0.0779   0.000100  (3.5s)
     8      1.8106     0.2778     1.9357    0.2000   0.0805   0.000100  (3.4s)
     9      1.7503     0.3194     1.9276    0.2000   0.0805   0.000100  (3.5s)
    10      1.7285     0.3542     1.9253    0.2000   0.0891   0.000100  (3.4s)
    11      1.7170     0.3403     1.9178    0.1200   0.0574   0.000100  (3.5s)
    12      1.7162     0.3681     1.8999    0.2000   0.1271   0.000100  (3.3s)
    13      1.6922     0.3403     1.9113    0.1200   0.0739   0.000100  (3.5s)
    14      1.6446     0.3819     1.8806    0.1600   0.0936   0.000100  (3.3s)
    15      1.4652     0.4653     1.8611    0.2000   0.1605   0.000100  (3.2s)
    16      1.5498     0.4306     1.8375    0.2000   0.1552   0.000100  (3.6s)
    17      1.4549     0.4792     1.8176    0.1200   0.0837   0.000100  (3.1s)
    18      1.4364     0.4722     1.7895    0.2000   0.1858   0.000100  (3.2s)
    19      1.4275     0.4653     1.7584    0.2800   0.2238   0.000100  (3.8s)
    20      1.4292     0.5069     1.7295    0.3200   0.2777   0.000100  (3.8s)
    21      1.3254     0.5764     1.7189    0.3600   0.3275   0.000100  (3.5s)
    22      1.3248     0.5486     1.6961    0.2400   0.1843   0.000100  (3.7s)
    23      1.2700     0.5556     1.6840    0.2400   0.1817   0.000100  (3.2s)
    24      1.2462     0.5764     1.6545    0.2400   0.2018   0.000100  (3.4s)
    25      1.2136     0.5972     1.6154    0.4000   0.3605   0.000100  (3.2s)
    26      1.2461     0.5833     1.5952    0.4000   0.3591   0.000100  (3.4s)
    27      1.1557     0.6667     1.5631    0.4000   0.3618   0.000100  (3.2s)
    28      1.1532     0.6389     1.5444    0.4400   0.4550   0.000100  (3.7s)
    29      1.1314     0.6389     1.5268    0.5200   0.5388   0.000100  (3.7s)
    30      1.0602     0.6597     1.4691    0.4400   0.4427   0.000100  (3.7s)
    31      0.9422     0.7500     1.4020    0.4400   0.4550   0.000100  (3.1s)
    32      1.0399     0.6736     1.3785    0.5200   0.5315   0.000100  (3.3s)
    33      0.9734     0.6944     1.3437    0.5200   0.5349   0.000100  (3.3s)
    34      0.9550     0.7153     1.3161    0.5200   0.5315   0.000100  (3.2s)
    35      0.8856     0.7778     1.2868    0.5200   0.5315   0.000100  (3.1s)
    36      0.9068     0.7361     1.2462    0.5200   0.5315   0.000100  (3.1s)
    37      0.8096     0.8403     1.2524    0.5200   0.5227   0.000100  (3.5s)
    38      0.8558     0.7708     1.2489    0.5200   0.5366   0.000100  (3.3s)
    39      0.7992     0.8542     1.1893    0.5200   0.5366   0.000050  (3.4s)
    40      0.7634     0.8472     1.1744    0.6400   0.6537   0.000050  (3.3s)
    41      0.7851     0.7917     1.1341    0.6800   0.6857   0.000050  (3.9s)
    42      0.7781     0.7986     1.1073    0.6400   0.6483   0.000050  (3.7s)
    43      0.8015     0.8194     1.0968    0.6400   0.6422   0.000050  (3.3s)
    44      0.6846     0.8681     1.0836    0.6000   0.6048   0.000050  (3.4s)
    45      0.7363     0.8056     1.0639    0.6400   0.6483   0.000050  (3.2s)
    46      0.7398     0.8194     1.0726    0.6000   0.6048   0.000050  (3.2s)
    47      0.6985     0.8542     1.0839    0.5600   0.5494   0.000050  (3.1s)
    48      0.6964     0.8681     1.0494    0.6000   0.6048   0.000050  (3.4s)
    49      0.7098     0.8681     1.0269    0.5600   0.5494   0.000050  (3.3s)
    50      0.6509     0.8750     1.0410    0.5600   0.5494   0.000050  (3.1s)

Best: epoch 41, val_acc=0.6800, val_f1=0.6857
Model saved: /mnt/extended-home/fitra_dosen/2025_iris_fer_taufik/MultimodalEmoLearn/models/benchmark/jaffe_randomsplit/_tmp/m.pth
Test Loss: 1.0515
Test Accuracy: 0.6512
Test Macro F1:    0.6438
Test Micro F1:    0.6512
Test Weighted F1: 0.6388

Classification Report:
              precision    recall  f1-score   support

     neutral       0.60      1.00      0.75         6
       happy       0.67      0.67      0.67         6
         sad       1.00      0.50      0.67         6
       angry       0.60      1.00      0.75         6
     fearful       0.43      0.43      0.43         7
   disgusted       1.00      0.67      0.80         6
   surprised       0.67      0.33      0.44         6

    accuracy                           0.65        43
   macro avg       0.71      0.66      0.64        43
weighted avg       0.70      0.65      0.64        43

    [CNN fold 5/5] macro_f1=0.6438 acc=0.6512
  CNN                macro_f1=0.6015±0.0705  acc=0.6140±0.0668
 Epoch  Train Loss  Train Acc   Val Loss   Val Acc   Val F1         LR
---------------------------------------------------------------------------
     1      1.9922     0.1250     1.9744    0.0400   0.0110   0.000100  (0.1s)
     2      1.9953     0.1736     1.9908    0.0400   0.0110   0.000100  (0.0s)
     3      1.9854     0.1667     1.9956    0.0400   0.0110   0.000100  (0.0s)
     4      1.9187     0.2014     1.9914    0.0400   0.0110   0.000100  (0.1s)
     5      1.8941     0.2014     1.9891    0.0400   0.0110   0.000100  (0.0s)
     6      1.8932     0.2500     1.9883    0.0800   0.0406   0.000100  (0.0s)
     7      1.9790     0.1667     1.9680    0.0400   0.0130   0.000100  (0.0s)
     8      1.7872     0.3125     1.9359    0.1200   0.1048   0.000100  (0.0s)
     9      1.8068     0.3194     1.9083    0.0800   0.0810   0.000100  (0.0s)
    10      1.8035     0.3125     1.8455    0.2000   0.2307   0.000100  (0.0s)
    11      1.8105     0.2847     1.7654    0.4000   0.3909   0.000100  (0.1s)
    12      1.7759     0.2778     1.7353    0.4000   0.3835   0.000100  (0.0s)
    13      1.7648     0.3056     1.7410    0.2800   0.3022   0.000100  (0.0s)
    14      1.7640     0.3333     1.7196    0.3600   0.3691   0.000100  (0.0s)
    15      1.7171     0.3403     1.7620    0.2400   0.2738   0.000100  (0.1s)
    16      1.6980     0.3611     1.7702    0.2800   0.3036   0.000100  (0.1s)
    17      1.6478     0.3819     1.7315    0.2400   0.2483   0.000100  (0.0s)
    18      1.6265     0.4236     1.6767    0.3200   0.3197   0.000100  (0.0s)
    19      1.6128     0.4097     1.6122    0.3200   0.3015   0.000100  (0.0s)
    20      1.5838     0.4444     1.6040    0.3600   0.3781   0.000100  (0.0s)
    21      1.5534     0.4861     1.6125    0.4800   0.4912   0.000050  (0.0s)
    22      1.5689     0.4236     1.6015    0.4400   0.4429   0.000050  (0.1s)
    23      1.5469     0.4722     1.5933    0.4000   0.4043   0.000050  (0.1s)
    24      1.6239     0.3333     1.5472    0.4400   0.4241   0.000050  (0.0s)
    25      1.5017     0.4722     1.5336    0.4000   0.4177   0.000050  (0.0s)
    26      1.5056     0.5000     1.5469    0.4400   0.4959   0.000050  (0.1s)
    27      1.4814     0.5486     1.5373    0.4400   0.4381   0.000050  (0.1s)
    28      1.5082     0.4514     1.5451    0.4400   0.4694   0.000050  (0.0s)
    29      1.5110     0.4931     1.5270    0.4400   0.4204   0.000050  (0.0s)
    30      1.4907     0.5139     1.4927    0.4400   0.4075   0.000050  (0.0s)
    31      1.4873     0.5139     1.5019    0.5600   0.5337   0.000050  (0.0s)
    32      1.4657     0.4792     1.4773    0.4400   0.4315   0.000050  (0.0s)
    33      1.4583     0.4583     1.5086    0.4400   0.4560   0.000050  (0.1s)
    34      1.4737     0.4444     1.4975    0.5200   0.5051   0.000050  (0.1s)
    35      1.4906     0.4722     1.5030    0.4800   0.4795   0.000050  (0.0s)
    36      1.4128     0.5625     1.5227    0.4800   0.4693   0.000050  (0.0s)
    37      1.4522     0.5069     1.4922    0.4800   0.4845   0.000050  (0.0s)
    38      1.4195     0.5417     1.4718    0.4800   0.4605   0.000050  (0.1s)
    39      1.3786     0.5347     1.4727    0.5200   0.4834   0.000050  (0.1s)
    40      1.3872     0.5278     1.4630    0.4800   0.4612   0.000050  (0.0s)
    41      1.3962     0.4861     1.4427    0.4800   0.4795   0.000025  (0.0s)
    42      1.3732     0.5139     1.4427    0.4800   0.4575   0.000025  (0.0s)
    43      1.4179     0.5208     1.4410    0.4800   0.4575   0.000025  (0.0s)
    44      1.3351     0.5625     1.4633    0.4800   0.4693   0.000025  (0.0s)
    45      1.3779     0.5347     1.4379    0.4400   0.4315   0.000025  (0.0s)
    46      1.4472     0.4792     1.4234    0.4400   0.4315   0.000025  (0.0s)

Early stopping at epoch 46. Best epoch: 31 (val_f1=0.5337)

Best: epoch 31, val_acc=0.5600, val_f1=0.5337
Model saved: /mnt/extended-home/fitra_dosen/2025_iris_fer_taufik/MultimodalEmoLearn/models/benchmark/jaffe_randomsplit/_tmp/m.pth
Test Loss: 1.6162
Test Accuracy: 0.4186
Test Macro F1:    0.3730
Test Micro F1:    0.4186
Test Weighted F1: 0.3644

Classification Report:
              precision    recall  f1-score   support

     neutral       0.36      0.83      0.50         6
       happy       0.38      0.50      0.43         6
         sad       0.44      0.67      0.53         6
       angry       0.40      0.33      0.36         6
     fearful       0.00      0.00      0.00         7
   disgusted       1.00      0.17      0.29         6
   surprised       0.50      0.50      0.50         6

    accuracy                           0.42        43
   macro avg       0.44      0.43      0.37        43
weighted avg       0.43      0.42      0.36        43

    [FCNN fold 1/5] macro_f1=0.3730 acc=0.4186
 Epoch  Train Loss  Train Acc   Val Loss   Val Acc   Val F1         LR
---------------------------------------------------------------------------
     1      2.0419     0.1111     1.9696    0.0800   0.0212   0.000100  (0.0s)
     2      1.9704     0.1944     1.9888    0.0800   0.0212   0.000100  (0.1s)
     3      1.9889     0.1389     2.0023    0.0800   0.0212   0.000100  (0.0s)
     4      1.9067     0.2153     2.0112    0.0800   0.0212   0.000100  (0.0s)
     5      1.9270     0.1875     2.0133    0.0800   0.0212   0.000100  (0.0s)
     6      1.8563     0.2569     1.9964    0.0800   0.0220   0.000100  (0.0s)
     7      1.9251     0.1389     1.9737    0.0800   0.0248   0.000100  (0.0s)
     8      1.8603     0.2153     1.9252    0.2000   0.1212   0.000100  (0.0s)
     9      1.7750     0.3333     1.8400    0.3200   0.2696   0.000100  (0.1s)
    10      1.7961     0.3194     1.7681    0.3200   0.2871   0.000100  (0.1s)
    11      1.8355     0.2778     1.6912    0.4400   0.3357   0.000100  (0.0s)
    12      1.8056     0.2639     1.6357    0.5200   0.4434   0.000100  (0.0s)
    13      1.7614     0.2986     1.6025    0.5600   0.4878   0.000100  (0.1s)
    14      1.8015     0.2708     1.5526    0.5600   0.4811   0.000100  (0.0s)
    15      1.6589     0.3889     1.5173    0.5600   0.5701   0.000100  (0.0s)
    16      1.7320     0.3333     1.5059    0.6000   0.5408   0.000100  (0.0s)
    17      1.6895     0.3750     1.5078    0.6400   0.6234   0.000100  (0.0s)
    18      1.6733     0.4028     1.4810    0.6400   0.5481   0.000100  (0.0s)
    19      1.7190     0.3611     1.4251    0.6400   0.5574   0.000100  (0.0s)
    20      1.6674     0.3681     1.4241    0.5200   0.4363   0.000100  (0.1s)
    21      1.5960     0.4583     1.4497    0.5200   0.4363   0.000100  (0.0s)
    22      1.7063     0.3194     1.4274    0.5600   0.4688   0.000100  (0.0s)
    23      1.6508     0.3611     1.4356    0.4800   0.3775   0.000100  (0.0s)
    24      1.6360     0.4028     1.4070    0.5600   0.4441   0.000100  (0.0s)
    25      1.5624     0.4097     1.3402    0.6000   0.5196   0.000100  (0.1s)
    26      1.4645     0.5278     1.3511    0.5600   0.4298   0.000100  (0.1s)
    27      1.5053     0.4583     1.3046    0.6800   0.6364   0.000050  (0.0s)
    28      1.4708     0.4931     1.2721    0.7200   0.6706   0.000050  (0.0s)
    29      1.4903     0.4653     1.2505    0.6800   0.6476   0.000050  (0.0s)
    30      1.5271     0.4375     1.2504    0.6800   0.6446   0.000050  (0.0s)
    31      1.5339     0.4375     1.2351    0.7600   0.7262   0.000050  (0.0s)
    32      1.4980     0.4653     1.2522    0.7200   0.6690   0.000050  (0.0s)
    33      1.4689     0.5278     1.2378    0.7200   0.6850   0.000050  (0.1s)
    34      1.4732     0.5278     1.2373    0.7200   0.7136   0.000050  (0.1s)
    35      1.4610     0.5486     1.2280    0.6800   0.6571   0.000050  (0.1s)
    36      1.4475     0.4931     1.2137    0.7200   0.6905   0.000050  (0.0s)
    37      1.3915     0.5764     1.2096    0.7200   0.6905   0.000050  (0.0s)
    38      1.4383     0.4861     1.2247    0.6800   0.6398   0.000050  (0.0s)
    39      1.4073     0.5139     1.2235    0.6400   0.6081   0.000050  (0.1s)
    40      1.4347     0.4931     1.2235    0.6400   0.6081   0.000050  (0.0s)
    41      1.4113     0.4861     1.1967    0.6800   0.6381   0.000025  (0.0s)
    42      1.4548     0.5000     1.1855    0.7200   0.6857   0.000025  (0.0s)
    43      1.3780     0.5417     1.1735    0.6800   0.6381   0.000025  (0.0s)
    44      1.3557     0.5347     1.1730    0.6800   0.6398   0.000025  (0.0s)
    45      1.4098     0.4792     1.1757    0.6800   0.6398   0.000025  (0.0s)
    46      1.3958     0.5000     1.1442    0.6400   0.6139   0.000025  (0.0s)

Early stopping at epoch 46. Best epoch: 31 (val_f1=0.7262)

Best: epoch 31, val_acc=0.7600, val_f1=0.7262
Model saved: /mnt/extended-home/fitra_dosen/2025_iris_fer_taufik/MultimodalEmoLearn/models/benchmark/jaffe_randomsplit/_tmp/m.pth
Test Loss: 1.5584
Test Accuracy: 0.5349
Test Macro F1:    0.5056
Test Micro F1:    0.5349
Test Weighted F1: 0.4939

Classification Report:
              precision    recall  f1-score   support

     neutral       0.50      0.67      0.57         6
       happy       0.67      1.00      0.80         6
         sad       0.27      0.50      0.35         6
       angry       1.00      0.83      0.91         6
     fearful       0.00      0.00      0.00         7
   disgusted       0.67      0.33      0.44         6
   surprised       0.43      0.50      0.46         6

    accuracy                           0.53        43
   macro avg       0.50      0.55      0.51        43
weighted avg       0.49      0.53      0.49        43

    [FCNN fold 2/5] macro_f1=0.5056 acc=0.5349
 Epoch  Train Loss  Train Acc   Val Loss   Val Acc   Val F1         LR
---------------------------------------------------------------------------
     1      1.9638     0.2222     1.9201    0.2400   0.0553   0.000100  (0.0s)
     2      1.9759     0.1528     1.9168    0.2400   0.0553   0.000100  (0.0s)
     3      1.9580     0.1875     1.9157    0.2400   0.0553   0.000100  (0.0s)
     4      1.9668     0.1736     1.9079    0.2400   0.0553   0.000100  (0.1s)
     5      1.8991     0.1667     1.8978    0.2400   0.0553   0.000100  (0.0s)
     6      1.9179     0.2083     1.8904    0.3200   0.1283   0.000100  (0.0s)
     7      1.9248     0.1736     1.8774    0.2400   0.0881   0.000100  (0.0s)
     8      1.7976     0.2847     1.8778    0.1600   0.0628   0.000100  (0.0s)
     9      1.8375     0.2431     1.8797    0.0800   0.0272   0.000100  (0.0s)
    10      1.8006     0.3056     1.8468    0.2800   0.1931   0.000100  (0.0s)
    11      1.7585     0.3264     1.8397    0.2800   0.3316   0.000100  (0.1s)
    12      1.7782     0.3681     1.8193    0.3600   0.3054   0.000100  (0.0s)
    13      1.7667     0.3403     1.8082    0.3200   0.3054   0.000100  (0.0s)
    14      1.7254     0.3542     1.7812    0.3200   0.2823   0.000100  (0.1s)
    15      1.7130     0.3264     1.7768    0.3600   0.3472   0.000100  (0.1s)
    16      1.6478     0.4097     1.7652    0.4000   0.3928   0.000100  (0.0s)
    17      1.7021     0.3611     1.7495    0.4800   0.5218   0.000100  (0.0s)
    18      1.6506     0.3958     1.7874    0.4000   0.4953   0.000100  (0.0s)
    19      1.6410     0.3889     1.7618    0.3200   0.3129   0.000100  (0.1s)
    20      1.6363     0.4375     1.7466    0.3600   0.4499   0.000100  (0.1s)
    21      1.6436     0.3611     1.7658    0.2800   0.3628   0.000100  (0.0s)
    22      1.6474     0.3958     1.7551    0.3200   0.4082   0.000100  (0.0s)
    23      1.5907     0.4097     1.7269    0.2400   0.2941   0.000100  (0.1s)
    24      1.5257     0.4306     1.6936    0.4400   0.4587   0.000100  (0.1s)
    25      1.5438     0.4306     1.6734    0.5200   0.5082   0.000100  (0.0s)
    26      1.5338     0.4653     1.6496    0.5600   0.5346   0.000100  (0.0s)
    27      1.4734     0.4722     1.6297    0.5600   0.5839   0.000100  (0.0s)
    28      1.5202     0.4444     1.6529    0.4000   0.4302   0.000100  (0.0s)
    29      1.5500     0.4306     1.6065    0.3600   0.3964   0.000100  (0.0s)
    30      1.4298     0.4792     1.6548    0.3200   0.3055   0.000100  (0.1s)
    31      1.4478     0.4792     1.5956    0.4000   0.4303   0.000100  (0.1s)
    32      1.4134     0.5139     1.5642    0.4400   0.4903   0.000100  (0.0s)
    33      1.4029     0.4792     1.5602    0.4800   0.5408   0.000100  (0.0s)
    34      1.4073     0.4861     1.6155    0.4800   0.5455   0.000100  (0.1s)
    35      1.3432     0.5625     1.5966    0.4800   0.4664   0.000100  (0.1s)
    36      1.2889     0.5972     1.5616    0.5200   0.5247   0.000100  (0.0s)
    37      1.3414     0.5000     1.5519    0.4400   0.4880   0.000050  (0.0s)
    38      1.2756     0.5833     1.5320    0.4000   0.4234   0.000050  (0.0s)
    39      1.2914     0.5625     1.5138    0.4400   0.4769   0.000050  (0.0s)
    40      1.2330     0.6111     1.4931    0.5600   0.6372   0.000050  (0.0s)
    41      1.3176     0.5764     1.5047    0.5200   0.6150   0.000050  (0.0s)
    42      1.3135     0.5556     1.4985    0.4800   0.4987   0.000050  (0.1s)
    43      1.3366     0.5208     1.5083    0.5200   0.6150   0.000050  (0.0s)
    44      1.3498     0.5069     1.5321    0.4400   0.4432   0.000050  (0.0s)
    45      1.2699     0.5764     1.5252    0.4400   0.5043   0.000050  (0.0s)
    46      1.2546     0.5903     1.4690    0.4800   0.5333   0.000050  (0.1s)
    47      1.3607     0.5278     1.4591    0.5600   0.6428   0.000050  (0.1s)
    48      1.3287     0.5347     1.4323    0.5200   0.5860   0.000050  (0.0s)
    49      1.2679     0.5903     1.4304    0.5600   0.6380   0.000050  (0.0s)
    50      1.2028     0.6319     1.4486    0.5600   0.6380   0.000050  (0.0s)

Best: epoch 47, val_acc=0.5600, val_f1=0.6428
Model saved: /mnt/extended-home/fitra_dosen/2025_iris_fer_taufik/MultimodalEmoLearn/models/benchmark/jaffe_randomsplit/_tmp/m.pth
Test Loss: 1.2691
Test Accuracy: 0.5116
Test Macro F1:    0.5258
Test Micro F1:    0.5116
Test Weighted F1: 0.5275

Classification Report:
              precision    recall  f1-score   support

     neutral       0.31      0.67      0.42         6
       happy       1.00      0.67      0.80         6
         sad       0.00      0.00      0.00         6
       angry       0.38      0.83      0.53         6
     fearful       1.00      0.43      0.60         7
   disgusted       1.00      0.50      0.67         6
   surprised       1.00      0.50      0.67         6

    accuracy                           0.51        43
   macro avg       0.67      0.51      0.53        43
weighted avg       0.68      0.51      0.53        43

    [FCNN fold 3/5] macro_f1=0.5258 acc=0.5116
 Epoch  Train Loss  Train Acc   Val Loss   Val Acc   Val F1         LR
---------------------------------------------------------------------------
     1      2.0558     0.1319     1.9431    0.2000   0.0476   0.000100  (0.0s)
     2      1.9801     0.1667     1.9526    0.2000   0.0476   0.000100  (0.0s)
     3      1.9971     0.1458     1.9558    0.2000   0.0476   0.000100  (0.1s)
     4      1.9486     0.2083     1.9615    0.2800   0.1238   0.000100  (0.0s)
     5      1.9087     0.1806     1.9582    0.2800   0.1218   0.000100  (0.0s)
     6      1.8436     0.2500     1.9471    0.3200   0.1364   0.000100  (0.0s)
     7      1.8905     0.2708     1.9341    0.2800   0.1218   0.000100  (0.0s)
     8      1.9043     0.2292     1.9289    0.2400   0.1143   0.000100  (0.1s)
     9      1.8634     0.2500     1.8982    0.2400   0.1596   0.000100  (0.1s)
    10      1.8152     0.2431     1.8689    0.3200   0.2426   0.000100  (0.0s)
    11      1.8457     0.2778     1.8132    0.3200   0.2243   0.000100  (0.1s)
    12      1.8236     0.2222     1.7861    0.3600   0.2635   0.000100  (0.1s)
    13      1.7841     0.3403     1.7302    0.5200   0.4351   0.000100  (0.0s)
    14      1.7735     0.2986     1.6930    0.3600   0.2714   0.000100  (0.0s)
    15      1.7353     0.3333     1.6525    0.4400   0.3724   0.000100  (0.0s)
    16      1.6718     0.3750     1.6598    0.4400   0.4194   0.000100  (0.0s)
    17      1.7346     0.3472     1.6560    0.5200   0.4626   0.000100  (0.1s)
    18      1.6719     0.3611     1.6459    0.4400   0.3809   0.000100  (0.1s)
    19      1.6646     0.4236     1.6247    0.4800   0.4063   0.000100  (0.0s)
    20      1.6563     0.4028     1.5607    0.5200   0.4387   0.000100  (0.0s)
    21      1.5329     0.4861     1.5351    0.6000   0.5215   0.000100  (0.1s)
    22      1.5492     0.4861     1.5086    0.6800   0.6109   0.000100  (0.1s)
    23      1.5467     0.4931     1.4643    0.6400   0.5505   0.000100  (0.0s)
    24      1.6168     0.4097     1.4834    0.6000   0.5289   0.000100  (0.0s)
    25      1.4726     0.5208     1.4844    0.6800   0.6158   0.000100  (0.0s)
    26      1.4777     0.5278     1.5180    0.6400   0.5797   0.000100  (0.0s)
    27      1.4716     0.4931     1.4911    0.4400   0.3872   0.000100  (0.0s)
    28      1.4621     0.5625     1.5054    0.4800   0.4240   0.000100  (0.1s)
    29      1.4866     0.4722     1.4851    0.4000   0.3299   0.000100  (0.0s)
    30      1.4347     0.4931     1.4256    0.5600   0.4903   0.000100  (0.0s)
    31      1.3806     0.5417     1.4361    0.6000   0.5313   0.000100  (0.0s)
    32      1.4266     0.5069     1.4280    0.5200   0.4630   0.000100  (0.1s)
    33      1.4349     0.5208     1.4436    0.5200   0.4558   0.000100  (0.1s)
    34      1.3583     0.5278     1.4535    0.5200   0.4540   0.000100  (0.0s)
    35      1.3397     0.5903     1.4121    0.5600   0.5565   0.000050  (0.0s)
    36      1.3286     0.5972     1.3670    0.6400   0.6134   0.000050  (0.0s)
    37      1.3250     0.5208     1.3450    0.6400   0.6084   0.000050  (0.0s)
    38      1.2944     0.5972     1.3129    0.6400   0.6126   0.000050  (0.0s)
    39      1.3316     0.5278     1.2926    0.6400   0.6126   0.000050  (0.0s)
    40      1.3061     0.5347     1.2860    0.6400   0.6134   0.000050  (0.0s)

Early stopping at epoch 40. Best epoch: 25 (val_f1=0.6158)

Best: epoch 25, val_acc=0.6800, val_f1=0.6158
Model saved: /mnt/extended-home/fitra_dosen/2025_iris_fer_taufik/MultimodalEmoLearn/models/benchmark/jaffe_randomsplit/_tmp/m.pth
Test Loss: 1.6083
Test Accuracy: 0.4651
Test Macro F1:    0.4442
Test Micro F1:    0.4651
Test Weighted F1: 0.4339

Classification Report:
              precision    recall  f1-score   support

     neutral       0.60      0.50      0.55         6
       happy       0.71      0.83      0.77         6
         sad       0.25      0.50      0.33         6
       angry       0.43      0.50      0.46         6
     fearful       0.00      0.00      0.00         7
   disgusted       0.50      0.50      0.50         6
   surprised       0.50      0.50      0.50         6

    accuracy                           0.47        43
   macro avg       0.43      0.48      0.44        43
weighted avg       0.42      0.47      0.43        43

    [FCNN fold 4/5] macro_f1=0.4442 acc=0.4651
 Epoch  Train Loss  Train Acc   Val Loss   Val Acc   Val F1         LR
---------------------------------------------------------------------------
     1      2.0141     0.1111     1.9305    0.2000   0.0476   0.000100  (0.1s)
     2      2.0281     0.1736     1.9260    0.2000   0.0476   0.000100  (0.1s)
     3      1.9865     0.1875     1.9260    0.2000   0.0476   0.000100  (0.1s)
     4      1.9586     0.1875     1.9225    0.2000   0.0476   0.000100  (0.0s)
     5      1.9091     0.2222     1.9217    0.2000   0.0476   0.000100  (0.0s)
     6      1.9455     0.2431     1.9120    0.2000   0.0510   0.000100  (0.0s)
     7      1.8811     0.1597     1.8922    0.2000   0.0529   0.000100  (0.1s)
     8      1.8397     0.2708     1.8757    0.1600   0.0457   0.000100  (0.0s)
     9      1.8494     0.2639     1.8391    0.2400   0.1619   0.000100  (0.0s)
    10      1.8159     0.2708     1.8006    0.3600   0.3023   0.000100  (0.1s)
    11      1.8646     0.2500     1.7527    0.4400   0.3601   0.000100  (0.1s)
    12      1.8464     0.2847     1.6915    0.5200   0.4040   0.000100  (0.0s)
    13      1.8052     0.3125     1.6618    0.4800   0.4004   0.000100  (0.0s)
    14      1.7801     0.3194     1.6592    0.5600   0.5031   0.000100  (0.0s)
    15      1.8495     0.2083     1.6460    0.4800   0.3773   0.000100  (0.1s)
    16      1.7187     0.3542     1.6379    0.5600   0.4967   0.000100  (0.1s)
    17      1.7151     0.3542     1.6108    0.5600   0.4260   0.000100  (0.0s)
    18      1.7133     0.3819     1.6102    0.5600   0.5065   0.000100  (0.0s)
    19      1.7182     0.3889     1.5847    0.5200   0.4276   0.000100  (0.1s)
    20      1.6829     0.4097     1.5723    0.5200   0.4266   0.000100  (0.1s)
    21      1.6238     0.3819     1.5768    0.5600   0.4762   0.000100  (0.0s)
    22      1.6075     0.4444     1.5516    0.5600   0.5148   0.000100  (0.0s)
    23      1.6308     0.4167     1.5546    0.4800   0.4206   0.000100  (0.0s)
    24      1.6250     0.3472     1.5155    0.5600   0.4952   0.000100  (0.0s)
    25      1.5796     0.4444     1.5064    0.5600   0.4830   0.000100  (0.0s)
    26      1.5132     0.4722     1.4991    0.5200   0.4444   0.000100  (0.1s)
    27      1.5139     0.5000     1.5140    0.4400   0.3752   0.000100  (0.1s)
    28      1.5702     0.4514     1.4964    0.4800   0.4405   0.000100  (0.0s)
    29      1.5279     0.4236     1.4674    0.5600   0.5065   0.000100  (0.0s)
    30      1.4863     0.4722     1.4894    0.5200   0.4907   0.000100  (0.1s)
    31      1.4932     0.4583     1.4378    0.4800   0.4400   0.000100  (0.1s)
    32      1.4952     0.4375     1.4499    0.4400   0.3673   0.000050  (0.1s)
    33      1.4192     0.5069     1.4313    0.4400   0.3701   0.000050  (0.1s)
    34      1.4755     0.4722     1.3962    0.4800   0.3991   0.000050  (0.1s)
    35      1.4070     0.5069     1.3994    0.4400   0.3311   0.000050  (0.1s)
    36      1.4239     0.4792     1.3759    0.4400   0.3311   0.000050  (0.1s)
    37      1.3964     0.5069     1.3771    0.4800   0.3923   0.000050  (0.1s)

Early stopping at epoch 37. Best epoch: 22 (val_f1=0.5148)

Best: epoch 22, val_acc=0.5600, val_f1=0.5148
Model saved: /mnt/extended-home/fitra_dosen/2025_iris_fer_taufik/MultimodalEmoLearn/models/benchmark/jaffe_randomsplit/_tmp/m.pth
Test Loss: 1.5410
Test Accuracy: 0.5581
Test Macro F1:    0.5512
Test Micro F1:    0.5581
Test Weighted F1: 0.5442

Classification Report:
              precision    recall  f1-score   support

     neutral       0.29      0.67      0.40         6
       happy       0.50      0.83      0.62         6
         sad       1.00      0.50      0.67         6
       angry       0.60      1.00      0.75         6
     fearful       1.00      0.14      0.25         7
   disgusted       1.00      0.50      0.67         6
   surprised       1.00      0.33      0.50         6

    accuracy                           0.56        43
   macro avg       0.77      0.57      0.55        43
weighted avg       0.77      0.56      0.54        43

    [FCNN fold 5/5] macro_f1=0.5512 acc=0.5581
  FCNN               macro_f1=0.4800±0.0641  acc=0.4977±0.0501
 Epoch  Train Loss  Train Acc   Val Loss   Val Acc   Val F1         LR
---------------------------------------------------------------------------
     1      2.0611     0.1528     1.9489    0.2400   0.0553   0.000100  (3.7s)
     2      2.0946     0.1667     1.9586    0.0400   0.0110   0.000100  (3.5s)
     3      2.0918     0.1597     1.9704    0.0000   0.0000   0.000100  (3.6s)
     4      2.0694     0.1111     1.9804    0.0400   0.0110   0.000100  (3.3s)
     5      2.0580     0.2014     1.9817    0.0400   0.0136   0.000100  (3.4s)
     6      2.0515     0.1319     1.9821    0.0800   0.0536   0.000100  (3.4s)
     7      1.9263     0.2014     1.9826    0.0800   0.0468   0.000100  (3.4s)
     8      2.0111     0.1389     1.9796    0.1200   0.0765   0.000100  (3.2s)
     9      1.9971     0.1667     1.9621    0.2000   0.1234   0.000100  (4.0s)
    10      1.9601     0.2431     1.9393    0.2000   0.1116   0.000100  (3.5s)
    11      2.0022     0.1736     1.9424    0.1600   0.0544   0.000100  (3.2s)
    12      1.9032     0.2361     1.9282    0.3200   0.2857   0.000100  (3.3s)
    13      1.9396     0.1667     1.9188    0.3200   0.2536   0.000100  (3.8s)
    14      1.9051     0.2153     1.9195    0.3200   0.2697   0.000100  (3.3s)
    15      1.9389     0.1528     1.8954    0.3200   0.2510   0.000100  (3.1s)
    16      1.9357     0.1736     1.9068    0.3600   0.2935   0.000100  (3.2s)
    17      1.9211     0.2778     1.9108    0.2800   0.2426   0.000100  (3.7s)
    18      1.9244     0.2292     1.8977    0.3200   0.2905   0.000100  (3.2s)
    19      1.9252     0.2083     1.8903    0.3200   0.2102   0.000100  (3.2s)
    20      1.9527     0.1944     1.8595    0.4000   0.3395   0.000100  (3.3s)
    21      1.9020     0.2500     1.8712    0.2800   0.2163   0.000100  (3.6s)
    22      1.8670     0.2778     1.8681    0.3200   0.3035   0.000100  (3.3s)
    23      1.8979     0.2292     1.8566    0.3200   0.3197   0.000100  (3.3s)
    24      1.7929     0.3125     1.8499    0.3200   0.3355   0.000100  (3.3s)
    25      1.8261     0.2986     1.8335    0.4400   0.4491   0.000100  (3.1s)
    26      1.9258     0.2292     1.8240    0.3200   0.2991   0.000100  (3.5s)
    27      1.7865     0.2639     1.8113    0.2800   0.2880   0.000100  (3.1s)
    28      1.8305     0.2639     1.8157    0.2800   0.2653   0.000100  (3.2s)
    29      1.7829     0.3264     1.8129    0.2400   0.2539   0.000100  (3.1s)
    30      1.7997     0.2986     1.8103    0.2400   0.2397   0.000100  (3.1s)
    31      1.8576     0.2292     1.7936    0.3200   0.2940   0.000100  (3.2s)
    32      1.7840     0.3403     1.7888    0.4000   0.4371   0.000100  (3.1s)
    33      1.8463     0.2431     1.7802    0.3600   0.3344   0.000100  (3.1s)
    34      1.7172     0.3750     1.7755    0.3600   0.3107   0.000100  (3.1s)
    35      1.6937     0.3403     1.7749    0.3200   0.3199   0.000050  (3.2s)
    36      1.7248     0.2917     1.7736    0.3200   0.3071   0.000050  (3.2s)
    37      1.7158     0.3403     1.7667    0.3600   0.3538   0.000050  (3.3s)
    38      1.6539     0.3889     1.7681    0.4000   0.3746   0.000050  (3.3s)
    39      1.6024     0.4097     1.7678    0.3600   0.3463   0.000050  (3.2s)
    40      1.6948     0.3333     1.7427    0.4400   0.4129   0.000050  (3.2s)

Early stopping at epoch 40. Best epoch: 25 (val_f1=0.4491)

Best: epoch 25, val_acc=0.4400, val_f1=0.4491
Model saved: /mnt/extended-home/fitra_dosen/2025_iris_fer_taufik/MultimodalEmoLearn/models/benchmark/jaffe_randomsplit/_tmp/m.pth
Test Loss: 1.8586
Test Accuracy: 0.2791
Test Macro F1:    0.2542
Test Micro F1:    0.2791
Test Weighted F1: 0.2483

Classification Report:
              precision    recall  f1-score   support

     neutral       0.14      0.17      0.15         6
       happy       0.12      0.17      0.14         6
         sad       0.31      0.67      0.42         6
       angry       0.43      0.50      0.46         6
     fearful       0.00      0.00      0.00         7
   disgusted       0.00      0.00      0.00         6
   surprised       0.75      0.50      0.60         6

    accuracy                           0.28        43
   macro avg       0.25      0.29      0.25        43
weighted avg       0.24      0.28      0.25        43

    [Intermediate fold 1/5] macro_f1=0.2542 acc=0.2791
 Epoch  Train Loss  Train Acc   Val Loss   Val Acc   Val F1         LR
---------------------------------------------------------------------------
     1      2.0517     0.1667     1.9570    0.1200   0.0306   0.000100  (3.8s)
     2      2.0620     0.1319     1.9682    0.0800   0.0212   0.000100  (3.8s)
     3      2.0216     0.1736     1.9725    0.0800   0.0212   0.000100  (3.4s)
     4      1.9960     0.2083     1.9849    0.0800   0.0212   0.000100  (3.3s)
     5      2.0854     0.1667     1.9740    0.0800   0.0212   0.000100  (3.3s)
     6      2.0636     0.1806     1.9675    0.1600   0.0882   0.000100  (3.3s)
     7      1.9973     0.1597     1.9595    0.1600   0.0776   0.000100  (3.8s)
     8      1.9943     0.2153     1.9437    0.2000   0.1297   0.000100  (3.3s)
     9      1.9364     0.1944     1.9298    0.2400   0.1688   0.000100  (3.7s)
    10      2.0296     0.1944     1.9068    0.3200   0.2654   0.000100  (3.8s)
    11      1.9830     0.1875     1.8928    0.2800   0.1893   0.000100  (3.6s)
    12      2.0366     0.2083     1.8935    0.2800   0.1948   0.000100  (3.3s)
    13      2.0132     0.1944     1.9015    0.4000   0.3166   0.000100  (3.1s)
    14      1.9611     0.1597     1.8951    0.2800   0.2420   0.000100  (3.7s)
    15      1.9511     0.1528     1.8733    0.3600   0.3122   0.000100  (3.3s)
    16      2.0282     0.1458     1.8698    0.3200   0.2592   0.000100  (3.3s)
    17      1.9352     0.1736     1.8525    0.3600   0.2697   0.000100  (3.4s)
    18      1.9531     0.1736     1.8300    0.4800   0.4322   0.000100  (3.4s)
    19      1.8799     0.2569     1.8225    0.4000   0.3046   0.000100  (3.8s)
    20      1.9123     0.2639     1.8025    0.4400   0.3845   0.000100  (3.3s)
    21      1.8930     0.2847     1.8073    0.3600   0.3127   0.000100  (3.3s)
    22      2.0034     0.1806     1.7809    0.4000   0.3469   0.000100  (3.3s)
    23      1.7882     0.2708     1.7681    0.3600   0.3122   0.000100  (3.3s)
    24      1.8735     0.2708     1.7579    0.3600   0.3159   0.000100  (3.7s)
    25      1.8948     0.2083     1.7281    0.3600   0.3230   0.000100  (3.2s)
    26      1.9012     0.2639     1.7257    0.4800   0.4457   0.000100  (3.2s)
    27      1.8401     0.2778     1.7227    0.4000   0.3789   0.000100  (3.5s)
    28      1.7857     0.3194     1.7089    0.4000   0.3133   0.000100  (3.1s)
    29      1.8088     0.2292     1.6852    0.4800   0.4311   0.000100  (3.6s)
    30      1.8176     0.2986     1.6850    0.4400   0.4205   0.000100  (3.1s)
    31      1.8176     0.2569     1.6715    0.4400   0.4205   0.000100  (3.7s)
    32      1.7808     0.2500     1.6468    0.4400   0.3964   0.000100  (3.5s)
    33      1.7598     0.3125     1.5947    0.4800   0.4040   0.000100  (3.3s)
    34      1.7055     0.3611     1.5614    0.5200   0.4434   0.000100  (3.3s)
    35      1.7414     0.2639     1.5531    0.5200   0.4437   0.000100  (3.3s)
    36      1.6742     0.3542     1.5820    0.4800   0.4467   0.000050  (3.3s)
    37      1.7121     0.3542     1.5714    0.5200   0.4612   0.000050  (3.8s)
    38      1.6798     0.3333     1.5654    0.4400   0.3821   0.000050  (3.8s)
    39      1.6490     0.3819     1.5538    0.4800   0.4058   0.000050  (3.3s)
    40      1.6730     0.3472     1.5296    0.6000   0.5210   0.000050  (3.5s)
    41      1.6614     0.3542     1.5264    0.5600   0.5059   0.000050  (3.6s)
    42      1.6813     0.3264     1.5180    0.5600   0.4942   0.000050  (3.5s)
    43      1.6795     0.3611     1.4950    0.5200   0.4551   0.000050  (3.3s)
    44      1.5867     0.4028     1.4735    0.5600   0.5059   0.000050  (3.1s)
    45      1.6422     0.3194     1.4760    0.5200   0.4750   0.000050  (3.0s)
    46      1.5779     0.4236     1.4880    0.4800   0.4653   0.000050  (3.3s)
    47      1.6848     0.3194     1.4700    0.5200   0.4872   0.000050  (3.3s)
    48      1.6464     0.3264     1.4653    0.4800   0.4367   0.000050  (3.1s)
    49      1.6497     0.3333     1.3970    0.6000   0.5251   0.000050  (3.2s)
    50      1.6029     0.3958     1.4195    0.5600   0.4857   0.000050  (3.8s)

Best: epoch 49, val_acc=0.6000, val_f1=0.5251
Model saved: /mnt/extended-home/fitra_dosen/2025_iris_fer_taufik/MultimodalEmoLearn/models/benchmark/jaffe_randomsplit/_tmp/m.pth
Test Loss: 1.6761
Test Accuracy: 0.4419
Test Macro F1:    0.4386
Test Micro F1:    0.4419
Test Weighted F1: 0.4388

Classification Report:
              precision    recall  f1-score   support

     neutral       0.30      1.00      0.46         6
       happy       1.00      0.50      0.67         6
         sad       0.33      0.33      0.33         6
       angry       0.60      0.50      0.55         6
     fearful       1.00      0.29      0.44         7
   disgusted       0.33      0.33      0.33         6
   surprised       1.00      0.17      0.29         6

    accuracy                           0.44        43
   macro avg       0.65      0.45      0.44        43
weighted avg       0.66      0.44      0.44        43

    [Intermediate fold 2/5] macro_f1=0.4386 acc=0.4419
 Epoch  Train Loss  Train Acc   Val Loss   Val Acc   Val F1         LR
---------------------------------------------------------------------------
     1      2.1210     0.1528     1.9301    0.0800   0.0212   0.000100  (3.7s)
     2      2.0009     0.2153     1.9249    0.2000   0.0476   0.000100  (3.9s)
     3      2.0122     0.1806     1.9261    0.2000   0.0476   0.000100  (3.7s)
     4      1.9754     0.2014     1.9299    0.2400   0.0952   0.000100  (3.2s)
     5      2.0389     0.1319     1.9253    0.2000   0.0510   0.000100  (3.6s)
     6      2.0769     0.1944     1.9248    0.1600   0.1079   0.000100  (3.1s)
     7      2.0222     0.1667     1.9226    0.2400   0.1680   0.000100  (3.5s)
     8      1.9334     0.2222     1.9122    0.2000   0.1824   0.000100  (3.9s)
     9      2.0443     0.1528     1.8961    0.2400   0.0884   0.000100  (3.5s)
    10      1.8990     0.2569     1.9039    0.2400   0.1457   0.000100  (3.3s)
    11      1.9667     0.1736     1.9000    0.2000   0.0975   0.000100  (3.4s)
    12      1.9084     0.1944     1.8860    0.2800   0.1690   0.000100  (3.3s)
    13      1.9418     0.1667     1.8779    0.3600   0.2109   0.000100  (4.1s)
    14      1.9940     0.1736     1.8766    0.2800   0.1524   0.000100  (4.0s)
    15      1.9357     0.2014     1.8802    0.3200   0.1779   0.000100  (3.3s)
    16      1.9314     0.2083     1.8571    0.4400   0.3224   0.000100  (3.3s)
    17      1.8812     0.2292     1.8618    0.3200   0.1884   0.000100  (3.7s)
    18      1.9842     0.2431     1.8572    0.2400   0.1718   0.000100  (3.3s)
    19      1.9627     0.2153     1.8488    0.2800   0.2200   0.000100  (3.2s)
    20      1.8787     0.2222     1.8656    0.2400   0.1638   0.000100  (3.2s)
    21      1.9046     0.2222     1.8703    0.2400   0.1689   0.000100  (3.2s)
    22      1.9215     0.2361     1.8507    0.2000   0.1721   0.000100  (3.2s)
    23      1.9061     0.2708     1.8462    0.2400   0.1865   0.000100  (3.3s)
    24      1.8046     0.2708     1.8320    0.2800   0.2071   0.000100  (3.3s)
    25      1.8778     0.2500     1.8348    0.2400   0.2051   0.000100  (3.2s)
    26      1.8477     0.2847     1.8334    0.2400   0.1845   0.000050  (3.2s)
    27      1.9547     0.2500     1.8292    0.2800   0.2056   0.000050  (3.2s)
    28      1.9271     0.2569     1.8290    0.2800   0.2020   0.000050  (3.3s)
    29      1.8335     0.2778     1.8225    0.2400   0.1818   0.000050  (3.3s)
    30      1.8225     0.2778     1.8108    0.2800   0.2104   0.000050  (3.1s)
    31      1.7364     0.2986     1.8212    0.2400   0.1845   0.000050  (3.2s)

Early stopping at epoch 31. Best epoch: 16 (val_f1=0.3224)

Best: epoch 16, val_acc=0.4400, val_f1=0.3224
Model saved: /mnt/extended-home/fitra_dosen/2025_iris_fer_taufik/MultimodalEmoLearn/models/benchmark/jaffe_randomsplit/_tmp/m.pth
Test Loss: 1.8879
Test Accuracy: 0.3023
Test Macro F1:    0.2783
Test Micro F1:    0.3023
Test Weighted F1: 0.2757

Classification Report:
              precision    recall  f1-score   support

     neutral       0.25      0.50      0.33         6
       happy       0.20      0.33      0.25         6
         sad       0.12      0.17      0.14         6
       angry       0.71      0.83      0.77         6
     fearful       0.20      0.14      0.17         7
   disgusted       0.00      0.00      0.00         6
   surprised       1.00      0.17      0.29         6

    accuracy                           0.30        43
   macro avg       0.36      0.31      0.28        43
weighted avg       0.35      0.30      0.28        43

    [Intermediate fold 3/5] macro_f1=0.2783 acc=0.3023
 Epoch  Train Loss  Train Acc   Val Loss   Val Acc   Val F1         LR
---------------------------------------------------------------------------
     1      2.0502     0.1736     1.9514    0.0800   0.0212   0.000100  (3.7s)
     2      2.0975     0.1528     1.9538    0.2000   0.0476   0.000100  (3.8s)
     3      2.1274     0.1111     1.9649    0.0800   0.0212   0.000100  (3.9s)
     4      2.0880     0.1181     1.9608    0.0800   0.0212   0.000100  (3.3s)
     5      2.0711     0.1458     1.9629    0.0800   0.0212   0.000100  (3.3s)
     6      1.9892     0.2014     1.9507    0.0800   0.0212   0.000100  (3.5s)
     7      2.0502     0.1944     1.9502    0.0800   0.0229   0.000100  (3.6s)
     8      1.9605     0.1736     1.9331    0.0800   0.0229   0.000100  (3.6s)
     9      2.0056     0.1528     1.9329    0.1200   0.0748   0.000100  (3.3s)
    10      2.0087     0.1736     1.9332    0.1200   0.0800   0.000100  (3.9s)
    11      2.0271     0.1389     1.9039    0.2000   0.1728   0.000100  (3.8s)
    12      1.9650     0.1806     1.9011    0.2000   0.1722   0.000100  (3.5s)
    13      1.9522     0.2222     1.9145    0.1600   0.1228   0.000100  (3.2s)
    14      1.9950     0.1389     1.9072    0.2400   0.1848   0.000100  (3.1s)
    15      1.9784     0.2083     1.9117    0.2000   0.1691   0.000100  (3.7s)
    16      1.9149     0.1944     1.8995    0.1600   0.1265   0.000100  (3.2s)
    17      1.9198     0.2708     1.8853    0.1200   0.0872   0.000100  (3.2s)
    18      1.9027     0.2222     1.8774    0.1600   0.1206   0.000100  (3.2s)
    19      1.8955     0.2083     1.8649    0.2000   0.1646   0.000100  (3.1s)
    20      1.9718     0.1667     1.8634    0.2400   0.1762   0.000100  (3.2s)
    21      1.8412     0.2569     1.8512    0.3200   0.2587   0.000100  (3.2s)
    22      1.9781     0.1736     1.8420    0.3200   0.2565   0.000100  (3.9s)
    23      1.8866     0.2639     1.8465    0.2800   0.2286   0.000100  (3.2s)
    24      1.9224     0.2014     1.8415    0.2400   0.1964   0.000100  (3.2s)
    25      1.9041     0.2292     1.8281    0.2800   0.2082   0.000100  (3.1s)
    26      1.9186     0.2500     1.8066    0.2800   0.2347   0.000100  (3.2s)
    27      1.8733     0.2292     1.7902    0.3200   0.2879   0.000100  (3.2s)
    28      1.8145     0.3125     1.7682    0.2800   0.2623   0.000100  (3.8s)
    29      1.8516     0.2361     1.7581    0.3200   0.2893   0.000100  (3.2s)
    30      1.8060     0.2569     1.7596    0.2400   0.2421   0.000100  (3.9s)
    31      1.7910     0.2778     1.7359    0.3600   0.3234   0.000100  (3.2s)
    32      1.7499     0.3056     1.7253    0.4400   0.3810   0.000100  (3.7s)
    33      1.7579     0.3264     1.7327    0.2800   0.2321   0.000100  (3.6s)
    34      1.8408     0.2917     1.7415    0.2800   0.2254   0.000100  (3.3s)
    35      1.7395     0.3056     1.7197    0.3200   0.2516   0.000100  (3.2s)
    36      1.6991     0.2639     1.7050    0.3200   0.2486   0.000100  (3.3s)
    37      1.6248     0.3681     1.6921    0.3600   0.3045   0.000100  (3.1s)
    38      1.6563     0.4097     1.7375    0.3600   0.3147   0.000100  (3.2s)
    39      1.6408     0.3611     1.7223    0.4000   0.3999   0.000100  (3.2s)
    40      1.6921     0.3333     1.6682    0.4000   0.3972   0.000100  (3.7s)
    41      1.5554     0.4236     1.6766    0.3600   0.3330   0.000100  (3.3s)
    42      1.5596     0.4236     1.6778    0.4000   0.3558   0.000100  (3.2s)
    43      1.5875     0.4167     1.6704    0.4000   0.3596   0.000100  (3.2s)
    44      1.5514     0.4444     1.6351    0.4000   0.3677   0.000100  (3.2s)
    45      1.5750     0.3958     1.6700    0.3200   0.2900   0.000100  (3.2s)
    46      1.5945     0.3750     1.6644    0.3200   0.2667   0.000100  (3.3s)
    47      1.5128     0.4722     1.6652    0.3200   0.3139   0.000100  (3.3s)
    48      1.4608     0.4514     1.6675    0.3200   0.3261   0.000100  (3.1s)
    49      1.4916     0.4236     1.6591    0.2400   0.1742   0.000050  (3.2s)
    50      1.4812     0.4931     1.6413    0.3600   0.2882   0.000050  (3.4s)

Best: epoch 39, val_acc=0.4000, val_f1=0.3999
Model saved: /mnt/extended-home/fitra_dosen/2025_iris_fer_taufik/MultimodalEmoLearn/models/benchmark/jaffe_randomsplit/_tmp/m.pth
Test Loss: 1.7733
Test Accuracy: 0.3023
Test Macro F1:    0.3129
Test Micro F1:    0.3023
Test Weighted F1: 0.3056

Classification Report:
              precision    recall  f1-score   support

     neutral       0.33      0.50      0.40         6
       happy       1.00      0.17      0.29         6
         sad       0.11      0.33      0.16         6
       angry       0.33      0.50      0.40         6
     fearful       0.00      0.00      0.00         7
   disgusted       0.67      0.33      0.44         6
   surprised       1.00      0.33      0.50         6

    accuracy                           0.30        43
   macro avg       0.49      0.31      0.31        43
weighted avg       0.48      0.30      0.31        43

    [Intermediate fold 4/5] macro_f1=0.3129 acc=0.3023
 Epoch  Train Loss  Train Acc   Val Loss   Val Acc   Val F1         LR
---------------------------------------------------------------------------
     1      2.0368     0.2014     1.9341    0.2000   0.0476   0.000100  (3.6s)
     2      2.0607     0.1875     1.9366    0.2000   0.0476   0.000100  (3.6s)
     3      2.0683     0.1389     1.9420    0.0800   0.0212   0.000100  (3.8s)
     4      2.1016     0.1319     1.9428    0.0800   0.0229   0.000100  (3.5s)
     5      2.0432     0.1667     1.9373    0.2400   0.1143   0.000100  (3.2s)
     6      2.0482     0.1667     1.9332    0.2000   0.0510   0.000100  (3.6s)
     7      2.0338     0.1250     1.9333    0.0800   0.0272   0.000100  (3.3s)
     8      2.0040     0.1875     1.9293    0.1200   0.0357   0.000100  (3.3s)
     9      2.0421     0.1389     1.9204    0.1200   0.0820   0.000100  (3.1s)
    10      2.0326     0.1667     1.9160    0.1600   0.0476   0.000100  (3.2s)
    11      1.9546     0.2083     1.8996    0.1600   0.0457   0.000100  (3.2s)
    12      2.0237     0.1597     1.8964    0.2800   0.1740   0.000100  (3.2s)
    13      1.9442     0.2083     1.8975    0.2000   0.1730   0.000100  (3.5s)
    14      1.9474     0.1736     1.8805    0.3200   0.2755   0.000100  (3.1s)
    15      1.9752     0.1806     1.8801    0.3200   0.2691   0.000100  (4.0s)
    16      2.0047     0.1667     1.8721    0.2800   0.1893   0.000100  (3.3s)
    17      1.9107     0.2361     1.8601    0.2800   0.2123   0.000100  (3.3s)
    18      1.8797     0.2153     1.8679    0.3600   0.2567   0.000100  (3.3s)
    19      1.9117     0.2153     1.8471    0.5200   0.4439   0.000100  (3.2s)
    20      1.9324     0.2083     1.8362    0.4000   0.3515   0.000100  (3.7s)
    21      1.9032     0.2847     1.8287    0.4800   0.4023   0.000100  (3.2s)
    22      1.8832     0.2639     1.8288    0.4000   0.3716   0.000100  (3.3s)
    23      1.8966     0.1806     1.8352    0.3200   0.2255   0.000100  (3.2s)
    24      1.8045     0.3125     1.8193    0.3600   0.2737   0.000100  (3.3s)
    25      1.8201     0.2847     1.7842    0.6000   0.4830   0.000100  (3.2s)
    26      1.8059     0.3194     1.7986    0.4800   0.3917   0.000100  (3.8s)
    27      1.8870     0.2361     1.7876    0.4800   0.3917   0.000100  (3.2s)
    28      1.8566     0.2778     1.7808    0.4800   0.4353   0.000100  (3.4s)
    29      1.8085     0.3125     1.7741    0.4800   0.4420   0.000100  (3.8s)
    30      1.7827     0.3056     1.7819    0.3600   0.3511   0.000100  (3.3s)
    31      1.7543     0.3056     1.7697    0.3600   0.3637   0.000100  (3.3s)
    32      1.7435     0.3056     1.7483    0.4000   0.3738   0.000100  (3.4s)
    33      1.7346     0.3264     1.7145    0.4400   0.4009   0.000100  (3.3s)
    34      1.7207     0.3611     1.7076    0.3600   0.3325   0.000100  (3.2s)
    35      1.7423     0.2917     1.7069    0.3600   0.3482   0.000050  (3.3s)
    36      1.7295     0.3125     1.6905    0.4400   0.4031   0.000050  (3.5s)
    37      1.6633     0.3472     1.6861    0.4800   0.4247   0.000050  (3.6s)
    38      1.6560     0.3472     1.6863    0.4400   0.3956   0.000050  (3.2s)
    39      1.6843     0.3542     1.6856    0.4800   0.4181   0.000050  (3.1s)
    40      1.6760     0.3472     1.6967    0.4400   0.4074   0.000050  (3.2s)

Early stopping at epoch 40. Best epoch: 25 (val_f1=0.4830)

Best: epoch 25, val_acc=0.6000, val_f1=0.4830
Model saved: /mnt/extended-home/fitra_dosen/2025_iris_fer_taufik/MultimodalEmoLearn/models/benchmark/jaffe_randomsplit/_tmp/m.pth
Test Loss: 1.8228
Test Accuracy: 0.4186
Test Macro F1:    0.3965
Test Micro F1:    0.4186
Test Weighted F1: 0.3944

Classification Report:
              precision    recall  f1-score   support

     neutral       0.20      0.17      0.18         6
       happy       0.50      0.50      0.50         6
         sad       0.33      0.50      0.40         6
       angry       0.43      1.00      0.60         6
     fearful       0.33      0.29      0.31         7
   disgusted       1.00      0.33      0.50         6
   surprised       1.00      0.17      0.29         6

    accuracy                           0.42        43
   macro avg       0.54      0.42      0.40        43
weighted avg       0.54      0.42      0.39        43

    [Intermediate fold 5/5] macro_f1=0.3965 acc=0.4186
  Intermediate       macro_f1=0.3361±0.0704  acc=0.3488±0.0674
 Epoch  Train Loss  Train Acc   Val Loss   Val Acc   Val F1         LR
---------------------------------------------------------------------------
     1      2.0485     0.1250     1.8305    0.2800   0.2104   0.000050  (4.9s)
     2      1.4247     0.5208     1.7072    0.3600   0.2308   0.000050  (2.9s)
     3      1.0307     0.8403     1.6760    0.3200   0.2061   0.000050  (3.1s)
     4      0.8584     0.8958     1.6539    0.3200   0.3291   0.000050  (3.1s)
     5      0.6411     0.9792     1.5882    0.3200   0.3230   0.000050  (3.0s)
     6      0.5204     0.9722     1.5043    0.4400   0.4115   0.000050  (3.0s)
     7      0.4107     1.0000     1.4430    0.4800   0.4350   0.000050  (3.1s)
     8      0.3600     0.9861     1.3719    0.5200   0.5571   0.000050  (3.1s)
     9      0.2943     0.9931     1.2898    0.4400   0.3579   0.000050  (3.1s)
    10      0.2448     1.0000     1.2036    0.7200   0.6497   0.000050  (3.1s)
    11      0.2418     1.0000     1.1257    0.7200   0.6986   0.000050  (3.1s)
    12      0.2215     1.0000     1.0989    0.6800   0.6484   0.000050  (3.1s)
    13      0.1773     1.0000     1.0840    0.6800   0.6444   0.000050  (2.8s)
    14      0.1677     1.0000     1.0775    0.7200   0.6960   0.000050  (2.9s)
    15      0.1435     1.0000     1.0528    0.6800   0.6452   0.000050  (2.9s)
    16      0.1505     1.0000     1.0377    0.7200   0.6761   0.000050  (3.3s)
    17      0.1592     1.0000     1.0361    0.7200   0.6960   0.000050  (3.1s)
    18      0.1382     1.0000     1.0135    0.7600   0.7387   0.000050  (3.1s)
    19      0.1388     1.0000     1.0186    0.7200   0.6800   0.000050  (3.1s)
    20      0.1106     1.0000     0.9980    0.8000   0.7777   0.000050  (2.9s)
    21      0.1232     1.0000     0.9645    0.7600   0.7405   0.000050  (3.0s)
    22      0.1118     1.0000     0.9575    0.8400   0.8037   0.000050  (2.8s)
    23      0.0828     1.0000     0.9536    0.8400   0.8037   0.000050  (2.9s)
    24      0.1024     1.0000     0.9513    0.8000   0.7643   0.000050  (2.9s)
    25      0.1031     1.0000     0.9769    0.8000   0.7643   0.000050  (2.9s)
    26      0.0908     1.0000     0.9802    0.7600   0.7056   0.000050  (2.9s)
    27      0.0935     1.0000     0.9733    0.6800   0.6746   0.000050  (2.8s)
    28      0.0781     1.0000     0.9673    0.7200   0.7151   0.000050  (2.9s)
    29      0.0909     1.0000     0.9500    0.7600   0.7491   0.000050  (3.1s)
    30      0.0908     1.0000     0.9411    0.7200   0.7119   0.000050  (2.8s)
    31      0.0805     1.0000     0.9136    0.7600   0.7491   0.000050  (3.1s)
    32      0.0861     1.0000     0.9293    0.7200   0.7119   0.000025  (3.0s)
    33      0.0704     1.0000     0.9335    0.7200   0.7150   0.000025  (2.9s)
    34      0.0910     1.0000     0.9327    0.7200   0.7025   0.000025  (3.0s)
    35      0.0718     1.0000     0.9523    0.6800   0.6762   0.000025  (3.2s)
    36      0.0617     1.0000     0.9468    0.6800   0.6698   0.000025  (2.8s)
    37      0.0744     1.0000     0.9297    0.8000   0.7643   0.000025  (2.8s)

Early stopping at epoch 37. Best epoch: 22 (val_f1=0.8037)

Best: epoch 22, val_acc=0.8400, val_f1=0.8037
Model saved: /mnt/extended-home/fitra_dosen/2025_iris_fer_taufik/MultimodalEmoLearn/models/benchmark/jaffe_randomsplit/_tmp/m.pth
Test Loss: 0.7242
Test Accuracy: 0.8837
Test Macro F1:    0.8863
Test Micro F1:    0.8837
Test Weighted F1: 0.8836

Classification Report:
              precision    recall  f1-score   support

     neutral       0.71      0.83      0.77         6
       happy       1.00      0.83      0.91         6
         sad       0.83      0.83      0.83         6
       angry       1.00      1.00      1.00         6
     fearful       0.83      0.71      0.77         7
   disgusted       1.00      1.00      1.00         6
   surprised       0.86      1.00      0.92         6

    accuracy                           0.88        43
   macro avg       0.89      0.89      0.89        43
weighted avg       0.89      0.88      0.88        43

    [CNN_TL fold 1/5] macro_f1=0.8863 acc=0.8837
 Epoch  Train Loss  Train Acc   Val Loss   Val Acc   Val F1         LR
---------------------------------------------------------------------------
     1      1.9955     0.2222     1.9394    0.1200   0.0306   0.000050  (3.2s)
     2      1.3839     0.6042     1.8960    0.1200   0.0317   0.000050  (3.0s)
     3      1.0550     0.7986     1.8269    0.1600   0.0781   0.000050  (3.0s)
     4      0.8261     0.9097     1.7451    0.2400   0.1574   0.000050  (3.0s)
     5      0.6652     0.9306     1.7083    0.4400   0.3396   0.000050  (3.0s)
     6      0.5303     0.9722     1.6646    0.4800   0.3673   0.000050  (3.0s)
     7      0.4431     0.9861     1.5594    0.5600   0.4769   0.000050  (3.1s)
     8      0.4053     0.9861     1.4681    0.5200   0.4492   0.000050  (2.9s)
     9      0.3069     1.0000     1.3425    0.5600   0.5000   0.000050  (3.0s)
    10      0.2775     1.0000     1.0799    0.7200   0.6279   0.000050  (3.0s)
    11      0.2395     1.0000     0.8932    0.8000   0.7793   0.000050  (2.9s)
    12      0.2252     1.0000     0.7675    0.8400   0.8167   0.000050  (2.9s)
    13      0.2005     1.0000     0.7182    0.8800   0.8722   0.000050  (2.9s)
    14      0.1824     1.0000     0.6889    0.8800   0.8663   0.000050  (3.1s)
    15      0.1996     1.0000     0.6631    0.9600   0.9556   0.000050  (2.9s)
    16      0.1579     1.0000     0.6919    0.8800   0.8663   0.000050  (3.0s)
    17      0.1487     1.0000     0.6786    0.8800   0.8663   0.000050  (2.9s)
    18      0.1192     1.0000     0.6577    0.9200   0.9147   0.000050  (3.1s)
    19      0.1406     1.0000     0.6288    0.9200   0.9071   0.000050  (3.0s)
    20      0.1164     1.0000     0.6476    0.8800   0.8677   0.000050  (3.0s)
    21      0.1237     1.0000     0.6342    0.9200   0.9147   0.000050  (3.0s)
    22      0.1220     1.0000     0.6064    0.8800   0.8677   0.000050  (3.1s)
    23      0.1044     1.0000     0.6091    0.8800   0.8677   0.000050  (3.0s)
    24      0.1257     1.0000     0.5979    0.9200   0.9071   0.000050  (3.1s)
    25      0.0967     1.0000     0.6071    0.8800   0.8677   0.000025  (3.2s)
    26      0.0786     1.0000     0.6048    0.8800   0.8663   0.000025  (3.1s)
    27      0.0960     1.0000     0.5905    0.8800   0.8663   0.000025  (3.6s)
    28      0.0872     1.0000     0.5948    0.8800   0.8663   0.000025  (2.9s)
    29      0.0938     1.0000     0.5921    0.8800   0.8663   0.000025  (3.2s)
    30      0.0929     1.0000     0.5958    0.8800   0.8663   0.000025  (2.9s)

Early stopping at epoch 30. Best epoch: 15 (val_f1=0.9556)

Best: epoch 15, val_acc=0.9600, val_f1=0.9556
Model saved: /mnt/extended-home/fitra_dosen/2025_iris_fer_taufik/MultimodalEmoLearn/models/benchmark/jaffe_randomsplit/_tmp/m.pth
Test Loss: 0.8204
Test Accuracy: 0.8372
Test Macro F1:    0.8295
Test Micro F1:    0.8372
Test Weighted F1: 0.8317

Classification Report:
              precision    recall  f1-score   support

     neutral       0.75      1.00      0.86         6
       happy       0.86      1.00      0.92         6
         sad       1.00      0.83      0.91         6
       angry       1.00      0.50      0.67         6
     fearful       1.00      0.86      0.92         7
   disgusted       0.67      1.00      0.80         6
   surprised       0.80      0.67      0.73         6

    accuracy                           0.84        43
   macro avg       0.87      0.84      0.83        43
weighted avg       0.87      0.84      0.83        43

    [CNN_TL fold 2/5] macro_f1=0.8295 acc=0.8372
 Epoch  Train Loss  Train Acc   Val Loss   Val Acc   Val F1         LR
---------------------------------------------------------------------------
     1      2.0965     0.1319     1.9141    0.1200   0.0373   0.000050  (3.1s)
     2      1.4113     0.5417     1.8942    0.2000   0.0944   0.000050  (3.0s)
     3      1.0165     0.8125     1.8503    0.2400   0.1117   0.000050  (3.0s)
     4      0.8169     0.9167     1.7613    0.2400   0.1429   0.000050  (2.8s)
     5      0.6444     0.9722     1.6359    0.3200   0.2014   0.000050  (3.0s)
     6      0.5087     0.9722     1.5398    0.4400   0.2721   0.000050  (2.9s)
     7      0.4291     1.0000     1.4662    0.5200   0.3264   0.000050  (2.9s)
     8      0.3776     1.0000     1.3978    0.4800   0.3610   0.000050  (2.9s)
     9      0.3191     1.0000     1.3182    0.5600   0.5412   0.000050  (3.0s)
    10      0.2524     1.0000     1.2713    0.6800   0.6663   0.000050  (2.9s)
    11      0.2411     1.0000     1.1789    0.6800   0.7304   0.000050  (2.9s)
    12      0.1913     1.0000     1.0822    0.6800   0.7411   0.000050  (2.9s)
    13      0.1845     1.0000     1.0126    0.7600   0.8043   0.000050  (3.0s)
    14      0.1727     1.0000     0.9520    0.7600   0.8043   0.000050  (3.1s)
    15      0.1527     1.0000     0.9627    0.7600   0.8352   0.000050  (3.0s)
    16      0.1743     1.0000     0.9512    0.7200   0.8043   0.000050  (3.0s)
    17      0.1339     1.0000     0.9461    0.7600   0.7989   0.000050  (2.9s)
    18      0.1249     1.0000     0.9113    0.7600   0.7968   0.000050  (2.8s)
    19      0.1228     1.0000     0.8829    0.7600   0.8043   0.000050  (2.8s)
    20      0.1269     1.0000     0.8753    0.7600   0.8352   0.000050  (2.8s)
    21      0.1019     1.0000     0.9078    0.7600   0.8352   0.000050  (2.9s)
    22      0.0937     1.0000     0.9079    0.7600   0.8352   0.000050  (2.7s)
    23      0.1114     1.0000     0.8434    0.7600   0.7968   0.000050  (2.9s)
    24      0.1007     1.0000     0.8385    0.7600   0.8352   0.000050  (3.0s)
    25      0.1074     1.0000     0.8365    0.7600   0.7600   0.000025  (3.0s)
    26      0.0908     1.0000     0.8388    0.7600   0.7968   0.000025  (3.3s)
    27      0.0983     1.0000     0.8143    0.7600   0.7913   0.000025  (3.0s)
    28      0.0902     1.0000     0.8396    0.7600   0.8043   0.000025  (3.0s)
    29      0.1003     1.0000     0.8580    0.7600   0.7644   0.000025  (3.2s)
    30      0.0998     1.0000     0.8615    0.7600   0.7968   0.000025  (3.1s)

Early stopping at epoch 30. Best epoch: 15 (val_f1=0.8352)

Best: epoch 15, val_acc=0.7600, val_f1=0.8352
Model saved: /mnt/extended-home/fitra_dosen/2025_iris_fer_taufik/MultimodalEmoLearn/models/benchmark/jaffe_randomsplit/_tmp/m.pth
Test Loss: 0.7505
Test Accuracy: 0.8605
Test Macro F1:    0.8618
Test Micro F1:    0.8605
Test Weighted F1: 0.8632

Classification Report:
              precision    recall  f1-score   support

     neutral       0.60      1.00      0.75         6
       happy       1.00      0.83      0.91         6
         sad       0.80      0.67      0.73         6
       angry       0.86      1.00      0.92         6
     fearful       1.00      0.86      0.92         7
   disgusted       1.00      1.00      1.00         6
   surprised       1.00      0.67      0.80         6

    accuracy                           0.86        43
   macro avg       0.89      0.86      0.86        43
weighted avg       0.90      0.86      0.86        43

    [CNN_TL fold 3/5] macro_f1=0.8618 acc=0.8605
 Epoch  Train Loss  Train Acc   Val Loss   Val Acc   Val F1         LR
---------------------------------------------------------------------------
     1      1.9740     0.1875     1.9711    0.1200   0.0373   0.000050  (3.2s)
     2      1.4022     0.5625     1.9260    0.1600   0.0786   0.000050  (3.0s)
     3      1.0200     0.8056     1.8140    0.2400   0.1463   0.000050  (3.3s)
     4      0.8501     0.9444     1.6928    0.3200   0.2381   0.000050  (3.1s)
     5      0.6315     0.9583     1.6492    0.2400   0.1758   0.000050  (2.9s)
     6      0.5345     0.9792     1.5512    0.4400   0.4000   0.000050  (3.1s)
     7      0.4260     0.9861     1.3783    0.6000   0.5969   0.000050  (2.8s)
     8      0.3522     1.0000     1.2999    0.6000   0.5969   0.000050  (2.8s)
     9      0.3056     0.9931     1.1938    0.6800   0.6502   0.000050  (2.8s)
    10      0.2780     1.0000     1.0984    0.6400   0.6094   0.000050  (2.8s)
    11      0.2221     1.0000     1.0407    0.6400   0.6159   0.000050  (2.8s)
    12      0.2022     1.0000     0.9912    0.6800   0.6524   0.000050  (2.9s)
    13      0.1918     1.0000     0.9462    0.6800   0.6524   0.000050  (2.8s)
    14      0.1699     1.0000     0.8795    0.7200   0.7024   0.000050  (2.8s)
    15      0.1519     1.0000     0.8875    0.7200   0.7024   0.000050  (2.9s)
    16      0.1838     1.0000     0.8886    0.6800   0.6524   0.000050  (3.0s)
    17      0.1480     1.0000     0.8372    0.7200   0.7024   0.000050  (2.9s)
    18      0.1187     1.0000     0.8207    0.7200   0.7024   0.000050  (3.0s)
    19      0.1407     1.0000     0.8285    0.7200   0.7010   0.000050  (3.1s)
    20      0.1603     1.0000     0.8214    0.7200   0.7024   0.000050  (2.8s)
    21      0.1198     1.0000     0.7924    0.7600   0.7541   0.000050  (3.2s)
    22      0.1331     1.0000     0.7966    0.7600   0.7541   0.000050  (3.3s)
    23      0.1071     1.0000     0.7799    0.6800   0.6524   0.000050  (3.1s)
    24      0.1210     1.0000     0.7325    0.7200   0.7024   0.000050  (3.1s)
    25      0.1102     1.0000     0.7355    0.7200   0.7024   0.000050  (2.9s)
    26      0.0713     1.0000     0.7596    0.7200   0.7010   0.000050  (2.8s)
    27      0.0938     1.0000     0.7404    0.7600   0.7541   0.000050  (2.8s)
    28      0.0866     1.0000     0.7241    0.7200   0.6993   0.000050  (3.0s)
    29      0.0837     1.0000     0.7242    0.7600   0.7541   0.000050  (3.1s)
    30      0.0858     1.0000     0.7338    0.7200   0.7010   0.000050  (3.6s)
    31      0.0734     1.0000     0.7423    0.7200   0.7010   0.000025  (3.0s)
    32      0.0813     1.0000     0.7354    0.7200   0.7010   0.000025  (3.0s)
    33      0.0737     1.0000     0.7357    0.7200   0.7010   0.000025  (3.1s)
    34      0.0680     1.0000     0.7264    0.7200   0.7010   0.000025  (3.0s)
    35      0.0853     1.0000     0.7221    0.7600   0.7541   0.000025  (2.8s)
    36      0.0733     1.0000     0.7288    0.7200   0.7010   0.000025  (2.8s)

Early stopping at epoch 36. Best epoch: 21 (val_f1=0.7541)

Best: epoch 21, val_acc=0.7600, val_f1=0.7541
Model saved: /mnt/extended-home/fitra_dosen/2025_iris_fer_taufik/MultimodalEmoLearn/models/benchmark/jaffe_randomsplit/_tmp/m.pth
Test Loss: 0.9705
Test Accuracy: 0.6977
Test Macro F1:    0.6777
Test Micro F1:    0.6977
Test Weighted F1: 0.6800

Classification Report:
              precision    recall  f1-score   support

     neutral       1.00      1.00      1.00         6
       happy       0.71      0.83      0.77         6
         sad       0.40      0.33      0.36         6
       angry       0.56      0.83      0.67         6
     fearful       0.64      1.00      0.78         7
   disgusted       1.00      0.33      0.50         6
   surprised       1.00      0.50      0.67         6

    accuracy                           0.70        43
   macro avg       0.76      0.69      0.68        43
weighted avg       0.76      0.70      0.68        43

    [CNN_TL fold 4/5] macro_f1=0.6777 acc=0.6977
 Epoch  Train Loss  Train Acc   Val Loss   Val Acc   Val F1         LR
---------------------------------------------------------------------------
     1      1.9920     0.1528     1.8718    0.2000   0.0884   0.000050  (3.0s)
     2      1.4380     0.5833     1.7670    0.2400   0.1678   0.000050  (3.1s)
     3      1.1269     0.7917     1.7063    0.3600   0.2238   0.000050  (3.2s)
     4      0.8535     0.8958     1.6010    0.3600   0.2115   0.000050  (3.1s)
     5      0.6930     0.9583     1.5160    0.4000   0.3000   0.000050  (2.9s)
     6      0.5825     0.9792     1.4218    0.4800   0.3784   0.000050  (2.9s)
     7      0.4305     1.0000     1.3154    0.7200   0.6415   0.000050  (3.2s)
     8      0.3520     1.0000     1.1890    0.7600   0.6866   0.000050  (3.1s)
     9      0.2997     1.0000     1.1311    0.7600   0.6992   0.000050  (3.0s)
    10      0.2579     0.9931     1.0534    0.7200   0.6590   0.000050  (3.2s)
    11      0.2504     1.0000     0.9447    0.7200   0.6610   0.000050  (3.2s)
    12      0.2322     1.0000     0.8444    0.8000   0.8025   0.000050  (3.1s)
    13      0.2161     1.0000     0.7791    0.9200   0.9193   0.000050  (3.0s)
    14      0.1986     1.0000     0.7672    0.8800   0.8790   0.000050  (3.0s)
    15      0.1722     1.0000     0.7361    0.8800   0.8790   0.000050  (3.0s)
    16      0.1665     1.0000     0.7431    0.8800   0.8790   0.000050  (3.0s)
    17      0.1536     1.0000     0.7237    0.8400   0.8433   0.000050  (2.9s)
    18      0.1443     1.0000     0.7210    0.8400   0.8433   0.000050  (2.9s)
    19      0.1225     1.0000     0.7142    0.8400   0.8433   0.000050  (3.5s)
    20      0.1184     1.0000     0.7014    0.8400   0.8433   0.000050  (2.8s)
    21      0.1290     1.0000     0.7078    0.8400   0.8433   0.000050  (2.9s)
    22      0.1125     1.0000     0.7031    0.8400   0.8433   0.000050  (2.9s)
    23      0.0943     1.0000     0.6885    0.8400   0.8433   0.000025  (3.0s)
    24      0.1011     1.0000     0.6710    0.8400   0.8433   0.000025  (2.9s)
    25      0.1140     1.0000     0.6556    0.8400   0.8433   0.000025  (3.0s)
    26      0.0883     1.0000     0.6456    0.8800   0.8790   0.000025  (3.1s)
    27      0.1019     1.0000     0.6373    0.8400   0.8433   0.000025  (3.2s)
    28      0.1033     1.0000     0.6299    0.8800   0.8790   0.000025  (3.1s)

Early stopping at epoch 28. Best epoch: 13 (val_f1=0.9193)

Best: epoch 13, val_acc=0.9200, val_f1=0.9193
Model saved: /mnt/extended-home/fitra_dosen/2025_iris_fer_taufik/MultimodalEmoLearn/models/benchmark/jaffe_randomsplit/_tmp/m.pth
Test Loss: 0.7671
Test Accuracy: 0.8372
Test Macro F1:    0.8369
Test Micro F1:    0.8372
Test Weighted F1: 0.8361

Classification Report:
              precision    recall  f1-score   support

     neutral       0.86      1.00      0.92         6
       happy       0.71      0.83      0.77         6
         sad       1.00      0.67      0.80         6
       angry       0.75      1.00      0.86         6
     fearful       0.75      0.86      0.80         7
   disgusted       1.00      0.67      0.80         6
   surprised       1.00      0.83      0.91         6

    accuracy                           0.84        43
   macro avg       0.87      0.84      0.84        43
weighted avg       0.86      0.84      0.84        43

    [CNN_TL fold 5/5] macro_f1=0.8369 acc=0.8372
  CNN_TL             macro_f1=0.8184±0.0731  acc=0.8233±0.0651
 Epoch  Train Loss  Train Acc   Val Loss   Val Acc   Val F1         LR
---------------------------------------------------------------------------
     1      2.0456     0.1667     1.9568    0.1600   0.0914   0.000050  (3.4s)
     2      2.0071     0.1667     1.9601    0.1200   0.1238   0.000050  (3.6s)
     3      2.0721     0.1458     1.9427    0.1200   0.0741   0.000050  (3.1s)
     4      1.8890     0.2153     1.9385    0.1600   0.0746   0.000050  (3.7s)
     5      1.8964     0.2222     1.9463    0.0400   0.0124   0.000050  (3.4s)
     6      1.9150     0.2222     1.9187    0.0800   0.0527   0.000050  (3.6s)
     7      1.8177     0.3056     1.9184    0.2000   0.1381   0.000050  (3.7s)
     8      1.7868     0.2431     1.8902    0.3200   0.2988   0.000050  (3.1s)
     9      1.7882     0.3194     1.8642    0.4000   0.3492   0.000050  (3.2s)
    10      1.7547     0.2778     1.8471    0.3600   0.3571   0.000050  (3.2s)
    11      1.6612     0.3542     1.8224    0.4400   0.5102   0.000050  (3.2s)
    12      1.6430     0.3819     1.8178    0.4800   0.5551   0.000050  (3.4s)
    13      1.6058     0.4236     1.7890    0.5200   0.5757   0.000050  (3.1s)
    14      1.5818     0.4375     1.7709    0.5200   0.5500   0.000050  (3.0s)
    15      1.6301     0.3611     1.7584    0.4400   0.4424   0.000050  (2.9s)
    16      1.5669     0.4583     1.7361    0.5200   0.5361   0.000050  (2.8s)
    17      1.5163     0.4583     1.6972    0.5200   0.5432   0.000050  (2.9s)
    18      1.4659     0.4792     1.6688    0.5600   0.6116   0.000050  (2.9s)
    19      1.3647     0.5694     1.6505    0.5600   0.6130   0.000050  (2.9s)
    20      1.4045     0.5625     1.6273    0.6000   0.6517   0.000050  (2.9s)
    21      1.3484     0.6042     1.6031    0.6400   0.6856   0.000050  (3.5s)
    22      1.3166     0.6181     1.5837    0.6400   0.6865   0.000050  (3.5s)
    23      1.3183     0.6042     1.5722    0.6400   0.6786   0.000050  (3.2s)
    24      1.1369     0.7639     1.5534    0.6400   0.6810   0.000050  (3.6s)
    25      1.1835     0.7222     1.5338    0.6800   0.6793   0.000050  (3.9s)
    26      1.1622     0.7014     1.5136    0.6400   0.6777   0.000050  (2.9s)
    27      1.1137     0.7222     1.4925    0.6800   0.6778   0.000050  (3.2s)
    28      1.0940     0.7639     1.4586    0.5600   0.6185   0.000050  (3.2s)
    29      1.0022     0.7917     1.4464    0.5600   0.6105   0.000050  (3.4s)
    30      1.0074     0.7986     1.3957    0.6000   0.6460   0.000050  (3.6s)
    31      0.9397     0.8056     1.3793    0.7600   0.7454   0.000050  (2.8s)
    32      0.9404     0.8472     1.3566    0.8000   0.8109   0.000050  (3.0s)
    33      0.8556     0.8819     1.3395    0.7600   0.7777   0.000050  (3.0s)
    34      0.9032     0.8264     1.3166    0.7200   0.7182   0.000050  (3.3s)
    35      0.7823     0.8958     1.3061    0.7600   0.7826   0.000050  (3.3s)
    36      0.8234     0.8958     1.2882    0.7600   0.7554   0.000050  (3.1s)
    37      0.7832     0.9167     1.2748    0.7600   0.7554   0.000050  (2.9s)
    38      0.7882     0.8750     1.2401    0.7200   0.7168   0.000050  (3.1s)
    39      0.7431     0.9028     1.2078    0.6800   0.7158   0.000050  (2.9s)
    40      0.6929     0.9236     1.1936    0.7600   0.7759   0.000050  (2.8s)
    41      0.7065     0.9444     1.1716    0.7600   0.7718   0.000050  (3.5s)
    42      0.6618     0.9375     1.1781    0.7600   0.7759   0.000025  (3.3s)
    43      0.6841     0.9236     1.1589    0.8000   0.8084   0.000025  (3.0s)
    44      0.6382     0.9583     1.1651    0.8000   0.8084   0.000025  (2.9s)
    45      0.5638     0.9514     1.1609    0.8000   0.8084   0.000025  (3.2s)
    46      0.5629     0.9792     1.1500    0.8000   0.8084   0.000025  (3.0s)
    47      0.5935     0.9514     1.1369    0.8000   0.8035   0.000025  (3.2s)

Early stopping at epoch 47. Best epoch: 32 (val_f1=0.8109)

Best: epoch 32, val_acc=0.8000, val_f1=0.8109
Model saved: /mnt/extended-home/fitra_dosen/2025_iris_fer_taufik/MultimodalEmoLearn/models/benchmark/jaffe_randomsplit/_tmp/m.pth
Test Loss: 1.3691
Test Accuracy: 0.7209
Test Macro F1:    0.7326
Test Micro F1:    0.7209
Test Weighted F1: 0.7311

Classification Report:
              precision    recall  f1-score   support

     neutral       0.42      0.83      0.56         6
       happy       0.80      0.67      0.73         6
         sad       0.60      0.50      0.55         6
       angry       0.83      0.83      0.83         6
     fearful       0.80      0.57      0.67         7
   disgusted       1.00      0.67      0.80         6
   surprised       1.00      1.00      1.00         6

    accuracy                           0.72        43
   macro avg       0.78      0.72      0.73        43
weighted avg       0.78      0.72      0.73        43

    [Intermediate_TL fold 1/5] macro_f1=0.7326 acc=0.7209
 Epoch  Train Loss  Train Acc   Val Loss   Val Acc   Val F1         LR
---------------------------------------------------------------------------
     1      2.1370     0.1597     1.9342    0.1600   0.0777   0.000050  (3.8s)
     2      2.0812     0.1458     1.9293    0.1600   0.0777   0.000050  (3.3s)
     3      1.9800     0.1319     1.9423    0.2000   0.0908   0.000050  (3.3s)
     4      1.8966     0.2569     1.9596    0.2400   0.1071   0.000050  (3.2s)
     5      1.8854     0.2847     1.9661    0.2800   0.1293   0.000050  (3.7s)
     6      1.9111     0.2153     1.9474    0.2000   0.0980   0.000050  (3.2s)
     7      1.8731     0.2847     1.9133    0.2800   0.2043   0.000050  (3.5s)
     8      1.8252     0.2639     1.8831    0.3200   0.2891   0.000050  (3.1s)
     9      1.7681     0.2986     1.8409    0.4000   0.3864   0.000050  (3.1s)
    10      1.7535     0.3264     1.7862    0.4400   0.4266   0.000050  (3.2s)
    11      1.7138     0.3889     1.7423    0.6000   0.5446   0.000050  (3.0s)
    12      1.6392     0.3611     1.7177    0.6000   0.5381   0.000050  (3.5s)
    13      1.7341     0.3472     1.6864    0.5600   0.4912   0.000050  (3.3s)
    14      1.5704     0.4375     1.6460    0.6000   0.5143   0.000050  (3.1s)
    15      1.5574     0.4653     1.6207    0.6000   0.5098   0.000050  (3.4s)
    16      1.5685     0.4444     1.6088    0.5600   0.4643   0.000050  (3.5s)
    17      1.5587     0.4306     1.6039    0.5600   0.4643   0.000050  (2.9s)
    18      1.4532     0.5556     1.5790    0.6000   0.5105   0.000050  (3.5s)
    19      1.4075     0.5417     1.5576    0.6000   0.5816   0.000050  (3.0s)
    20      1.4439     0.5208     1.5149    0.6400   0.6143   0.000050  (3.7s)
    21      1.4197     0.4514     1.4548    0.7200   0.6748   0.000050  (3.5s)
    22      1.3446     0.6111     1.3955    0.7600   0.6985   0.000050  (3.4s)
    23      1.2438     0.6597     1.3652    0.7600   0.6985   0.000050  (3.2s)
    24      1.2289     0.6667     1.3406    0.7200   0.6690   0.000050  (3.0s)
    25      1.3105     0.6597     1.3175    0.7600   0.7116   0.000050  (3.3s)
    26      1.2464     0.6806     1.3223    0.8000   0.7524   0.000050  (3.0s)
    27      1.1849     0.6806     1.2920    0.8400   0.8119   0.000050  (3.6s)
    28      1.1250     0.7222     1.2531    0.8400   0.8074   0.000050  (3.0s)
    29      1.0742     0.7361     1.2392    0.8400   0.8306   0.000050  (3.1s)
    30      1.0771     0.7847     1.2068    0.7600   0.7291   0.000050  (3.4s)
    31      0.9991     0.7778     1.2086    0.7600   0.7251   0.000050  (3.2s)
    32      1.0238     0.7708     1.1798    0.8000   0.7779   0.000050  (3.0s)
    33      0.9532     0.8264     1.1946    0.8000   0.7779   0.000050  (3.9s)
    34      0.8868     0.8472     1.1841    0.8000   0.7741   0.000050  (3.5s)
    35      0.8377     0.9028     1.1591    0.8000   0.7741   0.000050  (3.1s)
    36      0.8432     0.8889     1.1254    0.8400   0.8218   0.000050  (3.3s)
    37      0.8554     0.8889     1.0918    0.8400   0.8218   0.000050  (2.9s)
    38      0.8095     0.8889     1.0620    0.8400   0.8218   0.000050  (3.1s)
    39      0.7574     0.9236     1.0523    0.8400   0.8218   0.000025  (3.0s)
    40      0.7195     0.9444     1.0680    0.8400   0.8218   0.000025  (3.6s)
    41      0.7732     0.9375     1.0493    0.8400   0.8218   0.000025  (3.5s)
    42      0.7246     0.9306     1.0201    0.8400   0.8218   0.000025  (3.0s)
    43      0.7122     0.9375     1.0219    0.8400   0.8218   0.000025  (3.5s)
    44      0.7219     0.9028     1.0136    0.8400   0.8218   0.000025  (3.1s)

Early stopping at epoch 44. Best epoch: 29 (val_f1=0.8306)

Best: epoch 29, val_acc=0.8400, val_f1=0.8306
Model saved: /mnt/extended-home/fitra_dosen/2025_iris_fer_taufik/MultimodalEmoLearn/models/benchmark/jaffe_randomsplit/_tmp/m.pth
Test Loss: 1.3496
Test Accuracy: 0.7209
Test Macro F1:    0.7198
Test Micro F1:    0.7209
Test Weighted F1: 0.7224

Classification Report:
              precision    recall  f1-score   support

     neutral       0.57      0.67      0.62         6
       happy       0.86      1.00      0.92         6
         sad       0.60      0.50      0.55         6
       angry       0.80      0.67      0.73         6
     fearful       1.00      0.71      0.83         7
   disgusted       0.80      0.67      0.73         6
   surprised       0.56      0.83      0.67         6

    accuracy                           0.72        43
   macro avg       0.74      0.72      0.72        43
weighted avg       0.75      0.72      0.72        43

    [Intermediate_TL fold 2/5] macro_f1=0.7198 acc=0.7209
 Epoch  Train Loss  Train Acc   Val Loss   Val Acc   Val F1         LR
---------------------------------------------------------------------------
     1      2.0327     0.1528     1.9718    0.1600   0.0849   0.000050  (3.6s)
     2      1.9788     0.1806     1.9882    0.0800   0.0918   0.000050  (2.9s)
     3      2.0344     0.1111     1.9928    0.0400   0.0714   0.000050  (3.4s)
     4      1.8431     0.2778     1.9983    0.1200   0.0816   0.000050  (3.4s)
     5      1.9072     0.2222     1.9965    0.2000   0.1817   0.000050  (3.3s)
     6      1.8976     0.2292     1.9560    0.2400   0.2817   0.000050  (3.3s)
     7      1.8652     0.2569     1.9736    0.0800   0.0336   0.000050  (3.1s)
     8      1.8020     0.2708     1.9733    0.1600   0.1690   0.000050  (3.4s)
     9      1.7745     0.3333     1.9539    0.2000   0.2262   0.000050  (3.3s)
    10      1.7323     0.2986     1.9241    0.2400   0.2397   0.000050  (3.2s)
    11      1.8054     0.2778     1.9016    0.2400   0.2645   0.000050  (3.1s)
    12      1.7504     0.2569     1.8748    0.2400   0.2136   0.000050  (3.1s)
    13      1.6372     0.4028     1.8667    0.2800   0.2663   0.000050  (3.3s)
    14      1.6467     0.4028     1.8584    0.2800   0.2516   0.000050  (3.2s)
    15      1.6154     0.4097     1.8415    0.2400   0.2133   0.000050  (3.2s)
    16      1.4974     0.5139     1.8166    0.2400   0.2244   0.000025  (3.3s)
    17      1.4918     0.4792     1.7858    0.3600   0.3228   0.000025  (3.4s)
    18      1.4982     0.4861     1.7853    0.3600   0.3122   0.000025  (3.3s)
    19      1.4858     0.4931     1.7671    0.3600   0.3664   0.000025  (3.3s)
    20      1.4539     0.4861     1.7603    0.4400   0.4218   0.000025  (3.0s)
    21      1.4362     0.5694     1.7442    0.3600   0.3639   0.000025  (3.1s)
    22      1.4111     0.5694     1.7338    0.4000   0.4234   0.000025  (3.6s)
    23      1.4078     0.5278     1.7321    0.4000   0.4234   0.000025  (3.0s)
    24      1.4121     0.5347     1.7062    0.4400   0.4585   0.000025  (3.6s)
    25      1.4432     0.5417     1.6930    0.4400   0.4776   0.000025  (3.0s)
    26      1.2382     0.6944     1.6795    0.5600   0.6139   0.000025  (3.3s)
    27      1.2796     0.6042     1.6720    0.5600   0.6136   0.000025  (2.9s)
    28      1.2943     0.6319     1.6566    0.4800   0.5357   0.000025  (3.0s)
    29      1.2506     0.6042     1.6346    0.5200   0.5349   0.000025  (2.9s)
    30      1.2351     0.6944     1.6204    0.5200   0.5540   0.000025  (2.9s)
    31      1.2386     0.6389     1.5905    0.5600   0.5833   0.000025  (2.9s)
    32      1.2410     0.6319     1.5852    0.6000   0.6110   0.000025  (2.9s)
    33      1.1582     0.6736     1.5780    0.6000   0.6110   0.000025  (2.9s)
    34      1.1554     0.6458     1.5790    0.5200   0.5690   0.000025  (2.9s)
    35      1.1438     0.7431     1.5408    0.6000   0.6093   0.000025  (3.0s)
    36      1.1184     0.7847     1.5292    0.6000   0.6089   0.000013  (2.9s)
    37      1.0946     0.7708     1.5335    0.6000   0.6093   0.000013  (2.8s)
    38      1.0760     0.7986     1.5186    0.6000   0.6063   0.000013  (2.8s)
    39      1.1297     0.6944     1.5046    0.6000   0.6085   0.000013  (2.9s)
    40      1.1055     0.7500     1.5049    0.6000   0.6089   0.000013  (3.0s)
    41      1.0019     0.7847     1.4953    0.6000   0.6089   0.000013  (3.2s)

Early stopping at epoch 41. Best epoch: 26 (val_f1=0.6139)

Best: epoch 26, val_acc=0.5600, val_f1=0.6139
Model saved: /mnt/extended-home/fitra_dosen/2025_iris_fer_taufik/MultimodalEmoLearn/models/benchmark/jaffe_randomsplit/_tmp/m.pth
Test Loss: 1.5136
Test Accuracy: 0.6512
Test Macro F1:    0.6506
Test Micro F1:    0.6512
Test Weighted F1: 0.6534

Classification Report:
              precision    recall  f1-score   support

     neutral       0.33      0.83      0.48         6
       happy       1.00      0.67      0.80         6
         sad       1.00      0.17      0.29         6
       angry       1.00      0.83      0.91         6
     fearful       0.83      0.71      0.77         7
   disgusted       0.62      0.83      0.71         6
   surprised       0.75      0.50      0.60         6

    accuracy                           0.65        43
   macro avg       0.79      0.65      0.65        43
weighted avg       0.79      0.65      0.65        43

    [Intermediate_TL fold 3/5] macro_f1=0.6506 acc=0.6512
 Epoch  Train Loss  Train Acc   Val Loss   Val Acc   Val F1         LR
---------------------------------------------------------------------------
     1      2.1335     0.1181     1.9487    0.0800   0.0686   0.000050  (3.1s)
     2      2.1168     0.1389     1.9512    0.0800   0.0762   0.000050  (2.9s)
     3      2.0175     0.1736     1.9354    0.2000   0.1206   0.000050  (2.9s)
     4      1.9342     0.2222     1.9169    0.0800   0.0357   0.000050  (2.9s)
     5      1.9187     0.2778     1.9136    0.0400   0.0220   0.000050  (2.9s)
     6      1.8976     0.2500     1.8750    0.1600   0.1216   0.000050  (2.9s)
     7      1.8615     0.2431     1.8547    0.2800   0.2524   0.000050  (2.8s)
     8      1.8188     0.3125     1.8423    0.3600   0.3332   0.000050  (2.9s)
     9      1.8313     0.2361     1.8177    0.4400   0.3956   0.000050  (2.9s)
    10      1.8621     0.2847     1.7857    0.4400   0.3833   0.000050  (2.9s)
    11      1.7537     0.3056     1.7595    0.4800   0.4460   0.000050  (2.8s)
    12      1.7076     0.4028     1.7351    0.5600   0.5758   0.000050  (3.1s)
    13      1.6810     0.3750     1.7186    0.5200   0.5265   0.000050  (2.9s)
    14      1.6474     0.4097     1.7152    0.5600   0.5762   0.000050  (2.8s)
    15      1.6555     0.4028     1.6753    0.4800   0.5197   0.000050  (2.8s)
    16      1.5753     0.4861     1.6606    0.6000   0.6143   0.000050  (2.9s)
    17      1.5207     0.4444     1.6324    0.6400   0.6432   0.000050  (3.1s)
    18      1.5898     0.4514     1.5981    0.5600   0.5702   0.000050  (2.9s)
    19      1.5365     0.4722     1.5722    0.6000   0.5786   0.000050  (3.0s)
    20      1.4401     0.5417     1.5483    0.7200   0.7075   0.000050  (3.1s)
    21      1.4286     0.5625     1.5424    0.6400   0.6531   0.000050  (3.0s)
    22      1.4083     0.5625     1.5419    0.6400   0.6440   0.000050  (2.9s)
    23      1.3674     0.5903     1.5043    0.6800   0.6780   0.000050  (2.8s)
    24      1.3624     0.5833     1.4792    0.6400   0.6440   0.000050  (2.9s)
    25      1.2755     0.6458     1.4637    0.6800   0.7018   0.000050  (3.0s)
    26      1.2362     0.6597     1.4263    0.7200   0.7000   0.000050  (2.9s)
    27      1.2018     0.7222     1.4014    0.7200   0.7095   0.000050  (2.8s)
    28      1.1503     0.7500     1.3705    0.6800   0.6524   0.000050  (2.8s)
    29      1.1403     0.6944     1.3497    0.6800   0.6524   0.000050  (2.8s)
    30      1.1145     0.7986     1.3327    0.6800   0.6667   0.000050  (2.9s)
    31      1.0493     0.7778     1.2715    0.6800   0.6667   0.000050  (2.9s)
    32      1.0457     0.7639     1.2075    0.7200   0.7024   0.000050  (2.9s)
    33      1.0343     0.7778     1.1722    0.7600   0.7449   0.000050  (3.1s)
    34      0.9531     0.8403     1.1565    0.7600   0.7449   0.000050  (3.1s)
    35      0.9595     0.7708     1.1620    0.7600   0.7449   0.000050  (2.9s)
    36      0.8905     0.9028     1.1563    0.8000   0.7980   0.000050  (3.0s)
    37      0.8903     0.8333     1.1683    0.8000   0.7980   0.000050  (3.0s)
    38      0.8678     0.8542     1.1469    0.8000   0.7980   0.000050  (3.0s)
    39      0.8293     0.8958     1.1181    0.7600   0.7449   0.000050  (2.8s)
    40      0.7669     0.9097     1.1185    0.7600   0.7541   0.000050  (2.8s)
    41      0.7117     0.9514     1.0937    0.7600   0.7449   0.000050  (2.8s)
    42      0.7163     0.9236     1.0814    0.8000   0.7980   0.000050  (3.3s)
    43      0.6389     0.9722     1.0678    0.8000   0.7980   0.000050  (2.8s)
    44      0.6883     0.9306     1.0568    0.8000   0.7980   0.000050  (2.9s)
    45      0.6108     0.9861     1.0631    0.8000   0.7925   0.000050  (2.8s)
    46      0.6023     0.9722     1.0205    0.8000   0.7925   0.000025  (2.9s)
    47      0.5881     0.9722     1.0072    0.8000   0.7925   0.000025  (2.9s)
    48      0.6344     0.9583     0.9932    0.8000   0.7925   0.000025  (2.9s)
    49      0.5793     0.9792     0.9941    0.8000   0.7925   0.000025  (2.8s)
    50      0.5633     0.9792     1.0047    0.8000   0.7925   0.000025  (3.1s)

Best: epoch 36, val_acc=0.8000, val_f1=0.7980
Model saved: /mnt/extended-home/fitra_dosen/2025_iris_fer_taufik/MultimodalEmoLearn/models/benchmark/jaffe_randomsplit/_tmp/m.pth
Test Loss: 1.3652
Test Accuracy: 0.6279
Test Macro F1:    0.6099
Test Micro F1:    0.6279
Test Weighted F1: 0.6126

Classification Report:
              precision    recall  f1-score   support

     neutral       0.67      1.00      0.80         6
       happy       0.83      0.83      0.83         6
         sad       0.43      0.50      0.46         6
       angry       0.50      0.83      0.62         6
     fearful       1.00      0.57      0.73         7
   disgusted       0.33      0.17      0.22         6
   surprised       0.75      0.50      0.60         6

    accuracy                           0.63        43
   macro avg       0.64      0.63      0.61        43
weighted avg       0.65      0.63      0.61        43

    [Intermediate_TL fold 4/5] macro_f1=0.6099 acc=0.6279
 Epoch  Train Loss  Train Acc   Val Loss   Val Acc   Val F1         LR
---------------------------------------------------------------------------
     1      2.0436     0.2083     1.9503    0.1200   0.0330   0.000050  (3.3s)
     2      1.9401     0.2361     1.9627    0.0800   0.0357   0.000050  (3.1s)
     3      2.0086     0.2014     1.9548    0.1200   0.1450   0.000050  (3.0s)
     4      1.9403     0.1806     1.9458    0.0400   0.0260   0.000050  (3.1s)
     5      1.9145     0.2639     1.9333    0.1200   0.0536   0.000050  (2.9s)
     6      1.9114     0.2292     1.8832    0.2800   0.2857   0.000050  (2.8s)
     7      1.8305     0.2986     1.8489    0.3600   0.3082   0.000050  (3.4s)
     8      1.8141     0.2847     1.8291    0.3200   0.2776   0.000050  (3.1s)
     9      1.7892     0.2708     1.8155    0.3200   0.2810   0.000050  (3.0s)
    10      1.7807     0.3403     1.8106    0.4400   0.3844   0.000050  (2.9s)
    11      1.7748     0.2917     1.7995    0.4400   0.3950   0.000050  (2.9s)
    12      1.6993     0.3403     1.7650    0.4800   0.4612   0.000050  (3.0s)
    13      1.6719     0.3889     1.7458    0.4800   0.4429   0.000050  (3.2s)
    14      1.6566     0.3611     1.7327    0.4800   0.4362   0.000050  (2.9s)
    15      1.6086     0.4097     1.6919    0.4800   0.4363   0.000050  (2.8s)
    16      1.5854     0.4306     1.6635    0.5200   0.5289   0.000050  (3.0s)
    17      1.4901     0.4931     1.6303    0.6000   0.6105   0.000050  (3.1s)
    18      1.5214     0.4722     1.6009    0.6000   0.6166   0.000050  (2.9s)
    19      1.4462     0.5069     1.5623    0.6800   0.6881   0.000050  (3.1s)
    20      1.4053     0.5694     1.5361    0.7200   0.7242   0.000050  (3.0s)
    21      1.3651     0.5903     1.5006    0.7200   0.7082   0.000050  (2.9s)
    22      1.3065     0.6181     1.4771    0.7200   0.7082   0.000050  (3.0s)
    23      1.3100     0.5764     1.4632    0.7600   0.7541   0.000050  (3.3s)
    24      1.2525     0.6250     1.4593    0.7200   0.7312   0.000050  (3.0s)
    25      1.2652     0.6181     1.4391    0.7200   0.7160   0.000050  (2.9s)
    26      1.2106     0.6528     1.4098    0.6800   0.6961   0.000050  (3.3s)
    27      1.1430     0.7014     1.3637    0.7600   0.7667   0.000050  (2.8s)
    28      1.1370     0.6875     1.3405    0.7600   0.7667   0.000050  (3.1s)
    29      1.1437     0.7014     1.3077    0.8000   0.8103   0.000050  (2.8s)
    30      1.0309     0.7500     1.3024    0.7600   0.7525   0.000050  (3.2s)
    31      1.0740     0.7500     1.2387    0.7600   0.7525   0.000050  (3.1s)
    32      1.0102     0.7847     1.1866    0.7600   0.7525   0.000050  (3.0s)
    33      0.9908     0.8125     1.1902    0.7600   0.7525   0.000050  (2.8s)
    34      0.9124     0.8264     1.1520    0.7200   0.7194   0.000050  (2.9s)
    35      0.8447     0.8403     1.1181    0.8000   0.7880   0.000050  (2.9s)
    36      0.8110     0.9444     1.0946    0.8000   0.7929   0.000050  (2.9s)
    37      0.8940     0.8542     1.1137    0.8000   0.7929   0.000050  (2.8s)
    38      0.8414     0.8681     1.0735    0.8400   0.8254   0.000050  (2.8s)
    39      0.7947     0.9167     1.0535    0.8400   0.8254   0.000050  (3.0s)
    40      0.7898     0.8819     1.0410    0.7600   0.7619   0.000050  (2.9s)
    41      0.6730     0.9583     1.0562    0.7600   0.7554   0.000050  (3.1s)
    42      0.7356     0.9444     1.0206    0.8000   0.7929   0.000050  (3.0s)
    43      0.6388     0.9583     1.0024    0.8000   0.7929   0.000050  (2.8s)
    44      0.6346     0.9792     0.9999    0.8400   0.8510   0.000050  (3.0s)
    45      0.6556     0.9375     0.9815    0.8400   0.8510   0.000050  (2.9s)
    46      0.6571     0.9583     0.9730    0.8000   0.7863   0.000050  (2.8s)
    47      0.5732     0.9792     0.9580    0.8400   0.8411   0.000050  (2.9s)
    48      0.5895     0.9792     0.9467    0.8400   0.8357   0.000050  (3.0s)
    49      0.5333     0.9722     0.8992    0.8800   0.8674   0.000050  (3.0s)
    50      0.6067     0.9653     0.8724    0.8400   0.8237   0.000050  (3.3s)

Best: epoch 49, val_acc=0.8800, val_f1=0.8674
Model saved: /mnt/extended-home/fitra_dosen/2025_iris_fer_taufik/MultimodalEmoLearn/models/benchmark/jaffe_randomsplit/_tmp/m.pth
Test Loss: 0.8469
Test Accuracy: 0.8837
Test Macro F1:    0.8796
Test Micro F1:    0.8837
Test Weighted F1: 0.8824

Classification Report:
              precision    recall  f1-score   support

     neutral       0.75      1.00      0.86         6
       happy       0.83      0.83      0.83         6
         sad       0.67      0.67      0.67         6
       angry       1.00      1.00      1.00         6
     fearful       1.00      1.00      1.00         7
   disgusted       1.00      0.67      0.80         6
   surprised       1.00      1.00      1.00         6

    accuracy                           0.88        43
   macro avg       0.89      0.88      0.88        43
weighted avg       0.90      0.88      0.88        43

    [Intermediate_TL fold 5/5] macro_f1=0.8796 acc=0.8837
  Intermediate_TL    macro_f1=0.7185±0.0922  acc=0.7209±0.0895
 Epoch  Train Loss  Train Acc   Val Loss   Val Acc   Val F1         LR
---------------------------------------------------------------------------
     1      2.1206     0.1389     1.9431    0.2400   0.0553   0.000100  (3.5s)
     2      2.0101     0.1806     1.9345    0.2400   0.0553   0.000100  (3.6s)
     3      1.9637     0.2153     1.9527    0.2400   0.0553   0.000100  (3.1s)
     4      1.9946     0.2153     1.9440    0.2400   0.0553   0.000100  (3.1s)
     5      1.9458     0.2222     1.9424    0.2400   0.0553   0.000100  (3.0s)
     6      1.9110     0.2292     1.9192    0.2800   0.1016   0.000100  (3.2s)
     7      1.8409     0.2778     1.8961    0.2400   0.0992   0.000100  (3.7s)
     8      1.8682     0.2361     1.8444    0.2800   0.1120   0.000100  (3.3s)
     9      1.7521     0.3056     1.8218    0.2800   0.1154   0.000100  (3.6s)
    10      1.6491     0.3889     1.8064    0.2800   0.1967   0.000100  (3.7s)
    11      1.6006     0.4444     1.7826    0.2800   0.1960   0.000100  (3.6s)
    12      1.5881     0.4236     1.7549    0.3200   0.1769   0.000100  (3.4s)
    13      1.6513     0.3611     1.7370    0.3600   0.2490   0.000100  (3.1s)
    14      1.5707     0.4236     1.7356    0.4800   0.3714   0.000100  (3.7s)
    15      1.5736     0.4306     1.7190    0.4800   0.4589   0.000100  (4.0s)
    16      1.5051     0.4722     1.6988    0.4000   0.3597   0.000100  (3.6s)
    17      1.4993     0.4792     1.6993    0.4400   0.4269   0.000100  (3.3s)
    18      1.4056     0.5278     1.6843    0.4000   0.3658   0.000100  (3.2s)
    19      1.4134     0.5069     1.6671    0.4000   0.3099   0.000100  (3.3s)
    20      1.3679     0.5208     1.6305    0.4000   0.3204   0.000100  (3.2s)
    21      1.2975     0.5833     1.6287    0.4800   0.3813   0.000100  (4.3s)
    22      1.2669     0.5625     1.6222    0.4000   0.3374   0.000100  (3.6s)
    23      1.2648     0.5208     1.6170    0.3600   0.2976   0.000100  (3.5s)
    24      1.2239     0.5625     1.5993    0.4400   0.3224   0.000100  (3.5s)
    25      1.2336     0.6042     1.5689    0.4000   0.2843   0.000050  (3.2s)
    26      1.1661     0.6458     1.5453    0.4400   0.3065   0.000050  (3.4s)
    27      1.1262     0.6111     1.5301    0.4000   0.2694   0.000050  (3.1s)
    28      1.1068     0.6736     1.5262    0.4400   0.3538   0.000050  (3.2s)
    29      1.1180     0.6667     1.5050    0.4400   0.3711   0.000050  (3.0s)
    30      1.1514     0.5903     1.5026    0.4400   0.3664   0.000050  (3.1s)

Early stopping at epoch 30. Best epoch: 15 (val_f1=0.4589)

Best: epoch 15, val_acc=0.4800, val_f1=0.4589
Model saved: /mnt/extended-home/fitra_dosen/2025_iris_fer_taufik/MultimodalEmoLearn/models/benchmark/jaffe_randomsplit/_tmp/cnn.pth
 Epoch  Train Loss  Train Acc   Val Loss   Val Acc   Val F1         LR
---------------------------------------------------------------------------
     1      2.0451     0.1736     1.9448    0.1200   0.0306   0.000100  (0.0s)
     2      2.0411     0.0972     1.9302    0.2000   0.0476   0.000100  (0.0s)
     3      1.9968     0.1528     1.9239    0.2000   0.0476   0.000100  (0.0s)
     4      1.9466     0.2083     1.9174    0.2000   0.0476   0.000100  (0.1s)
     5      1.9321     0.2361     1.9161    0.2000   0.0476   0.000100  (0.1s)
     6      1.8693     0.2431     1.9121    0.2000   0.0493   0.000100  (0.0s)
     7      1.9419     0.1944     1.8889    0.1600   0.0595   0.000100  (0.0s)
     8      1.9412     0.1597     1.8513    0.3200   0.1563   0.000100  (0.1s)
     9      1.8596     0.2431     1.8011    0.3600   0.2452   0.000100  (0.0s)
    10      1.8223     0.2708     1.7703    0.4400   0.4070   0.000100  (0.0s)
    11      1.8107     0.2569     1.7563    0.4000   0.4353   0.000100  (0.0s)
    12      1.7499     0.3889     1.7245    0.4000   0.3970   0.000100  (0.0s)
    13      1.8205     0.2708     1.7093    0.4400   0.4074   0.000100  (0.1s)
    14      1.7839     0.2986     1.6716    0.4400   0.4249   0.000100  (0.1s)
    15      1.7924     0.3056     1.6362    0.5200   0.5027   0.000100  (0.0s)
    16      1.6648     0.3819     1.6694    0.4400   0.4703   0.000100  (0.0s)
    17      1.6982     0.3819     1.6598    0.3200   0.2678   0.000100  (0.1s)
    18      1.6003     0.4583     1.6724    0.3600   0.3162   0.000100  (0.1s)
    19      1.6566     0.3750     1.6715    0.4000   0.3555   0.000100  (0.0s)
    20      1.6104     0.4028     1.6158    0.4800   0.4944   0.000100  (0.0s)
    21      1.5897     0.4028     1.5717    0.6000   0.5175   0.000100  (0.0s)
    22      1.6152     0.4236     1.5589    0.5200   0.4803   0.000100  (0.0s)
    23      1.5443     0.4444     1.5826    0.3600   0.3241   0.000100  (0.0s)
    24      1.5140     0.4653     1.5762    0.4000   0.3784   0.000100  (0.0s)
    25      1.4493     0.5417     1.5502    0.5200   0.5363   0.000100  (0.1s)
    26      1.5391     0.4236     1.5429    0.4400   0.4000   0.000100  (0.1s)
    27      1.4661     0.5000     1.6163    0.3600   0.3029   0.000100  (0.0s)
    28      1.4373     0.5486     1.5974    0.4000   0.3559   0.000100  (0.0s)
    29      1.3950     0.5069     1.5743    0.3200   0.2777   0.000100  (0.1s)
    30      1.4616     0.4583     1.4675    0.5600   0.5611   0.000100  (0.1s)
    31      1.4287     0.4792     1.4286    0.5600   0.5673   0.000100  (0.0s)
    32      1.3730     0.5139     1.4687    0.4400   0.4422   0.000100  (0.0s)
    33      1.3739     0.5694     1.4712    0.4400   0.4122   0.000100  (0.0s)
    34      1.3903     0.5764     1.4576    0.4400   0.4145   0.000100  (0.0s)
    35      1.3199     0.5764     1.5155    0.3200   0.2920   0.000100  (0.0s)
    36      1.3904     0.5556     1.5256    0.2800   0.2600   0.000100  (0.1s)
    37      1.3367     0.5139     1.4678    0.4000   0.3769   0.000100  (0.1s)
    38      1.2582     0.5694     1.4560    0.5200   0.4831   0.000100  (0.0s)
    39      1.2677     0.5764     1.4127    0.5200   0.4752   0.000100  (0.0s)
    40      1.2059     0.6458     1.3811    0.5200   0.4762   0.000100  (0.0s)
    41      1.2684     0.5694     1.3425    0.6000   0.5661   0.000050  (0.1s)
    42      1.2395     0.5972     1.2975    0.6000   0.5656   0.000050  (0.0s)
    43      1.1836     0.6042     1.2861    0.5200   0.5143   0.000050  (0.0s)
    44      1.2478     0.5903     1.3004    0.4800   0.4817   0.000050  (0.0s)
    45      1.2821     0.5694     1.2839    0.5600   0.5816   0.000050  (0.0s)
    46      1.2849     0.5000     1.2695    0.6800   0.6585   0.000050  (0.0s)
    47      1.1608     0.5764     1.2990    0.6400   0.6251   0.000050  (0.0s)
    48      1.1728     0.6667     1.2997    0.6000   0.5847   0.000050  (0.1s)
    49      1.2104     0.5556     1.3160    0.5600   0.5515   0.000050  (0.1s)
    50      1.2414     0.5694     1.3189    0.5200   0.5135   0.000050  (0.1s)

Best: epoch 46, val_acc=0.6800, val_f1=0.6585
Model saved: /mnt/extended-home/fitra_dosen/2025_iris_fer_taufik/MultimodalEmoLearn/models/benchmark/jaffe_randomsplit/_tmp/fcnn.pth
    [Late_Fusion fold 1/5] macro_f1=0.5798 acc=0.5814
 Epoch  Train Loss  Train Acc   Val Loss   Val Acc   Val F1         LR
---------------------------------------------------------------------------
     1      2.1717     0.1667     1.9564    0.0800   0.0212   0.000100  (3.7s)
     2      2.0594     0.1736     1.9603    0.0800   0.0212   0.000100  (3.6s)
     3      2.0145     0.1944     1.9487    0.2000   0.0476   0.000100  (3.4s)
     4      1.8817     0.2292     1.9499    0.2000   0.0476   0.000100  (3.5s)
     5      1.9458     0.2153     1.9643    0.1200   0.0524   0.000100  (3.2s)
     6      1.8671     0.2500     1.9319    0.1200   0.0539   0.000100  (3.6s)
     7      1.8404     0.2917     1.8952    0.1600   0.1148   0.000100  (3.7s)
     8      1.8346     0.2986     1.8338    0.2000   0.1395   0.000100  (3.7s)
     9      1.7705     0.2778     1.8036    0.2400   0.1807   0.000100  (3.7s)
    10      1.8079     0.3125     1.7455    0.2800   0.2190   0.000100  (3.7s)
    11      1.6760     0.3056     1.7073    0.3600   0.3437   0.000100  (3.6s)
    12      1.6583     0.3542     1.7025    0.4000   0.3912   0.000100  (3.7s)
    13      1.5855     0.4167     1.6867    0.4000   0.4023   0.000100  (3.5s)
    14      1.5930     0.4028     1.6398    0.5200   0.4727   0.000100  (3.5s)
    15      1.5742     0.3681     1.5912    0.5200   0.5021   0.000100  (3.8s)
    16      1.5223     0.4097     1.5169    0.5200   0.4663   0.000100  (3.8s)
    17      1.4584     0.5000     1.4735    0.5200   0.4604   0.000100  (3.3s)
    18      1.4617     0.5278     1.4644    0.5600   0.5008   0.000100  (3.2s)
    19      1.5344     0.4792     1.4421    0.5200   0.4714   0.000100  (4.1s)
    20      1.4048     0.4931     1.4185    0.5200   0.4714   0.000100  (3.1s)
    21      1.3132     0.5764     1.4045    0.5600   0.5139   0.000100  (3.4s)
    22      1.3641     0.5139     1.3878    0.5600   0.5063   0.000100  (3.4s)
    23      1.2533     0.5764     1.3546    0.5600   0.5219   0.000100  (3.4s)
    24      1.2645     0.5347     1.3257    0.5200   0.4727   0.000100  (3.5s)
    25      1.2770     0.5764     1.3015    0.6400   0.6136   0.000100  (3.2s)
    26      1.1724     0.6250     1.2795    0.6400   0.6136   0.000100  (3.5s)
    27      1.1364     0.6319     1.3251    0.5600   0.5244   0.000100  (3.2s)
    28      1.1659     0.6389     1.3045    0.5600   0.5067   0.000100  (3.2s)
    29      1.0695     0.6597     1.2883    0.5600   0.5108   0.000100  (3.1s)
    30      1.1125     0.6458     1.2309    0.5600   0.5037   0.000100  (3.1s)
    31      1.0267     0.6597     1.1917    0.5600   0.5037   0.000100  (3.2s)
    32      0.9982     0.7014     1.1825    0.6800   0.6071   0.000100  (3.1s)
    33      0.9678     0.7222     1.1626    0.6000   0.5370   0.000100  (3.2s)
    34      0.9171     0.7292     1.1402    0.6400   0.5806   0.000100  (3.3s)
    35      0.9955     0.6667     1.1304    0.6400   0.5806   0.000050  (3.2s)
    36      0.9574     0.6806     1.1012    0.6400   0.5806   0.000050  (3.2s)
    37      0.8926     0.7431     1.0979    0.6400   0.5806   0.000050  (3.3s)
    38      0.8274     0.8125     1.1020    0.6400   0.5806   0.000050  (3.3s)
    39      0.8606     0.7778     1.1046    0.6400   0.5806   0.000050  (3.4s)
    40      0.8093     0.7708     1.1006    0.6400   0.5806   0.000050  (3.3s)

Early stopping at epoch 40. Best epoch: 25 (val_f1=0.6136)

Best: epoch 25, val_acc=0.6400, val_f1=0.6136
Model saved: /mnt/extended-home/fitra_dosen/2025_iris_fer_taufik/MultimodalEmoLearn/models/benchmark/jaffe_randomsplit/_tmp/cnn.pth
 Epoch  Train Loss  Train Acc   Val Loss   Val Acc   Val F1         LR
---------------------------------------------------------------------------
     1      2.0648     0.1250     1.9331    0.2400   0.0553   0.000100  (0.0s)
     2      2.0508     0.1250     1.9319    0.2400   0.0553   0.000100  (0.0s)
     3      2.0313     0.1389     1.9298    0.1600   0.0394   0.000100  (0.0s)
     4      1.9259     0.1528     1.9320    0.1600   0.0394   0.000100  (0.0s)
     5      2.0095     0.1528     1.9252    0.1600   0.0423   0.000100  (0.0s)
     6      1.9126     0.2222     1.9084    0.2000   0.1238   0.000100  (0.1s)
     7      1.9346     0.2361     1.8913    0.2800   0.1959   0.000100  (0.1s)
     8      1.9079     0.2014     1.8439    0.3600   0.2346   0.000100  (0.0s)
     9      1.8766     0.2431     1.7840    0.3600   0.2171   0.000100  (0.0s)
    10      1.8631     0.2083     1.7556    0.4800   0.3714   0.000100  (0.1s)
    11      1.8463     0.2083     1.6881    0.5200   0.4415   0.000100  (0.1s)
    12      1.8102     0.2778     1.6376    0.5600   0.4075   0.000100  (0.0s)
    13      1.7960     0.2639     1.6296    0.6800   0.5081   0.000100  (0.0s)
    14      1.7885     0.2917     1.6150    0.6400   0.4717   0.000100  (0.0s)
    15      1.8049     0.2708     1.5930    0.6000   0.4422   0.000100  (0.0s)
    16      1.7334     0.3611     1.5586    0.6400   0.5429   0.000100  (0.0s)
    17      1.7340     0.3472     1.5516    0.5600   0.5469   0.000100  (0.1s)
    18      1.7248     0.3542     1.5139    0.6000   0.5755   0.000100  (0.1s)
    19      1.6454     0.4236     1.4877    0.6000   0.5755   0.000100  (0.0s)
    20      1.6472     0.3681     1.4795    0.6400   0.6071   0.000100  (0.0s)
    21      1.6380     0.4514     1.5254    0.5600   0.5255   0.000100  (0.0s)
    22      1.6518     0.3750     1.4929    0.5600   0.4999   0.000100  (0.1s)
    23      1.6382     0.3542     1.4649    0.5200   0.4789   0.000100  (0.0s)
    24      1.5903     0.3889     1.3955    0.5200   0.4877   0.000100  (0.0s)
    25      1.6347     0.4028     1.3614    0.7200   0.6639   0.000100  (0.0s)
    26      1.5713     0.4375     1.4022    0.6800   0.6194   0.000100  (0.0s)
    27      1.5837     0.4583     1.4094    0.6000   0.5095   0.000100  (0.0s)
    28      1.4997     0.5069     1.3696    0.5600   0.4732   0.000100  (0.0s)
    29      1.5199     0.4931     1.3555    0.6800   0.5929   0.000100  (0.0s)
    30      1.4437     0.5347     1.3455    0.5200   0.5061   0.000100  (0.1s)
    31      1.5251     0.4167     1.2686    0.5600   0.5333   0.000100  (0.1s)
    32      1.4688     0.3958     1.2844    0.6000   0.5601   0.000100  (0.1s)
    33      1.4854     0.4931     1.3116    0.6400   0.5901   0.000100  (0.0s)
    34      1.4103     0.5000     1.3035    0.6000   0.5561   0.000100  (0.0s)
    35      1.3796     0.4861     1.2822    0.6000   0.5459   0.000050  (0.1s)
    36      1.3741     0.5139     1.2544    0.6000   0.5544   0.000050  (0.1s)
    37      1.4070     0.5139     1.2327    0.6800   0.6632   0.000050  (0.0s)
    38      1.4060     0.5139     1.2539    0.6000   0.5867   0.000050  (0.0s)
    39      1.3882     0.5278     1.2567    0.6800   0.6591   0.000050  (0.0s)
    40      1.4103     0.4931     1.2278    0.6800   0.6465   0.000050  (0.0s)

Early stopping at epoch 40. Best epoch: 25 (val_f1=0.6639)

Best: epoch 25, val_acc=0.7200, val_f1=0.6639
Model saved: /mnt/extended-home/fitra_dosen/2025_iris_fer_taufik/MultimodalEmoLearn/models/benchmark/jaffe_randomsplit/_tmp/fcnn.pth
    [Late_Fusion fold 2/5] macro_f1=0.5217 acc=0.5116
 Epoch  Train Loss  Train Acc   Val Loss   Val Acc   Val F1         LR
---------------------------------------------------------------------------
     1      2.1419     0.1528     1.9676    0.2800   0.0625   0.000100  (3.8s)
     2      2.0352     0.1944     2.0315    0.2800   0.0625   0.000100  (3.8s)
     3      1.9622     0.1875     2.0624    0.2800   0.0625   0.000100  (3.3s)
     4      1.9469     0.1944     2.0249    0.2800   0.0625   0.000100  (3.2s)
     5      1.9289     0.2500     1.9652    0.2800   0.0625   0.000100  (3.1s)
     6      1.8953     0.2986     1.9066    0.2800   0.0625   0.000100  (3.3s)
     7      1.8235     0.2708     1.8560    0.2800   0.0625   0.000100  (3.3s)
     8      1.7852     0.2708     1.8413    0.2400   0.0612   0.000100  (3.3s)
     9      1.6982     0.3819     1.8536    0.2400   0.0686   0.000100  (3.2s)
    10      1.7035     0.3611     1.8545    0.2800   0.1833   0.000100  (3.5s)
    11      1.7007     0.3611     1.8459    0.2800   0.2102   0.000100  (3.6s)
    12      1.6113     0.3889     1.8405    0.1600   0.1833   0.000100  (3.9s)
    13      1.6203     0.3611     1.8451    0.1600   0.1722   0.000100  (3.2s)
    14      1.5288     0.4028     1.8299    0.2000   0.2294   0.000100  (3.0s)
    15      1.4735     0.4444     1.8071    0.2400   0.2754   0.000100  (3.6s)
    16      1.4929     0.4306     1.7901    0.2800   0.3372   0.000100  (3.5s)
    17      1.4187     0.5139     1.7620    0.3200   0.4100   0.000100  (3.6s)
    18      1.4255     0.5000     1.7310    0.2800   0.2929   0.000100  (3.5s)
    19      1.3538     0.5486     1.7071    0.3600   0.4575   0.000100  (3.2s)
    20      1.3064     0.5764     1.6637    0.4800   0.5190   0.000100  (3.6s)
    21      1.3121     0.5139     1.6542    0.4400   0.4745   0.000100  (3.6s)
    22      1.2284     0.5972     1.6358    0.4000   0.4133   0.000100  (3.3s)
    23      1.2225     0.5833     1.6415    0.4000   0.3796   0.000100  (3.4s)
    24      1.2450     0.6042     1.6274    0.3600   0.3554   0.000100  (3.4s)
    25      1.1270     0.6181     1.6017    0.4800   0.4350   0.000100  (3.2s)
    26      1.0975     0.6458     1.5611    0.4800   0.4177   0.000100  (3.2s)
    27      0.9994     0.7847     1.5070    0.5600   0.5867   0.000100  (3.2s)
    28      1.1281     0.6042     1.4874    0.5200   0.6015   0.000100  (3.4s)
    29      1.0352     0.6597     1.4602    0.4800   0.4413   0.000100  (3.6s)
    30      1.0104     0.6736     1.4487    0.4400   0.3952   0.000100  (3.1s)
    31      0.9537     0.7222     1.4386    0.5200   0.4803   0.000100  (3.1s)
    32      0.9507     0.7431     1.4138    0.6000   0.6497   0.000100  (3.1s)
    33      0.9046     0.7292     1.3519    0.5600   0.6213   0.000100  (3.7s)
    34      0.8803     0.7569     1.3383    0.4800   0.4469   0.000100  (3.2s)
    35      0.9106     0.7153     1.3236    0.5600   0.5937   0.000100  (3.1s)
    36      0.8190     0.7778     1.2979    0.6000   0.6755   0.000100  (3.3s)
    37      0.8301     0.8056     1.2884    0.5600   0.6437   0.000100  (3.7s)
    38      0.7689     0.8333     1.2821    0.5200   0.4530   0.000100  (3.2s)
    39      0.7866     0.7917     1.2436    0.5600   0.5720   0.000100  (3.2s)
    40      0.7408     0.8264     1.2209    0.5200   0.5746   0.000100  (3.4s)
    41      0.7585     0.8125     1.1895    0.5200   0.5326   0.000100  (3.2s)
    42      0.7055     0.8194     1.1698    0.5600   0.6149   0.000100  (3.2s)
    43      0.6110     0.8333     1.1540    0.5200   0.4469   0.000100  (3.3s)
    44      0.6390     0.8472     1.1192    0.5200   0.4568   0.000100  (3.6s)
    45      0.6314     0.8542     1.1130    0.5600   0.4980   0.000100  (3.3s)
    46      0.6204     0.8611     1.1188    0.5200   0.4568   0.000050  (3.5s)
    47      0.5810     0.9167     1.1191    0.5200   0.4568   0.000050  (3.3s)
    48      0.5823     0.8819     1.1053    0.5600   0.4980   0.000050  (3.2s)
    49      0.5683     0.9028     1.0859    0.5200   0.4568   0.000050  (3.3s)
    50      0.5473     0.8889     1.0689    0.5600   0.4980   0.000050  (3.7s)

Best: epoch 36, val_acc=0.6000, val_f1=0.6755
Model saved: /mnt/extended-home/fitra_dosen/2025_iris_fer_taufik/MultimodalEmoLearn/models/benchmark/jaffe_randomsplit/_tmp/cnn.pth
 Epoch  Train Loss  Train Acc   Val Loss   Val Acc   Val F1         LR
---------------------------------------------------------------------------
     1      1.9795     0.1875     2.0004    0.0400   0.0110   0.000100  (0.0s)
     2      1.9409     0.1944     2.0504    0.0400   0.0110   0.000100  (0.0s)
     3      2.0144     0.1250     2.0827    0.0400   0.0110   0.000100  (0.0s)
     4      1.9877     0.1736     2.0774    0.0400   0.0110   0.000100  (0.0s)
     5      1.9098     0.1875     2.0754    0.0400   0.0110   0.000100  (0.0s)
     6      1.8697     0.2083     2.0641    0.0400   0.0110   0.000100  (0.0s)
     7      1.9126     0.2292     2.0462    0.0400   0.0110   0.000100  (0.0s)
     8      1.8646     0.1806     2.0120    0.1600   0.1008   0.000100  (0.0s)
     9      1.8164     0.2639     1.9674    0.1200   0.0618   0.000100  (0.0s)
    10      1.8233     0.2778     1.9204    0.2000   0.2789   0.000100  (0.0s)
    11      1.8092     0.2500     1.9063    0.1600   0.1603   0.000100  (0.0s)
    12      1.7843     0.3194     1.8673    0.1600   0.1952   0.000100  (0.1s)
    13      1.6941     0.3750     1.8408    0.2400   0.2119   0.000100  (0.1s)
    14      1.7643     0.2778     1.8173    0.2400   0.2408   0.000100  (0.0s)
    15      1.7310     0.3472     1.7949    0.2000   0.1991   0.000100  (0.0s)
    16      1.7101     0.3264     1.7703    0.3200   0.3537   0.000100  (0.1s)
    17      1.6781     0.3958     1.7644    0.3200   0.4318   0.000100  (0.0s)
    18      1.6629     0.3611     1.7436    0.3200   0.4216   0.000100  (0.0s)
    19      1.7070     0.3542     1.7534    0.3600   0.4369   0.000100  (0.0s)
    20      1.6036     0.4236     1.6738    0.4000   0.4748   0.000100  (0.0s)
    21      1.6011     0.4375     1.6431    0.4000   0.4307   0.000100  (0.1s)
    22      1.5729     0.4375     1.6434    0.3600   0.3656   0.000100  (0.1s)
    23      1.5555     0.4167     1.6022    0.3600   0.3609   0.000100  (0.1s)
    24      1.5516     0.4306     1.5970    0.4400   0.4792   0.000100  (0.0s)
    25      1.5173     0.4167     1.6547    0.3600   0.4175   0.000100  (0.0s)
    26      1.5043     0.4097     1.6312    0.4400   0.4833   0.000100  (0.1s)
    27      1.4535     0.5139     1.6888    0.3200   0.4408   0.000100  (0.0s)
    28      1.4940     0.4653     1.6489    0.3200   0.4107   0.000100  (0.0s)
    29      1.4970     0.4722     1.5891    0.3600   0.4183   0.000100  (0.0s)
    30      1.4193     0.5278     1.6052    0.3600   0.4212   0.000100  (0.0s)
    31      1.4093     0.5139     1.6195    0.3600   0.4490   0.000100  (0.0s)
    32      1.4411     0.4514     1.6254    0.3600   0.3859   0.000100  (0.1s)
    33      1.3998     0.4653     1.5359    0.4800   0.4780   0.000100  (0.1s)
    34      1.3395     0.5208     1.4496    0.4800   0.4850   0.000100  (0.1s)
    35      1.3597     0.4861     1.4268    0.5600   0.5509   0.000100  (0.0s)
    36      1.3718     0.5208     1.4709    0.4000   0.3068   0.000100  (0.0s)
    37      1.4019     0.5278     1.3686    0.6000   0.5653   0.000100  (0.1s)
    38      1.3148     0.5417     1.4054    0.5200   0.5190   0.000100  (0.1s)
    39      1.2768     0.5486     1.4952    0.3200   0.3510   0.000100  (0.0s)
    40      1.2924     0.5417     1.4740    0.4000   0.4036   0.000100  (0.0s)
    41      1.2739     0.5556     1.5272    0.3200   0.3554   0.000100  (0.0s)
    42      1.1878     0.6319     1.5361    0.3200   0.3778   0.000100  (0.0s)
    43      1.2646     0.5417     1.5861    0.4000   0.4353   0.000100  (0.0s)
    44      1.2005     0.5903     1.4404    0.5200   0.5618   0.000100  (0.0s)
    45      1.2157     0.5694     1.3724    0.5200   0.5170   0.000100  (0.1s)
    46      1.1799     0.5903     1.3665    0.5200   0.4683   0.000100  (0.1s)
    47      1.1920     0.5972     1.3934    0.4400   0.5500   0.000050  (0.0s)
    48      1.2245     0.5903     1.3812    0.4800   0.6004   0.000050  (0.0s)
    49      1.1857     0.6181     1.3365    0.5600   0.6009   0.000050  (0.1s)
    50      1.2457     0.5833     1.3353    0.5600   0.6009   0.000050  (0.1s)

Best: epoch 49, val_acc=0.5600, val_f1=0.6009
Model saved: /mnt/extended-home/fitra_dosen/2025_iris_fer_taufik/MultimodalEmoLearn/models/benchmark/jaffe_randomsplit/_tmp/fcnn.pth
    [Late_Fusion fold 3/5] macro_f1=0.6904 acc=0.6977
 Epoch  Train Loss  Train Acc   Val Loss   Val Acc   Val F1         LR
---------------------------------------------------------------------------
     1      2.1993     0.1389     1.9647    0.0800   0.0212   0.000100  (3.9s)
     2      2.0052     0.1944     2.0079    0.0800   0.0212   0.000100  (3.8s)
     3      1.8500     0.2639     2.0450    0.0800   0.0212   0.000100  (3.2s)
     4      1.9873     0.1875     2.0557    0.0800   0.0212   0.000100  (3.3s)
     5      1.8469     0.2431     2.0671    0.0800   0.0212   0.000100  (3.0s)
     6      1.9055     0.2222     2.0448    0.0800   0.0212   0.000100  (3.1s)
     7      1.8353     0.2431     1.9975    0.1200   0.0748   0.000100  (3.2s)
     8      1.7583     0.2986     1.9009    0.2000   0.1256   0.000100  (3.4s)
     9      1.7512     0.3056     1.8703    0.2000   0.1095   0.000100  (3.5s)
    10      1.7188     0.3264     1.8221    0.2000   0.1136   0.000100  (3.1s)
    11      1.6423     0.3472     1.7919    0.2400   0.1976   0.000100  (3.0s)
    12      1.7275     0.3333     1.7531    0.2400   0.2002   0.000100  (3.6s)
    13      1.6417     0.3750     1.7558    0.1600   0.1293   0.000100  (3.4s)
    14      1.5682     0.4097     1.7314    0.2800   0.2272   0.000100  (3.1s)
    15      1.5428     0.4444     1.7117    0.2400   0.1760   0.000100  (3.6s)
    16      1.5142     0.4653     1.6976    0.3600   0.3075   0.000100  (3.1s)
    17      1.4230     0.5000     1.6829    0.4000   0.3425   0.000100  (3.8s)
    18      1.4445     0.4722     1.6595    0.2800   0.2571   0.000100  (3.6s)
    19      1.4206     0.4653     1.6357    0.3200   0.2751   0.000100  (3.2s)
    20      1.3306     0.5556     1.5842    0.4000   0.3924   0.000100  (3.1s)
    21      1.3953     0.5000     1.5131    0.4000   0.3939   0.000100  (3.7s)
    22      1.2855     0.5972     1.4801    0.4000   0.3986   0.000100  (3.6s)
    23      1.2622     0.6181     1.4649    0.4400   0.4411   0.000100  (3.5s)
    24      1.1699     0.5972     1.4633    0.4800   0.4895   0.000100  (3.7s)
    25      1.1678     0.6111     1.4506    0.4400   0.4279   0.000100  (3.5s)
    26      1.1763     0.6042     1.4115    0.4800   0.4599   0.000100  (3.2s)
    27      1.1039     0.6458     1.3539    0.5200   0.5153   0.000100  (3.1s)
    28      1.0907     0.6597     1.3464    0.5200   0.4988   0.000100  (3.8s)
    29      1.0173     0.6806     1.3340    0.5200   0.4988   0.000100  (3.1s)
    30      1.0355     0.6806     1.3160    0.4800   0.4789   0.000100  (3.2s)
    31      0.9975     0.7153     1.3025    0.5200   0.5215   0.000100  (3.2s)
    32      0.9593     0.7361     1.2868    0.4800   0.4789   0.000100  (3.7s)
    33      0.9481     0.7500     1.3117    0.4400   0.4296   0.000100  (3.2s)
    34      0.9182     0.7500     1.2612    0.4800   0.4599   0.000100  (3.1s)
    35      0.8783     0.7639     1.2218    0.5200   0.4972   0.000100  (3.2s)
    36      0.9070     0.7361     1.1713    0.6400   0.6168   0.000100  (3.1s)
    37      0.9223     0.7361     1.1799    0.6000   0.5415   0.000100  (3.5s)
    38      0.8034     0.7639     1.1710    0.5600   0.5224   0.000100  (3.0s)
    39      0.7969     0.7986     1.1148    0.6000   0.5646   0.000100  (3.1s)
    40      0.7394     0.8333     1.0941    0.5600   0.5079   0.000100  (3.0s)
    41      0.7492     0.8056     1.0409    0.6400   0.6270   0.000100  (2.9s)
    42      0.7367     0.8333     1.0009    0.6400   0.6372   0.000100  (3.6s)
    43      0.7101     0.8194     0.9880    0.7200   0.6939   0.000100  (3.8s)
    44      0.6558     0.8611     0.9564    0.7200   0.6973   0.000100  (3.6s)
    45      0.6598     0.8472     0.9452    0.6800   0.6627   0.000100  (3.6s)
    46      0.6665     0.8403     0.9439    0.6800   0.6558   0.000100  (3.0s)
    47      0.6205     0.8958     0.9671    0.6800   0.6507   0.000100  (3.2s)
    48      0.5803     0.9097     0.9522    0.7200   0.6922   0.000100  (3.1s)
    49      0.5680     0.8889     0.9666    0.6800   0.6507   0.000100  (3.1s)
    50      0.5590     0.8542     0.9694    0.6800   0.6507   0.000100  (3.0s)

Best: epoch 44, val_acc=0.7200, val_f1=0.6973
Model saved: /mnt/extended-home/fitra_dosen/2025_iris_fer_taufik/MultimodalEmoLearn/models/benchmark/jaffe_randomsplit/_tmp/cnn.pth
 Epoch  Train Loss  Train Acc   Val Loss   Val Acc   Val F1         LR
---------------------------------------------------------------------------
     1      2.0444     0.1111     1.9409    0.1600   0.0394   0.000100  (0.1s)
     2      2.0319     0.1875     1.9516    0.1600   0.0394   0.000100  (0.0s)
     3      1.9126     0.2222     1.9679    0.1600   0.0394   0.000100  (0.0s)
     4      1.9506     0.2222     1.9774    0.1600   0.0394   0.000100  (0.1s)
     5      1.8887     0.2292     1.9882    0.1600   0.0394   0.000100  (0.0s)
     6      1.9336     0.1875     1.9808    0.1600   0.0714   0.000100  (0.0s)
     7      1.8680     0.2083     1.9629    0.1600   0.0675   0.000100  (0.0s)
     8      1.8215     0.2917     1.9063    0.2800   0.1737   0.000100  (0.0s)
     9      1.8495     0.2361     1.8534    0.2800   0.1688   0.000100  (0.1s)
    10      1.8500     0.2847     1.8008    0.2800   0.1964   0.000100  (0.1s)
    11      1.8109     0.2917     1.7068    0.4000   0.3294   0.000100  (0.1s)
    12      1.7962     0.3194     1.6380    0.5200   0.4253   0.000100  (0.1s)
    13      1.7833     0.2847     1.6141    0.5600   0.4821   0.000100  (0.1s)
    14      1.6809     0.3681     1.6038    0.4800   0.4099   0.000100  (0.1s)
    15      1.6632     0.3958     1.5450    0.5600   0.4805   0.000100  (0.0s)
    16      1.7203     0.3056     1.5212    0.6000   0.5134   0.000100  (0.0s)
    17      1.6696     0.4097     1.5327    0.4400   0.3108   0.000100  (0.0s)
    18      1.6634     0.3889     1.5056    0.4800   0.3575   0.000100  (0.0s)
    19      1.6898     0.3264     1.4793    0.6000   0.5135   0.000100  (0.1s)
    20      1.6741     0.3611     1.4569    0.6400   0.5076   0.000100  (0.1s)
    21      1.5967     0.3819     1.3541    0.6400   0.5121   0.000100  (0.1s)
    22      1.5995     0.3750     1.3954    0.5200   0.4110   0.000100  (0.1s)
    23      1.5988     0.4306     1.4340    0.5200   0.4284   0.000100  (0.1s)
    24      1.6118     0.4236     1.4211    0.4800   0.4085   0.000100  (0.1s)
    25      1.5507     0.4514     1.4108    0.5600   0.4712   0.000100  (0.1s)
    26      1.5082     0.4236     1.3709    0.5600   0.4558   0.000100  (0.0s)
    27      1.5046     0.4722     1.3661    0.5200   0.4088   0.000100  (0.0s)
    28      1.4895     0.4653     1.3792    0.6000   0.5173   0.000100  (0.0s)
    29      1.4129     0.4861     1.3245    0.6800   0.5894   0.000100  (0.0s)
    30      1.3951     0.5278     1.2648    0.6400   0.5029   0.000100  (0.1s)
    31      1.4352     0.5417     1.2720    0.6400   0.5029   0.000100  (0.1s)
    32      1.3828     0.5556     1.2839    0.6400   0.5029   0.000100  (0.1s)
    33      1.4181     0.5625     1.2232    0.5200   0.4160   0.000100  (0.0s)
    34      1.3820     0.5208     1.1753    0.6000   0.4840   0.000100  (0.0s)
    35      1.4238     0.5069     1.2170    0.6000   0.4710   0.000100  (0.0s)
    36      1.3079     0.5486     1.2401    0.6000   0.4802   0.000100  (0.1s)
    37      1.3360     0.5069     1.2793    0.6000   0.5108   0.000100  (0.1s)
    38      1.3161     0.5278     1.2877    0.5600   0.4439   0.000100  (0.0s)
    39      1.3069     0.5417     1.2207    0.6000   0.5197   0.000050  (0.0s)
    40      1.2830     0.6042     1.2011    0.6000   0.5013   0.000050  (0.1s)
    41      1.3092     0.5556     1.2184    0.5600   0.4468   0.000050  (0.1s)
    42      1.3123     0.5972     1.1747    0.6000   0.5134   0.000050  (0.1s)
    43      1.2470     0.5556     1.1441    0.6000   0.5143   0.000050  (0.1s)
    44      1.3283     0.5347     1.1559    0.5600   0.4351   0.000050  (0.1s)

Early stopping at epoch 44. Best epoch: 29 (val_f1=0.5894)

Best: epoch 29, val_acc=0.6800, val_f1=0.5894
Model saved: /mnt/extended-home/fitra_dosen/2025_iris_fer_taufik/MultimodalEmoLearn/models/benchmark/jaffe_randomsplit/_tmp/fcnn.pth
    [Late_Fusion fold 4/5] macro_f1=0.6112 acc=0.6279
 Epoch  Train Loss  Train Acc   Val Loss   Val Acc   Val F1         LR
---------------------------------------------------------------------------
     1      2.0325     0.1736     1.9572    0.1200   0.0306   0.000100  (3.7s)
     2      1.9686     0.2222     1.9941    0.1200   0.0306   0.000100  (3.5s)
     3      1.8760     0.2847     2.0059    0.2000   0.0476   0.000100  (3.1s)
     4      1.9626     0.2222     2.0072    0.1600   0.0675   0.000100  (3.7s)
     5      1.8836     0.2014     2.0271    0.1200   0.0306   0.000100  (3.8s)
     6      1.9057     0.2014     2.0173    0.1200   0.0317   0.000100  (3.0s)
     7      1.7958     0.3125     1.9811    0.1200   0.0532   0.000100  (3.2s)
     8      1.8343     0.2500     1.9357    0.1600   0.0744   0.000100  (3.2s)
     9      1.7712     0.3264     1.9234    0.2000   0.0927   0.000100  (3.4s)
    10      1.7345     0.3403     1.9185    0.1200   0.0628   0.000100  (3.6s)
    11      1.6708     0.3819     1.9122    0.0800   0.0336   0.000100  (3.0s)
    12      1.7185     0.3542     1.8852    0.0800   0.0357   0.000100  (3.0s)
    13      1.6517     0.3750     1.8832    0.1200   0.0675   0.000100  (3.1s)
    14      1.5909     0.3681     1.8732    0.1200   0.0659   0.000100  (3.0s)
    15      1.4414     0.4722     1.8438    0.1600   0.1053   0.000100  (3.2s)
    16      1.4906     0.4653     1.8147    0.1600   0.1414   0.000100  (3.7s)
    17      1.4495     0.4792     1.7894    0.1600   0.1454   0.000100  (3.4s)
    18      1.4180     0.4861     1.7716    0.1600   0.1382   0.000100  (3.5s)
    19      1.4112     0.4861     1.7464    0.2000   0.0952   0.000100  (3.2s)
    20      1.4187     0.4931     1.7069    0.3200   0.2829   0.000100  (3.1s)
    21      1.3321     0.5694     1.6868    0.2800   0.2299   0.000100  (3.6s)
    22      1.3327     0.5486     1.6812    0.3200   0.2905   0.000100  (3.3s)
    23      1.3008     0.5486     1.6786    0.2400   0.1849   0.000100  (3.8s)
    24      1.2889     0.5208     1.6556    0.2400   0.2194   0.000100  (3.2s)
    25      1.1899     0.6181     1.6304    0.3200   0.3075   0.000100  (3.3s)
    26      1.2141     0.5764     1.6222    0.4000   0.3740   0.000100  (3.7s)
    27      1.1275     0.7292     1.6184    0.4800   0.4796   0.000100  (3.7s)
    28      1.1447     0.6250     1.6044    0.4800   0.4939   0.000100  (3.5s)
    29      1.1350     0.6389     1.5585    0.4800   0.5088   0.000100  (3.6s)
    30      1.0920     0.6389     1.4798    0.4800   0.4930   0.000100  (3.7s)
    31      0.9704     0.7847     1.4354    0.4800   0.4930   0.000100  (3.3s)
    32      1.0532     0.6528     1.4450    0.4800   0.4930   0.000100  (3.2s)
    33      0.9916     0.7500     1.4132    0.4800   0.5002   0.000100  (3.5s)
    34      0.9575     0.7431     1.3560    0.4800   0.4964   0.000100  (3.5s)
    35      0.8627     0.7986     1.3007    0.5600   0.5531   0.000100  (3.3s)
    36      0.8796     0.7361     1.2674    0.5600   0.5621   0.000100  (3.5s)
    37      0.8585     0.7708     1.2838    0.6000   0.5946   0.000100  (3.7s)
    38      0.8904     0.7361     1.2437    0.5200   0.5366   0.000100  (3.4s)
    39      0.8283     0.8472     1.1697    0.6400   0.6432   0.000100  (3.1s)
    40      0.7768     0.8333     1.1358    0.6400   0.6432   0.000100  (3.7s)
    41      0.7637     0.8056     1.0965    0.6000   0.6072   0.000100  (3.4s)
    42      0.7637     0.7917     1.1026    0.6000   0.6072   0.000100  (3.4s)
    43      0.7323     0.8125     1.0871    0.6000   0.6031   0.000100  (3.3s)
    44      0.6661     0.8542     1.0470    0.6000   0.6031   0.000100  (3.2s)
    45      0.6532     0.8472     1.0310    0.6800   0.6840   0.000100  (3.1s)
    46      0.6977     0.8750     1.0433    0.6400   0.6398   0.000100  (3.6s)
    47      0.6378     0.8472     1.0238    0.6400   0.6327   0.000100  (3.3s)
    48      0.6161     0.8403     0.9647    0.6800   0.6840   0.000100  (3.1s)
    49      0.6289     0.8542     0.9282    0.7200   0.7299   0.000100  (3.1s)
    50      0.5940     0.8681     0.9631    0.7200   0.7299   0.000100  (3.6s)

Best: epoch 49, val_acc=0.7200, val_f1=0.7299
Model saved: /mnt/extended-home/fitra_dosen/2025_iris_fer_taufik/MultimodalEmoLearn/models/benchmark/jaffe_randomsplit/_tmp/cnn.pth
 Epoch  Train Loss  Train Acc   Val Loss   Val Acc   Val F1         LR
---------------------------------------------------------------------------
     1      2.0560     0.1458     1.9574    0.1200   0.0306   0.000100  (0.0s)
     2      1.9923     0.1736     1.9771    0.1200   0.0306   0.000100  (0.1s)
     3      1.9742     0.1736     1.9889    0.1200   0.0306   0.000100  (0.0s)
     4      1.9966     0.1458     1.9902    0.1200   0.0306   0.000100  (0.0s)
     5      1.9045     0.1667     1.9881    0.1200   0.0306   0.000100  (0.0s)
     6      1.9314     0.2292     1.9746    0.2000   0.1295   0.000100  (0.0s)
     7      1.9044     0.1875     1.9798    0.2400   0.1208   0.000100  (0.0s)
     8      1.8794     0.2708     1.9501    0.2000   0.0912   0.000100  (0.1s)
     9      1.8457     0.2708     1.8870    0.2800   0.2139   0.000100  (0.1s)
    10      1.8116     0.2986     1.8185    0.2000   0.1565   0.000100  (0.1s)
    11      1.8195     0.2847     1.7879    0.1600   0.1380   0.000100  (0.0s)
    12      1.8254     0.2917     1.7478    0.2800   0.2375   0.000100  (0.0s)
    13      1.7847     0.3333     1.7201    0.2800   0.2410   0.000100  (0.0s)
    14      1.7719     0.2917     1.6563    0.2800   0.2375   0.000100  (0.1s)
    15      1.7140     0.3958     1.6587    0.3600   0.3112   0.000100  (0.0s)
    16      1.7669     0.3264     1.6393    0.4400   0.3496   0.000100  (0.0s)
    17      1.6673     0.3681     1.6426    0.4400   0.4109   0.000100  (0.0s)
    18      1.6687     0.3889     1.6070    0.3600   0.3272   0.000100  (0.0s)
    19      1.7097     0.3472     1.6219    0.4800   0.4160   0.000100  (0.0s)
    20      1.6506     0.3750     1.5823    0.4000   0.3749   0.000100  (0.0s)
    21      1.6783     0.3681     1.5503    0.4000   0.3248   0.000100  (0.1s)
    22      1.5794     0.4514     1.5608    0.4400   0.3542   0.000100  (0.1s)
    23      1.6634     0.4167     1.4984    0.5200   0.4467   0.000100  (0.1s)
    24      1.5721     0.4444     1.4977    0.6400   0.5408   0.000100  (0.0s)
    25      1.5789     0.4236     1.4890    0.6000   0.5211   0.000100  (0.0s)
    26      1.4913     0.4861     1.5354    0.4400   0.3884   0.000100  (0.0s)
    27      1.5418     0.4236     1.5046    0.4400   0.4004   0.000100  (0.1s)
    28      1.5628     0.3889     1.4477    0.5600   0.5081   0.000100  (0.0s)
    29      1.4854     0.4514     1.3860    0.6400   0.5618   0.000100  (0.0s)
    30      1.4695     0.5000     1.4141    0.5200   0.4736   0.000100  (0.0s)
    31      1.4610     0.4514     1.4015    0.5600   0.4949   0.000100  (0.0s)
    32      1.4598     0.4792     1.4089    0.5600   0.5221   0.000100  (0.0s)
    33      1.4285     0.4444     1.5007    0.3200   0.3025   0.000100  (0.0s)
    34      1.4351     0.4722     1.4620    0.3600   0.3380   0.000100  (0.0s)
    35      1.3895     0.4931     1.4441    0.3600   0.3286   0.000100  (0.0s)
    36      1.3821     0.5278     1.3895    0.4400   0.3827   0.000100  (0.1s)
    37      1.4210     0.5000     1.3104    0.5200   0.4278   0.000100  (0.1s)
    38      1.4127     0.4653     1.2596    0.6000   0.5043   0.000100  (0.1s)
    39      1.3839     0.4514     1.2489    0.6400   0.5446   0.000050  (0.0s)
    40      1.3513     0.5000     1.2662    0.6400   0.5837   0.000050  (0.0s)
    41      1.3549     0.4722     1.2612    0.5600   0.4966   0.000050  (0.1s)
    42      1.3872     0.5139     1.2798    0.6000   0.5472   0.000050  (0.1s)
    43      1.2898     0.5694     1.2291    0.6000   0.5224   0.000050  (0.0s)
    44      1.2889     0.5903     1.2139    0.6400   0.5510   0.000050  (0.0s)
    45      1.3184     0.5139     1.2719    0.5600   0.5240   0.000050  (0.0s)
    46      1.2834     0.5556     1.3225    0.4800   0.4447   0.000050  (0.0s)
    47      1.3309     0.5347     1.2849    0.5600   0.5333   0.000050  (0.0s)
    48      1.3181     0.5000     1.2738    0.5600   0.5221   0.000050  (0.0s)
    49      1.3334     0.5139     1.2789    0.6000   0.5629   0.000050  (0.0s)
    50      1.3002     0.5000     1.2642    0.6000   0.5714   0.000025  (0.1s)

Best: epoch 40, val_acc=0.6400, val_f1=0.5837
Model saved: /mnt/extended-home/fitra_dosen/2025_iris_fer_taufik/MultimodalEmoLearn/models/benchmark/jaffe_randomsplit/_tmp/fcnn.pth
    [Late_Fusion fold 5/5] macro_f1=0.7900 acc=0.7907
  Late_Fusion        macro_f1=0.6386±0.0932  acc=0.6419±0.0960
  saved /mnt/extended-home/fitra_dosen/2025_iris_fer_taufik/MultimodalEmoLearn/models/benchmark/jaffe_randomsplit/jaffe_7c_randomsplit_results.json

================================================================
  JAFFE 7c — cv10  (10 folds)
================================================================
 Epoch  Train Loss  Train Acc   Val Loss   Val Acc   Val F1         LR
---------------------------------------------------------------------------
     1      2.1006     0.1562     1.9382    0.1071   0.0276   0.000100  (4.4s)
     2      2.0422     0.1562     1.9473    0.2143   0.0504   0.000100  (3.9s)
     3      2.0538     0.1562     1.9368    0.2143   0.0504   0.000100  (4.4s)
     4      1.9708     0.2313     1.9279    0.1786   0.0683   0.000100  (3.8s)
     5      1.8724     0.3187     1.9549    0.1786   0.0777   0.000100  (4.1s)
     6      1.8136     0.2812     1.9315    0.2143   0.0980   0.000100  (4.1s)
     7      1.8386     0.2750     1.8660    0.2143   0.0980   0.000100  (4.3s)
     8      1.7940     0.2750     1.8204    0.2857   0.1823   0.000100  (3.7s)
     9      1.7331     0.3000     1.7904    0.3214   0.2547   0.000100  (4.0s)
    10      1.6883     0.3812     1.7654    0.2857   0.2098   0.000100  (4.2s)
    11      1.6499     0.3563     1.7043    0.3571   0.2864   0.000100  (3.7s)
    12      1.6013     0.3875     1.7040    0.3571   0.3008   0.000100  (3.9s)
    13      1.5865     0.4313     1.7017    0.3929   0.3393   0.000100  (4.3s)
    14      1.5666     0.4313     1.6852    0.4286   0.3701   0.000100  (4.0s)
    15      1.5433     0.4562     1.6646    0.3571   0.2789   0.000100  (3.9s)
    16      1.4831     0.4437     1.6683    0.3929   0.3773   0.000100  (3.4s)
    17      1.4994     0.4688     1.6246    0.4286   0.3741   0.000100  (4.0s)
    18      1.4443     0.4625     1.5630    0.5000   0.4091   0.000100  (3.5s)
    19      1.3790     0.5312     1.5184    0.5000   0.4065   0.000100  (4.1s)
    20      1.3779     0.4688     1.4606    0.5357   0.4769   0.000100  (3.7s)
    21      1.2846     0.5500     1.4206    0.5000   0.4051   0.000100  (4.0s)
    22      1.2254     0.5875     1.3910    0.5357   0.4396   0.000100  (3.8s)
    23      1.1883     0.6375     1.3609    0.5000   0.4173   0.000100  (3.6s)
    24      1.2094     0.5312     1.3322    0.5000   0.3788   0.000100  (3.8s)
    25      1.1607     0.5813     1.3438    0.5714   0.4418   0.000100  (4.2s)
    26      1.1204     0.6625     1.2832    0.6071   0.4830   0.000100  (3.8s)
    27      1.0724     0.7000     1.2598    0.6071   0.5020   0.000100  (4.0s)
    28      1.0009     0.7188     1.2016    0.6429   0.5799   0.000100  (3.9s)
    29      1.0461     0.6562     1.1647    0.6429   0.5751   0.000100  (4.3s)
    30      1.0262     0.7063     1.1474    0.6429   0.5494   0.000100  (3.6s)
    31      0.9526     0.7688     1.1548    0.7500   0.7463   0.000100  (4.0s)
    32      0.9046     0.7375     1.1082    0.7143   0.7129   0.000100  (4.3s)
    33      0.9028     0.7562     1.0740    0.7143   0.6905   0.000100  (3.6s)
    34      0.8886     0.7562     1.0384    0.7143   0.6810   0.000100  (4.2s)
    35      0.8462     0.7812     0.9795    0.7143   0.6810   0.000100  (3.9s)
    36      0.8164     0.7937     0.9741    0.7500   0.7167   0.000100  (4.1s)
    37      0.8391     0.7625     0.9537    0.8214   0.8118   0.000100  (3.6s)
    38      0.7433     0.8375     0.9166    0.7857   0.7561   0.000100  (4.4s)
    39      0.7302     0.8313     0.9230    0.7500   0.7163   0.000100  (3.8s)
    40      0.7285     0.8375     0.8800    0.8214   0.7806   0.000100  (3.8s)
    41      0.6819     0.8438     0.8469    0.8214   0.7915   0.000100  (3.6s)
    42      0.6980     0.8063     0.8858    0.7500   0.7118   0.000100  (4.5s)
    43      0.6357     0.8875     0.8771    0.7857   0.7438   0.000100  (3.9s)
    44      0.6284     0.8750     0.8526    0.7857   0.7438   0.000100  (4.2s)
    45      0.5596     0.8938     0.7988    0.8214   0.7915   0.000100  (3.8s)
    46      0.5798     0.8812     0.7932    0.8214   0.7929   0.000100  (3.9s)
    47      0.5380     0.9125     0.8039    0.7857   0.7619   0.000050  (3.5s)
    48      0.5648     0.8812     0.7966    0.7857   0.7619   0.000050  (4.0s)
    49      0.5430     0.9187     0.7835    0.7857   0.7619   0.000050  (3.6s)
    50      0.5653     0.9000     0.7789    0.8571   0.8486   0.000050  (4.1s)

Best: epoch 50, val_acc=0.8571, val_f1=0.8486
Model saved: /mnt/extended-home/fitra_dosen/2025_iris_fer_taufik/MultimodalEmoLearn/models/benchmark/jaffe_randomsplit/_tmp/m.pth
Test Loss: 1.2166
Test Accuracy: 0.6364
Test Macro F1:    0.5915
Test Micro F1:    0.6364
Test Weighted F1: 0.5987

Classification Report:
              precision    recall  f1-score   support

     neutral       0.50      1.00      0.67         3
       happy       1.00      0.67      0.80         3
         sad       0.00      0.00      0.00         3
       angry       0.67      0.67      0.67         3
     fearful       0.75      0.75      0.75         4
   disgusted       0.50      0.33      0.40         3
   surprised       0.75      1.00      0.86         3

    accuracy                           0.64        22
   macro avg       0.60      0.63      0.59        22
weighted avg       0.60      0.64      0.60        22

    [CNN fold 1/10] macro_f1=0.5915 acc=0.6364
 Epoch  Train Loss  Train Acc   Val Loss   Val Acc   Val F1         LR
---------------------------------------------------------------------------
     1      2.0770     0.1750     1.9067    0.1786   0.0505   0.000100  (4.2s)
     2      2.0670     0.1375     1.9334    0.1786   0.0505   0.000100  (3.4s)
     3      2.0079     0.1812     1.9925    0.2500   0.1101   0.000100  (3.6s)
     4      1.9464     0.2188     2.0118    0.2500   0.1282   0.000100  (4.1s)
     5      1.8961     0.2313     2.0730    0.1786   0.0860   0.000100  (4.2s)
     6      1.8868     0.2562     2.0132    0.1429   0.0638   0.000100  (4.6s)
     7      1.7976     0.3250     1.9325    0.1071   0.0343   0.000100  (3.5s)
     8      1.8295     0.2437     1.8922    0.1071   0.0343   0.000100  (4.2s)
     9      1.7995     0.3000     1.8614    0.1429   0.1104   0.000100  (3.7s)
    10      1.7394     0.3438     1.8204    0.1429   0.1260   0.000100  (3.8s)
    11      1.6983     0.3125     1.7975    0.1786   0.1111   0.000100  (3.8s)
    12      1.6705     0.3812     1.7734    0.2500   0.1548   0.000100  (3.5s)
    13      1.6480     0.3875     1.7527    0.3214   0.2296   0.000100  (4.2s)
    14      1.5864     0.4250     1.7654    0.2857   0.2046   0.000100  (3.8s)
    15      1.6036     0.3812     1.7785    0.3571   0.2989   0.000100  (4.0s)
    16      1.4950     0.4313     1.7652    0.3571   0.3148   0.000100  (4.0s)
    17      1.5091     0.4938     1.7588    0.3571   0.2636   0.000100  (4.3s)
    18      1.4961     0.4313     1.7025    0.3929   0.2879   0.000100  (3.5s)
    19      1.4337     0.4938     1.6758    0.3929   0.2930   0.000100  (3.5s)
    20      1.4372     0.4437     1.5832    0.4643   0.3466   0.000100  (3.9s)
    21      1.4188     0.4500     1.5209    0.5357   0.4283   0.000100  (4.0s)
    22      1.3597     0.5062     1.5397    0.3571   0.2724   0.000100  (3.5s)
    23      1.3219     0.5500     1.5102    0.3571   0.2802   0.000100  (4.3s)
    24      1.2669     0.5813     1.4668    0.5000   0.4444   0.000100  (3.8s)
    25      1.2699     0.5750     1.4324    0.5714   0.4892   0.000100  (4.6s)
    26      1.2000     0.6250     1.3807    0.6429   0.5298   0.000100  (3.8s)
    27      1.1516     0.6500     1.3894    0.6429   0.5670   0.000100  (4.1s)
    28      1.1268     0.6625     1.3702    0.7143   0.6224   0.000100  (4.1s)
    29      1.1525     0.6000     1.3382    0.6429   0.4903   0.000100  (4.0s)
    30      1.1211     0.6625     1.3335    0.5714   0.4162   0.000100  (4.0s)
    31      1.0181     0.7250     1.3282    0.6786   0.5876   0.000100  (3.5s)
    32      1.0224     0.6562     1.2513    0.5714   0.4931   0.000100  (3.8s)
    33      1.0578     0.6562     1.2208    0.6429   0.5582   0.000100  (3.9s)
    34      0.9728     0.7188     1.1960    0.6786   0.5881   0.000100  (3.5s)
    35      0.9490     0.6937     1.1668    0.7143   0.7457   0.000100  (3.8s)
    36      0.9303     0.7250     1.1387    0.7143   0.7478   0.000100  (3.7s)
    37      0.8660     0.7750     1.1258    0.7143   0.7369   0.000100  (4.2s)
    38      0.8050     0.7937     1.0989    0.7143   0.7358   0.000100  (3.6s)
    39      0.7969     0.7875     1.0731    0.6786   0.6188   0.000100  (3.6s)
    40      0.8063     0.7937     1.0474    0.6786   0.6825   0.000100  (3.6s)
    41      0.7553     0.7812     1.0170    0.6786   0.6766   0.000100  (3.7s)
    42      0.7565     0.8375     0.9948    0.7500   0.7598   0.000100  (4.2s)
    43      0.7674     0.8000     0.9943    0.7143   0.6115   0.000100  (3.8s)
    44      0.6992     0.8313     1.0192    0.6429   0.5533   0.000100  (3.9s)
    45      0.6536     0.8688     0.9885    0.6429   0.5458   0.000100  (3.8s)
    46      0.6446     0.8812     0.9526    0.7143   0.6251   0.000100  (3.7s)
    47      0.6235     0.8688     0.9256    0.7143   0.6250   0.000100  (3.7s)
    48      0.6266     0.8438     0.9117    0.6786   0.5774   0.000100  (3.6s)
    49      0.6477     0.8250     0.9095    0.7143   0.5979   0.000100  (3.9s)
    50      0.5587     0.9187     0.9107    0.7143   0.6115   0.000100  (3.8s)

Best: epoch 42, val_acc=0.7500, val_f1=0.7598
Model saved: /mnt/extended-home/fitra_dosen/2025_iris_fer_taufik/MultimodalEmoLearn/models/benchmark/jaffe_randomsplit/_tmp/m.pth
Test Loss: 1.1011
Test Accuracy: 0.5455
Test Macro F1:    0.4935
Test Micro F1:    0.5455
Test Weighted F1: 0.4711

Classification Report:
              precision    recall  f1-score   support

     neutral       0.50      0.67      0.57         3
       happy       0.00      0.00      0.00         4
         sad       1.00      0.67      0.80         3
       angry       0.60      1.00      0.75         3
     fearful       0.50      1.00      0.67         3
   disgusted       0.00      0.00      0.00         3
   surprised       0.67      0.67      0.67         3

    accuracy                           0.55        22
   macro avg       0.47      0.57      0.49        22
weighted avg       0.45      0.55      0.47        22

    [CNN fold 2/10] macro_f1=0.4935 acc=0.5455
 Epoch  Train Loss  Train Acc   Val Loss   Val Acc   Val F1         LR
---------------------------------------------------------------------------
     1      2.1447     0.1250     1.9742    0.1429   0.0357   0.000100  (4.3s)
     2      2.0504     0.1625     2.0103    0.1429   0.0357   0.000100  (4.8s)
     3      2.0189     0.1750     2.0251    0.1429   0.0357   0.000100  (3.6s)
     4      1.9427     0.1938     2.0351    0.1429   0.0357   0.000100  (3.9s)
     5      1.9147     0.2938     2.0288    0.1071   0.0276   0.000100  (3.9s)
     6      1.8793     0.2437     1.9468    0.1071   0.0296   0.000100  (3.6s)
     7      1.8387     0.2875     1.8766    0.2143   0.1658   0.000100  (4.5s)
     8      1.8841     0.3125     1.8352    0.3214   0.2483   0.000100  (4.0s)
     9      1.8082     0.3000     1.7729    0.2857   0.2230   0.000100  (3.9s)
    10      1.7445     0.2938     1.7554    0.2500   0.2238   0.000100  (3.5s)
    11      1.6346     0.3937     1.7239    0.3929   0.2969   0.000100  (3.5s)
    12      1.6827     0.3438     1.6898    0.3571   0.3397   0.000100  (4.9s)
    13      1.7259     0.3312     1.6509    0.4643   0.3890   0.000100  (3.9s)
    14      1.5293     0.4813     1.6139    0.5357   0.4505   0.000100  (4.8s)
    15      1.5620     0.4562     1.5893    0.5000   0.4316   0.000100  (3.8s)
    16      1.5441     0.3625     1.5917    0.5000   0.4401   0.000100  (4.6s)
    17      1.5085     0.4250     1.5368    0.5000   0.4273   0.000100  (4.1s)
    18      1.4730     0.4500     1.5275    0.5714   0.4964   0.000100  (3.8s)
    19      1.4183     0.5125     1.5162    0.5357   0.4476   0.000100  (4.7s)
    20      1.3788     0.4813     1.4706    0.5000   0.4258   0.000100  (3.8s)
    21      1.3144     0.5250     1.4596    0.4643   0.4052   0.000100  (3.7s)
    22      1.3249     0.5188     1.4247    0.5000   0.4345   0.000100  (3.8s)
    23      1.2291     0.5813     1.3923    0.5357   0.4483   0.000100  (4.0s)
    24      1.2135     0.6125     1.3640    0.6071   0.5091   0.000100  (3.6s)
    25      1.1596     0.6125     1.3450    0.6071   0.5143   0.000100  (4.3s)
    26      1.1635     0.6500     1.3512    0.5357   0.4706   0.000100  (3.9s)
    27      1.1385     0.6625     1.3572    0.5357   0.4810   0.000100  (3.7s)
    28      1.1616     0.6438     1.3188    0.5357   0.4667   0.000100  (3.4s)
    29      1.0645     0.6500     1.2696    0.6071   0.5152   0.000100  (4.1s)
    30      1.1262     0.6000     1.2358    0.6071   0.5152   0.000100  (3.7s)
    31      0.9423     0.7250     1.2080    0.6071   0.5143   0.000100  (4.1s)
    32      0.9447     0.7500     1.1758    0.6429   0.5303   0.000100  (3.4s)
    33      0.9940     0.6813     1.1344    0.7143   0.5653   0.000100  (5.1s)
    34      0.9221     0.7375     1.1026    0.7143   0.5729   0.000100  (3.7s)
    35      0.8941     0.7688     1.0787    0.7143   0.5729   0.000100  (4.6s)
    36      0.8785     0.8187     1.0360    0.7500   0.5877   0.000100  (3.4s)
    37      0.8923     0.7500     0.9945    0.7500   0.5766   0.000100  (4.3s)
    38      0.7845     0.7937     0.9661    0.7143   0.5352   0.000100  (3.7s)
    39      0.7336     0.8500     0.9359    0.6786   0.5129   0.000100  (4.6s)
    40      0.7686     0.8562     0.9309    0.6429   0.4977   0.000100  (3.9s)
    41      0.6979     0.8375     0.9033    0.7143   0.6098   0.000100  (4.3s)
    42      0.6928     0.8562     0.8881    0.7857   0.6104   0.000100  (3.8s)
    43      0.7322     0.8250     0.8864    0.7143   0.5652   0.000100  (4.7s)
    44      0.6385     0.8938     0.8470    0.7500   0.5881   0.000100  (3.9s)
    45      0.5826     0.8938     0.8453    0.7500   0.5766   0.000100  (4.4s)
    46      0.6186     0.8562     0.8436    0.7500   0.5828   0.000100  (4.0s)
    47      0.6051     0.8750     0.8486    0.7143   0.5605   0.000100  (4.3s)
    48      0.6426     0.8562     0.7784    0.7500   0.6250   0.000100  (4.5s)
    49      0.5720     0.9062     0.7660    0.8214   0.7045   0.000100  (4.4s)
    50      0.5532     0.8938     0.7403    0.8571   0.7414   0.000100  (4.5s)

Best: epoch 50, val_acc=0.8571, val_f1=0.7414
Model saved: /mnt/extended-home/fitra_dosen/2025_iris_fer_taufik/MultimodalEmoLearn/models/benchmark/jaffe_randomsplit/_tmp/m.pth
Test Loss: 0.9277
Test Accuracy: 0.6818
Test Macro F1:    0.6582
Test Micro F1:    0.6818
Test Weighted F1: 0.6672

Classification Report:
              precision    recall  f1-score   support

     neutral       1.00      0.33      0.50         3
       happy       0.60      1.00      0.75         3
         sad       1.00      0.75      0.86         4
       angry       0.43      1.00      0.60         3
     fearful       1.00      0.33      0.50         3
   disgusted       0.50      0.33      0.40         3
   surprised       1.00      1.00      1.00         3

    accuracy                           0.68        22
   macro avg       0.79      0.68      0.66        22
weighted avg       0.80      0.68      0.67        22

    [CNN fold 3/10] macro_f1=0.6582 acc=0.6818
 Epoch  Train Loss  Train Acc   Val Loss   Val Acc   Val F1         LR
---------------------------------------------------------------------------
     1      2.0563     0.1875     1.9335    0.1071   0.0276   0.000100  (4.3s)
     2      1.9800     0.2125     1.9268    0.2500   0.0571   0.000100  (4.3s)
     3      2.0054     0.1750     1.9391    0.2500   0.0571   0.000100  (4.7s)
     4      1.9204     0.2375     1.9473    0.2500   0.0571   0.000100  (3.7s)
     5      1.9089     0.2375     1.9550    0.2500   0.0571   0.000100  (4.8s)
     6      1.8906     0.2313     1.9404    0.1786   0.1119   0.000100  (3.8s)
     7      1.7915     0.3063     1.9096    0.1786   0.1369   0.000100  (4.1s)
     8      1.8541     0.2562     1.8831    0.1071   0.0296   0.000100  (3.8s)
     9      1.7983     0.3000     1.8717    0.1071   0.0286   0.000100  (4.1s)
    10      1.7714     0.3125     1.8540    0.1786   0.1296   0.000100  (3.6s)
    11      1.6834     0.3312     1.8712    0.2143   0.1722   0.000100  (4.0s)
    12      1.6333     0.3750     1.8561    0.2143   0.1762   0.000100  (4.1s)
    13      1.5879     0.4000     1.8139    0.3214   0.3217   0.000100  (4.0s)
    14      1.5419     0.4688     1.7940    0.3214   0.3217   0.000100  (4.3s)
    15      1.6187     0.4250     1.7887    0.3214   0.3492   0.000100  (3.8s)
    16      1.4540     0.4813     1.7503    0.3214   0.3472   0.000100  (3.7s)
    17      1.5146     0.4437     1.6903    0.3214   0.3281   0.000100  (3.5s)
    18      1.4609     0.4562     1.6496    0.3929   0.4195   0.000100  (3.5s)
    19      1.4480     0.4562     1.6193    0.3571   0.3902   0.000100  (3.9s)
    20      1.4067     0.4938     1.5736    0.4643   0.4926   0.000100  (4.3s)
    21      1.3777     0.5000     1.5046    0.5357   0.5469   0.000100  (3.6s)
    22      1.3248     0.5687     1.4902    0.4286   0.5093   0.000100  (4.4s)
    23      1.3318     0.5500     1.4653    0.4286   0.4460   0.000100  (4.1s)
    24      1.2739     0.5813     1.4445    0.3929   0.4582   0.000100  (3.9s)
    25      1.2053     0.6000     1.3982    0.4643   0.4972   0.000100  (4.3s)
    26      1.1977     0.6062     1.3697    0.5357   0.5462   0.000100  (3.6s)
    27      1.2645     0.5687     1.3678    0.5357   0.5449   0.000100  (3.9s)
    28      1.1297     0.6250     1.3356    0.5357   0.5542   0.000100  (3.6s)
    29      1.0682     0.6813     1.2825    0.5714   0.6075   0.000100  (3.9s)
    30      1.1235     0.5750     1.2570    0.6786   0.6885   0.000100  (4.4s)
    31      0.9932     0.7063     1.2249    0.6429   0.6520   0.000100  (3.8s)
    32      1.0815     0.6687     1.2022    0.5714   0.5729   0.000100  (3.9s)
    33      0.9820     0.7188     1.1788    0.6786   0.6833   0.000100  (3.8s)
    34      0.9480     0.7125     1.1696    0.6429   0.6602   0.000100  (3.9s)
    35      0.9504     0.7188     1.1378    0.6786   0.6833   0.000100  (3.6s)
    36      0.8407     0.8125     1.1121    0.7143   0.7303   0.000100  (3.6s)
    37      0.8919     0.7500     1.0968    0.6786   0.7063   0.000100  (4.2s)
    38      0.8464     0.7438     1.0822    0.6429   0.6738   0.000100  (3.7s)
    39      0.8230     0.7625     0.9991    0.7500   0.7762   0.000100  (3.4s)
    40      0.7816     0.8063     0.9026    0.8214   0.8319   0.000100  (4.2s)
    41      0.7469     0.8125     0.8843    0.7857   0.8111   0.000100  (3.9s)
    42      0.7228     0.8562     0.8742    0.8214   0.8319   0.000100  (4.0s)
    43      0.7862     0.7937     0.8858    0.7857   0.8111   0.000100  (4.0s)
    44      0.6825     0.8438     0.8593    0.7500   0.7762   0.000100  (3.7s)
    45      0.7051     0.8250     0.8197    0.7857   0.8111   0.000100  (3.8s)
    46      0.6364     0.8688     0.8271    0.7857   0.8111   0.000100  (3.7s)
    47      0.6574     0.8375     0.8376    0.7857   0.8111   0.000100  (3.5s)
    48      0.5879     0.8750     0.7792    0.7500   0.7762   0.000100  (4.1s)
    49      0.6191     0.8812     0.7702    0.8214   0.8319   0.000100  (3.6s)
    50      0.6248     0.8875     0.7623    0.8214   0.8319   0.000050  (3.6s)

Best: epoch 40, val_acc=0.8214, val_f1=0.8319
Model saved: /mnt/extended-home/fitra_dosen/2025_iris_fer_taufik/MultimodalEmoLearn/models/benchmark/jaffe_randomsplit/_tmp/m.pth
Test Loss: 0.9018
Test Accuracy: 0.7143
Test Macro F1:    0.6786
Test Micro F1:    0.7143
Test Weighted F1: 0.6786

Classification Report:
              precision    recall  f1-score   support

     neutral       0.43      1.00      0.60         3
       happy       1.00      0.67      0.80         3
         sad       0.00      0.00      0.00         3
       angry       0.60      1.00      0.75         3
     fearful       1.00      0.67      0.80         3
   disgusted       1.00      1.00      1.00         3
   surprised       1.00      0.67      0.80         3

    accuracy                           0.71        21
   macro avg       0.72      0.71      0.68        21
weighted avg       0.72      0.71      0.68        21

    [CNN fold 4/10] macro_f1=0.6786 acc=0.7143
 Epoch  Train Loss  Train Acc   Val Loss   Val Acc   Val F1         LR
---------------------------------------------------------------------------
     1      2.1439     0.1500     1.9489    0.2500   0.0571   0.000100  (4.6s)
     2      1.9203     0.2000     1.9855    0.1071   0.0276   0.000100  (4.8s)
     3      2.0448     0.1562     2.0396    0.0714   0.0396   0.000100  (3.6s)
     4      1.9438     0.1875     2.0281    0.0714   0.0317   0.000100  (3.7s)
     5      1.8437     0.2625     1.9854    0.2857   0.1303   0.000100  (3.9s)
     6      1.8597     0.2375     1.9649    0.1786   0.1051   0.000100  (3.8s)
     7      1.7993     0.2687     1.8879    0.2143   0.1629   0.000100  (4.2s)
     8      1.8502     0.2812     1.8390    0.1786   0.1170   0.000100  (4.4s)
     9      1.7382     0.3187     1.8246    0.1071   0.0700   0.000100  (3.6s)
    10      1.7495     0.3125     1.7916    0.2857   0.2143   0.000100  (3.6s)
    11      1.7043     0.3312     1.7979    0.3214   0.2278   0.000100  (4.0s)
    12      1.6290     0.3750     1.7935    0.3571   0.2680   0.000100  (4.1s)
    13      1.4897     0.4250     1.7842    0.3214   0.2435   0.000100  (4.0s)
    14      1.5127     0.4375     1.7717    0.3214   0.2367   0.000100  (3.7s)
    15      1.5060     0.4625     1.8007    0.2857   0.2268   0.000100  (3.7s)
    16      1.3995     0.5250     1.7472    0.3214   0.2476   0.000100  (3.7s)
    17      1.4436     0.4813     1.6717    0.3929   0.2689   0.000100  (3.6s)
    18      1.4025     0.5500     1.6231    0.3929   0.3867   0.000100  (4.0s)
    19      1.3705     0.5500     1.6317    0.3929   0.4048   0.000100  (4.0s)
    20      1.2975     0.5687     1.6139    0.3929   0.4143   0.000100  (4.1s)
    21      1.3295     0.5125     1.5670    0.3929   0.2922   0.000100  (3.9s)
    22      1.2548     0.5875     1.5443    0.3571   0.2656   0.000100  (3.5s)
    23      1.2670     0.5938     1.5166    0.4286   0.4706   0.000100  (3.6s)
    24      1.2213     0.6000     1.4952    0.4286   0.4209   0.000100  (3.9s)
    25      1.1904     0.6500     1.4822    0.3929   0.3835   0.000100  (3.5s)
    26      1.1704     0.6250     1.4302    0.4643   0.5154   0.000100  (3.6s)
    27      1.1555     0.6062     1.4270    0.4643   0.5133   0.000100  (4.1s)
    28      1.0582     0.6562     1.4257    0.5357   0.5922   0.000100  (3.7s)
    29      1.1129     0.6188     1.3657    0.5000   0.5616   0.000100  (4.0s)
    30      1.0291     0.6875     1.3333    0.5000   0.5807   0.000100  (3.6s)
    31      0.9295     0.7688     1.3044    0.5714   0.5845   0.000100  (3.6s)
    32      0.9594     0.7063     1.2999    0.5357   0.6129   0.000100  (3.8s)
    33      0.9212     0.7625     1.2754    0.5357   0.5800   0.000100  (4.0s)
    34      0.8756     0.7438     1.2695    0.5714   0.6271   0.000100  (3.5s)
    35      0.9162     0.7688     1.2630    0.5714   0.6185   0.000100  (3.9s)
    36      0.7854     0.8313     1.2784    0.5357   0.5862   0.000100  (3.5s)
    37      0.7788     0.8250     1.2800    0.5000   0.5616   0.000100  (3.6s)
    38      0.7999     0.7937     1.2289    0.5000   0.5730   0.000100  (3.5s)
    39      0.7742     0.7812     1.1452    0.6786   0.7209   0.000100  (3.7s)
    40      0.6729     0.8438     1.1182    0.6429   0.6813   0.000100  (4.0s)
    41      0.6390     0.8500     1.1329    0.6429   0.7081   0.000100  (3.5s)
    42      0.6714     0.8500     1.1565    0.7143   0.7533   0.000100  (4.2s)
    43      0.7158     0.8125     1.1526    0.7500   0.8008   0.000100  (3.7s)
    44      0.6380     0.8812     1.1135    0.7857   0.8211   0.000100  (3.8s)
    45      0.6642     0.8438     1.0807    0.8214   0.8428   0.000100  (4.6s)
    46      0.5587     0.8938     1.0542    0.7500   0.6372   0.000100  (3.8s)
    47      0.5859     0.9000     1.0028    0.7857   0.8211   0.000100  (3.5s)
    48      0.5744     0.8938     0.9779    0.8214   0.8428   0.000100  (3.6s)
    49      0.6094     0.8500     1.0353    0.6786   0.7033   0.000100  (3.6s)
    50      0.5847     0.8812     1.0145    0.6786   0.7010   0.000100  (3.6s)

Best: epoch 45, val_acc=0.8214, val_f1=0.8428
Model saved: /mnt/extended-home/fitra_dosen/2025_iris_fer_taufik/MultimodalEmoLearn/models/benchmark/jaffe_randomsplit/_tmp/m.pth
Test Loss: 1.0327
Test Accuracy: 0.6190
Test Macro F1:    0.5786
Test Micro F1:    0.6190
Test Weighted F1: 0.5786

Classification Report:
              precision    recall  f1-score   support

     neutral       0.33      1.00      0.50         3
       happy       1.00      0.33      0.50         3
         sad       0.00      0.00      0.00         3
       angry       0.60      1.00      0.75         3
     fearful       1.00      0.67      0.80         3
   disgusted       1.00      0.33      0.50         3
   surprised       1.00      1.00      1.00         3

    accuracy                           0.62        21
   macro avg       0.70      0.62      0.58        21
weighted avg       0.70      0.62      0.58        21

    [CNN fold 5/10] macro_f1=0.5786 acc=0.6190
 Epoch  Train Loss  Train Acc   Val Loss   Val Acc   Val F1         LR
---------------------------------------------------------------------------
     1      2.1270     0.1500     1.9120    0.1071   0.0276   0.000100  (3.9s)
     2      1.9701     0.2125     1.9623    0.1071   0.0276   0.000100  (3.8s)
     3      1.9818     0.2062     2.0222    0.1071   0.0276   0.000100  (3.5s)
     4      1.9283     0.2375     2.0570    0.1071   0.0343   0.000100  (3.6s)
     5      1.9292     0.2375     2.0219    0.1071   0.0296   0.000100  (3.8s)
     6      1.8661     0.2625     1.9733    0.1071   0.0306   0.000100  (3.4s)
     7      1.8795     0.2437     1.9220    0.2500   0.1760   0.000100  (3.5s)
     8      1.8525     0.2500     1.8848    0.2143   0.1519   0.000100  (4.0s)
     9      1.8056     0.2812     1.8687    0.1071   0.0884   0.000100  (3.7s)
    10      1.7771     0.3125     1.8308    0.2143   0.1879   0.000100  (3.7s)
    11      1.6768     0.3438     1.8228    0.2143   0.1475   0.000100  (3.9s)
    12      1.6433     0.3688     1.8429    0.2143   0.1492   0.000100  (3.3s)
    13      1.6431     0.3937     1.8481    0.1786   0.1235   0.000100  (3.6s)
    14      1.6224     0.3563     1.8381    0.2143   0.1868   0.000100  (3.6s)
    15      1.6248     0.4125     1.8064    0.1786   0.1626   0.000100  (3.4s)
    16      1.5428     0.4313     1.7565    0.2500   0.2082   0.000100  (4.0s)
    17      1.5730     0.4437     1.7083    0.3929   0.4075   0.000100  (3.9s)
    18      1.4928     0.4625     1.6268    0.5000   0.5347   0.000100  (4.2s)
    19      1.4632     0.5000     1.5683    0.6071   0.6432   0.000100  (3.9s)
    20      1.4059     0.5188     1.5492    0.5714   0.6048   0.000100  (4.2s)
    21      1.4281     0.4875     1.5338    0.4643   0.5032   0.000100  (3.6s)
    22      1.4113     0.4813     1.5209    0.3571   0.3752   0.000100  (3.5s)
    23      1.3844     0.4625     1.4832    0.5000   0.4787   0.000100  (3.6s)
    24      1.3904     0.5437     1.4655    0.5714   0.5480   0.000100  (3.5s)
    25      1.3010     0.5687     1.4278    0.6429   0.6667   0.000100  (3.5s)
    26      1.2733     0.5500     1.3938    0.6429   0.6670   0.000100  (3.9s)
    27      1.2189     0.5875     1.3711    0.6071   0.6113   0.000100  (3.8s)
    28      1.1083     0.6750     1.3363    0.6786   0.6591   0.000100  (3.7s)
    29      1.1383     0.6250     1.2711    0.7500   0.7421   0.000100  (3.4s)
    30      1.1465     0.6312     1.2057    0.7500   0.7094   0.000100  (4.1s)
    31      1.0823     0.6625     1.1606    0.7857   0.7681   0.000100  (3.6s)
    32      1.0723     0.6875     1.1078    0.7857   0.7681   0.000100  (3.8s)
    33      0.9830     0.7125     1.0587    0.8214   0.8050   0.000100  (3.6s)
    34      0.9681     0.7500     1.0519    0.8214   0.8050   0.000100  (3.8s)
    35      0.9505     0.7188     1.0462    0.7857   0.7782   0.000100  (3.6s)
    36      0.9223     0.8000     1.0353    0.8214   0.8034   0.000100  (3.6s)
    37      0.8662     0.7937     1.0092    0.7143   0.7133   0.000100  (3.5s)
    38      0.8682     0.7750     0.9944    0.6786   0.6694   0.000100  (3.6s)
    39      0.8523     0.7500     0.9586    0.6429   0.6107   0.000100  (3.5s)
    40      0.8123     0.8063     0.9500    0.7857   0.7532   0.000100  (3.8s)
    41      0.7548     0.7812     0.9302    0.7857   0.7766   0.000100  (3.7s)
    42      0.6977     0.8313     0.8746    0.7857   0.7497   0.000100  (3.8s)
    43      0.7942     0.7812     0.8602    0.7857   0.7610   0.000050  (3.4s)
    44      0.6878     0.8625     0.8545    0.7857   0.7719   0.000050  (3.4s)
    45      0.7125     0.8187     0.8338    0.7857   0.7719   0.000050  (4.1s)
    46      0.6408     0.8500     0.8184    0.7500   0.7296   0.000050  (3.6s)
    47      0.7045     0.8063     0.7995    0.7500   0.7354   0.000050  (3.7s)
    48      0.6557     0.8750     0.7789    0.7500   0.7354   0.000050  (3.4s)

Early stopping at epoch 48. Best epoch: 33 (val_f1=0.8050)

Best: epoch 33, val_acc=0.8214, val_f1=0.8050
Model saved: /mnt/extended-home/fitra_dosen/2025_iris_fer_taufik/MultimodalEmoLearn/models/benchmark/jaffe_randomsplit/_tmp/m.pth
Test Loss: 1.1087
Test Accuracy: 0.7143
Test Macro F1:    0.6592
Test Micro F1:    0.7143
Test Weighted F1: 0.6592

Classification Report:
              precision    recall  f1-score   support

     neutral       0.75      1.00      0.86         3
       happy       0.75      1.00      0.86         3
         sad       0.00      0.00      0.00         3
       angry       1.00      0.33      0.50         3
     fearful       1.00      0.67      0.80         3
   disgusted       0.43      1.00      0.60         3
   surprised       1.00      1.00      1.00         3

    accuracy                           0.71        21
   macro avg       0.70      0.71      0.66        21
weighted avg       0.70      0.71      0.66        21

    [CNN fold 6/10] macro_f1=0.6592 acc=0.7143
 Epoch  Train Loss  Train Acc   Val Loss   Val Acc   Val F1         LR
---------------------------------------------------------------------------
     1      2.0777     0.1437     1.9280    0.1071   0.0276   0.000100  (4.7s)
     2      2.0024     0.1750     1.9697    0.1071   0.0276   0.000100  (4.1s)
     3      2.0687     0.1750     2.0420    0.1071   0.0628   0.000100  (3.6s)
     4      1.9016     0.2500     1.9887    0.1071   0.0276   0.000100  (4.0s)
     5      1.9157     0.2250     2.0033    0.1071   0.0276   0.000100  (3.5s)
     6      1.9012     0.2750     1.9980    0.1071   0.0306   0.000100  (3.4s)
     7      1.8901     0.2188     1.9490    0.1786   0.1105   0.000100  (3.5s)
     8      1.8061     0.2562     1.9413    0.2857   0.1531   0.000100  (3.9s)
     9      1.7983     0.2625     1.8896    0.2857   0.1837   0.000100  (3.8s)
    10      1.7474     0.3438     1.8266    0.3214   0.1786   0.000100  (4.2s)
    11      1.7680     0.2875     1.8232    0.3214   0.1837   0.000100  (3.7s)
    12      1.6894     0.3250     1.8237    0.2857   0.2023   0.000100  (3.6s)
    13      1.6245     0.3500     1.7904    0.3214   0.2284   0.000100  (4.0s)
    14      1.5068     0.4875     1.7781    0.3214   0.2443   0.000100  (4.1s)
    15      1.5610     0.3688     1.7779    0.2500   0.1800   0.000100  (3.8s)
    16      1.4474     0.4688     1.7618    0.2857   0.2070   0.000100  (3.4s)
    17      1.4288     0.4688     1.7114    0.3214   0.2647   0.000100  (3.5s)
    18      1.4653     0.4188     1.6781    0.3214   0.2641   0.000100  (3.8s)
    19      1.3616     0.5250     1.6434    0.3571   0.3038   0.000100  (3.4s)
    20      1.3672     0.5125     1.6242    0.4286   0.4287   0.000100  (4.2s)
    21      1.3671     0.5062     1.6051    0.3571   0.2907   0.000100  (4.0s)
    22      1.3229     0.5687     1.5959    0.3571   0.2838   0.000100  (3.7s)
    23      1.3276     0.4938     1.5778    0.4286   0.3322   0.000100  (4.0s)
    24      1.2238     0.6375     1.5749    0.3214   0.2430   0.000100  (3.6s)
    25      1.2481     0.5437     1.5611    0.3929   0.2801   0.000100  (3.5s)
    26      1.1303     0.6625     1.5261    0.3929   0.2886   0.000100  (3.3s)
    27      1.1813     0.6188     1.5133    0.3929   0.2886   0.000100  (3.6s)
    28      1.1678     0.5813     1.4797    0.3929   0.2886   0.000100  (3.5s)
    29      1.0550     0.6937     1.4229    0.5357   0.5051   0.000100  (3.6s)
    30      1.0752     0.6813     1.3646    0.5357   0.5092   0.000100  (4.1s)
    31      1.0109     0.7312     1.3021    0.6071   0.6187   0.000100  (4.1s)
    32      1.0266     0.6562     1.3150    0.5714   0.5879   0.000100  (4.0s)
    33      1.0004     0.7063     1.3045    0.5714   0.5879   0.000100  (3.6s)
    34      0.9450     0.7438     1.2942    0.6071   0.6124   0.000100  (3.8s)
    35      0.9135     0.7562     1.2523    0.6071   0.6136   0.000100  (3.6s)
    36      0.8774     0.7937     1.2368    0.6071   0.6136   0.000100  (3.5s)
    37      0.8190     0.7812     1.2697    0.5000   0.4246   0.000100  (3.6s)
    38      0.8800     0.7812     1.2292    0.6071   0.6208   0.000100  (3.5s)
    39      0.7812     0.8187     1.1912    0.6429   0.6780   0.000100  (3.8s)
    40      0.7708     0.8313     1.1673    0.5714   0.5622   0.000100  (4.0s)
    41      0.6967     0.8313     1.1076    0.6429   0.6728   0.000100  (3.6s)
    42      0.6681     0.8688     1.0742    0.6429   0.6728   0.000100  (3.5s)
    43      0.7461     0.8000     1.0601    0.6429   0.6728   0.000100  (3.5s)
    44      0.6434     0.8562     1.0693    0.6071   0.5974   0.000100  (3.6s)
    45      0.6594     0.8875     1.0461    0.6071   0.5943   0.000100  (3.5s)
    46      0.5483     0.8875     1.0084    0.6429   0.6711   0.000100  (3.4s)
    47      0.5575     0.8688     0.9576    0.6429   0.6711   0.000100  (3.4s)
    48      0.6061     0.8562     0.9365    0.6429   0.6705   0.000100  (3.5s)
    49      0.5424     0.8875     0.9604    0.6786   0.6925   0.000050  (3.6s)
    50      0.6186     0.8500     0.9443    0.6429   0.6712   0.000050  (4.0s)

Best: epoch 49, val_acc=0.6786, val_f1=0.6925
Model saved: /mnt/extended-home/fitra_dosen/2025_iris_fer_taufik/MultimodalEmoLearn/models/benchmark/jaffe_randomsplit/_tmp/m.pth
Test Loss: 0.7383
Test Accuracy: 0.7619
Test Macro F1:    0.7510
Test Micro F1:    0.7619
Test Weighted F1: 0.7510

Classification Report:
              precision    recall  f1-score   support

     neutral       0.60      1.00      0.75         3
       happy       1.00      0.67      0.80         3
         sad       1.00      0.33      0.50         3
       angry       0.60      1.00      0.75         3
     fearful       1.00      0.67      0.80         3
   disgusted       1.00      0.67      0.80         3
   surprised       0.75      1.00      0.86         3

    accuracy                           0.76        21
   macro avg       0.85      0.76      0.75        21
weighted avg       0.85      0.76      0.75        21

    [CNN fold 7/10] macro_f1=0.7510 acc=0.7619
 Epoch  Train Loss  Train Acc   Val Loss   Val Acc   Val F1         LR
---------------------------------------------------------------------------
     1      2.0380     0.1625     1.9920    0.1429   0.0357   0.000100  (3.9s)
     2      2.0436     0.1750     2.0836    0.1429   0.0357   0.000100  (4.0s)
     3      1.9769     0.2562     2.0822    0.1429   0.0357   0.000100  (3.7s)
     4      1.9953     0.2188     2.0515    0.1429   0.0357   0.000100  (3.6s)
     5      1.8927     0.2313     2.0369    0.1429   0.0357   0.000100  (3.8s)
     6      1.9853     0.1812     2.0433    0.1429   0.0369   0.000100  (3.6s)
     7      1.8291     0.3125     1.9871    0.1786   0.0798   0.000100  (4.1s)
     8      1.8391     0.2437     1.9672    0.2143   0.1218   0.000100  (4.1s)
     9      1.7610     0.3500     1.9144    0.1786   0.1018   0.000100  (4.1s)
    10      1.7624     0.3063     1.8628    0.1786   0.1019   0.000100  (3.6s)
    11      1.7608     0.3063     1.8258    0.1786   0.1025   0.000100  (3.5s)
    12      1.6636     0.3375     1.8135    0.2500   0.1748   0.000100  (3.5s)
    13      1.5568     0.4188     1.8301    0.2857   0.2245   0.000100  (3.9s)
    14      1.6032     0.3812     1.8065    0.1786   0.1357   0.000100  (4.1s)
    15      1.5365     0.4188     1.8115    0.1429   0.0803   0.000100  (3.5s)
    16      1.4623     0.5000     1.7913    0.2500   0.1825   0.000100  (3.5s)
    17      1.5208     0.4750     1.7455    0.3214   0.2238   0.000100  (3.5s)
    18      1.4732     0.4437     1.6614    0.3929   0.2139   0.000100  (3.6s)
    19      1.4259     0.4875     1.6173    0.5000   0.2980   0.000100  (3.7s)
    20      1.3455     0.5375     1.5847    0.5357   0.3766   0.000100  (4.0s)
    21      1.4073     0.4562     1.5769    0.3929   0.2633   0.000100  (4.2s)
    22      1.3379     0.5437     1.5527    0.5000   0.3610   0.000100  (3.7s)
    23      1.2803     0.5500     1.4852    0.4643   0.3796   0.000100  (3.6s)
    24      1.2845     0.5375     1.4338    0.5357   0.3751   0.000100  (3.9s)
    25      1.2185     0.5500     1.3942    0.6071   0.3952   0.000100  (3.6s)
    26      1.1476     0.6438     1.3592    0.6071   0.4308   0.000100  (4.1s)
    27      1.1720     0.5938     1.3403    0.6071   0.4287   0.000100  (4.0s)
    28      1.1013     0.6438     1.3264    0.6429   0.4762   0.000100  (3.8s)
    29      1.0670     0.6312     1.2721    0.6786   0.5808   0.000100  (4.1s)
    30      1.0731     0.6750     1.2544    0.7143   0.5819   0.000100  (4.0s)
    31      0.9930     0.7063     1.2156    0.6786   0.5160   0.000100  (4.0s)
    32      1.0088     0.6562     1.1453    0.6786   0.5455   0.000100  (3.7s)
    33      0.9670     0.7063     1.1042    0.7500   0.6105   0.000100  (3.6s)
    34      0.9440     0.7188     1.0997    0.7500   0.6796   0.000100  (4.0s)
    35      0.8730     0.8063     1.0905    0.7500   0.6769   0.000100  (4.4s)
    36      0.7782     0.8562     1.0657    0.7857   0.7228   0.000100  (3.7s)
    37      0.8513     0.7750     1.0611    0.7857   0.7228   0.000100  (4.1s)
    38      0.8214     0.8063     1.0215    0.7500   0.6786   0.000100  (3.6s)
    39      0.8232     0.7750     0.9667    0.8214   0.7591   0.000100  (3.6s)
    40      0.7632     0.8187     0.9654    0.8214   0.7418   0.000100  (3.9s)
    41      0.7017     0.8500     0.9432    0.8571   0.7926   0.000100  (3.8s)
    42      0.6519     0.8688     0.9321    0.8214   0.7619   0.000100  (4.0s)
    43      0.7069     0.8500     0.9219    0.8214   0.7534   0.000100  (3.7s)
    44      0.6365     0.8812     0.9178    0.7500   0.6082   0.000100  (3.5s)
    45      0.6595     0.8313     0.8812    0.7857   0.7187   0.000100  (3.4s)
    46      0.6016     0.8938     0.8588    0.8214   0.7449   0.000100  (3.5s)
    47      0.6775     0.8438     0.8815    0.8214   0.7449   0.000100  (3.7s)
    48      0.5895     0.8688     0.8309    0.8214   0.7449   0.000100  (3.6s)
    49      0.5903     0.8875     0.7755    0.8571   0.7815   0.000100  (3.6s)
    50      0.6095     0.8812     0.7684    0.8214   0.7534   0.000100  (3.5s)

Best: epoch 41, val_acc=0.8571, val_f1=0.7926
Model saved: /mnt/extended-home/fitra_dosen/2025_iris_fer_taufik/MultimodalEmoLearn/models/benchmark/jaffe_randomsplit/_tmp/m.pth
Test Loss: 1.0623
Test Accuracy: 0.7619
Test Macro F1:    0.7095
Test Micro F1:    0.7619
Test Weighted F1: 0.7095

Classification Report:
              precision    recall  f1-score   support

     neutral       0.60      1.00      0.75         3
       happy       0.00      0.00      0.00         3
         sad       0.67      0.67      0.67         3
       angry       1.00      1.00      1.00         3
     fearful       0.60      1.00      0.75         3
   disgusted       1.00      1.00      1.00         3
   surprised       1.00      0.67      0.80         3

    accuracy                           0.76        21
   macro avg       0.70      0.76      0.71        21
weighted avg       0.70      0.76      0.71        21

    [CNN fold 8/10] macro_f1=0.7095 acc=0.7619
 Epoch  Train Loss  Train Acc   Val Loss   Val Acc   Val F1         LR
---------------------------------------------------------------------------
     1      2.1204     0.1437     1.9345    0.2143   0.0504   0.000100  (4.0s)
     2      1.9993     0.1875     1.9682    0.2143   0.0504   0.000100  (4.1s)
     3      1.9713     0.1812     2.0083    0.1429   0.0581   0.000100  (3.7s)
     4      1.9580     0.1875     2.0084    0.2143   0.0504   0.000100  (4.2s)
     5      1.8601     0.2313     2.0155    0.1071   0.0451   0.000100  (3.8s)
     6      1.9548     0.2000     1.9931    0.2857   0.1524   0.000100  (3.8s)
     7      1.8555     0.2375     1.9647    0.2500   0.1097   0.000100  (4.1s)
     8      1.8472     0.2750     1.9487    0.1429   0.1201   0.000100  (3.7s)
     9      1.7967     0.2687     1.9361    0.0714   0.0561   0.000100  (3.8s)
    10      1.8137     0.2750     1.9081    0.1786   0.1630   0.000100  (3.6s)
    11      1.7326     0.3063     1.8809    0.1071   0.1000   0.000100  (4.2s)
    12      1.6431     0.3250     1.8641    0.1786   0.1635   0.000100  (3.7s)
    13      1.6249     0.3875     1.8383    0.2500   0.2698   0.000100  (3.8s)
    14      1.5649     0.3750     1.8229    0.3214   0.3657   0.000100  (4.2s)
    15      1.5850     0.4125     1.8159    0.1429   0.1389   0.000100  (4.3s)
    16      1.4900     0.4500     1.8046    0.1429   0.0932   0.000100  (3.7s)
    17      1.5901     0.3875     1.7695    0.1786   0.1500   0.000100  (3.7s)
    18      1.4964     0.4250     1.7171    0.3929   0.3590   0.000100  (3.6s)
    19      1.4714     0.4688     1.6826    0.4643   0.4233   0.000100  (3.6s)
    20      1.4292     0.4750     1.6436    0.4286   0.4177   0.000100  (4.1s)
    21      1.4546     0.4688     1.5789    0.4286   0.4308   0.000100  (3.6s)
    22      1.3540     0.4938     1.5445    0.3929   0.4160   0.000100  (4.2s)
    23      1.3759     0.4938     1.5132    0.5357   0.4848   0.000100  (3.8s)
    24      1.2866     0.5625     1.5137    0.4286   0.3954   0.000100  (4.0s)
    25      1.2317     0.5875     1.5133    0.3571   0.3429   0.000100  (3.6s)
    26      1.2483     0.6188     1.4644    0.3929   0.3476   0.000100  (3.7s)
    27      1.2466     0.6312     1.4350    0.4286   0.3869   0.000100  (3.9s)
    28      1.1550     0.6125     1.4343    0.4643   0.4821   0.000100  (3.8s)
    29      1.1489     0.5875     1.4023    0.5357   0.4922   0.000100  (3.7s)
    30      1.1765     0.6062     1.3186    0.6429   0.6216   0.000100  (3.8s)
    31      1.0607     0.6813     1.2666    0.6786   0.6745   0.000100  (4.6s)
    32      1.0228     0.7125     1.2392    0.6429   0.6129   0.000100  (4.0s)
    33      1.0666     0.6375     1.2276    0.6786   0.7019   0.000100  (3.7s)
    34      0.9733     0.7250     1.2132    0.6786   0.7010   0.000100  (4.3s)
    35      0.9454     0.7250     1.1854    0.6071   0.6256   0.000100  (3.8s)
    36      0.8944     0.7375     1.1640    0.6786   0.6876   0.000100  (3.9s)
    37      0.8759     0.7562     1.1476    0.6786   0.6574   0.000100  (3.8s)
    38      0.9235     0.7250     1.0661    0.7857   0.7405   0.000100  (3.7s)
    39      0.9095     0.7312     1.0374    0.7857   0.7323   0.000100  (4.0s)
    40      0.8719     0.7188     1.0549    0.7143   0.7189   0.000100  (3.7s)
    41      0.7672     0.8250     1.0384    0.7143   0.7189   0.000100  (3.7s)
    42      0.7600     0.8000     0.9877    0.7857   0.7802   0.000100  (3.5s)
    43      0.7924     0.7937     0.9449    0.7857   0.7745   0.000100  (3.8s)
    44      0.7240     0.8125     0.9625    0.7500   0.7237   0.000100  (4.6s)
    45      0.7558     0.8063     0.9728    0.7500   0.7349   0.000100  (3.8s)
    46      0.6679     0.8375     0.9539    0.7857   0.7745   0.000100  (3.6s)
    47      0.7592     0.7875     0.8925    0.7857   0.7465   0.000100  (3.6s)
    48      0.6533     0.8688     0.8682    0.7857   0.7442   0.000100  (3.6s)
    49      0.6497     0.8250     0.8771    0.7857   0.7442   0.000100  (3.6s)
    50      0.6767     0.8438     0.8697    0.7857   0.7632   0.000100  (3.7s)

Best: epoch 42, val_acc=0.7857, val_f1=0.7802
Model saved: /mnt/extended-home/fitra_dosen/2025_iris_fer_taufik/MultimodalEmoLearn/models/benchmark/jaffe_randomsplit/_tmp/m.pth
Test Loss: 0.7848
Test Accuracy: 0.9048
Test Macro F1:    0.9020
Test Micro F1:    0.9048
Test Weighted F1: 0.9020

Classification Report:
              precision    recall  f1-score   support

     neutral       0.75      1.00      0.86         3
       happy       1.00      1.00      1.00         3
         sad       1.00      0.67      0.80         3
       angry       1.00      1.00      1.00         3
     fearful       0.75      1.00      0.86         3
   disgusted       1.00      0.67      0.80         3
   surprised       1.00      1.00      1.00         3

    accuracy                           0.90        21
   macro avg       0.93      0.90      0.90        21
weighted avg       0.93      0.90      0.90        21

    [CNN fold 9/10] macro_f1=0.9020 acc=0.9048
 Epoch  Train Loss  Train Acc   Val Loss   Val Acc   Val F1         LR
---------------------------------------------------------------------------
     1      2.0727     0.1313     1.9761    0.1786   0.0433   0.000100  (4.3s)
     2      1.9841     0.1500     2.0197    0.1071   0.0276   0.000100  (4.1s)
     3      1.9489     0.1812     2.0287    0.1071   0.0276   0.000100  (3.7s)
     4      1.9052     0.2250     1.9973    0.1071   0.0276   0.000100  (3.6s)
     5      1.8622     0.2625     1.9408    0.2143   0.1110   0.000100  (4.0s)
     6      1.8991     0.2250     1.9009    0.1786   0.1143   0.000100  (4.0s)
     7      1.7741     0.2938     1.8669    0.1786   0.1190   0.000100  (4.2s)
     8      1.8694     0.2562     1.8582    0.2143   0.1095   0.000100  (3.9s)
     9      1.8080     0.2812     1.8484    0.1429   0.0816   0.000100  (3.6s)
    10      1.7318     0.3187     1.8343    0.1786   0.0863   0.000100  (3.7s)
    11      1.7090     0.3125     1.8317    0.1786   0.0876   0.000100  (3.5s)
    12      1.7014     0.3625     1.8455    0.1429   0.0872   0.000100  (3.5s)
    13      1.5819     0.3937     1.8505    0.1429   0.1000   0.000100  (3.5s)
    14      1.5490     0.4562     1.8298    0.1429   0.0884   0.000100  (4.0s)
    15      1.6339     0.4062     1.8263    0.1071   0.0654   0.000100  (3.6s)
    16      1.5044     0.4625     1.7691    0.1786   0.1071   0.000100  (3.4s)
    17      1.4406     0.4875     1.7591    0.2143   0.1236   0.000050  (3.4s)
    18      1.4391     0.4750     1.7467    0.2500   0.1429   0.000050  (4.7s)
    19      1.5182     0.4500     1.7239    0.2500   0.1383   0.000050  (4.0s)
    20      1.3898     0.5000     1.7307    0.2143   0.1236   0.000050  (3.5s)
    21      1.4564     0.4313     1.7068    0.2500   0.1383   0.000050  (4.2s)
    22      1.4092     0.5000     1.6958    0.2500   0.1383   0.000050  (3.7s)
    23      1.4050     0.4938     1.6652    0.2857   0.1823   0.000050  (3.5s)
    24      1.3276     0.5188     1.6504    0.2857   0.2350   0.000050  (3.8s)
    25      1.3271     0.5563     1.6193    0.3571   0.2999   0.000050  (3.7s)
    26      1.3084     0.5125     1.5830    0.3929   0.3741   0.000050  (3.7s)
    27      1.3045     0.5062     1.5707    0.3214   0.3245   0.000050  (4.4s)
    28      1.2604     0.5625     1.5495    0.3571   0.3379   0.000050  (3.8s)
    29      1.2284     0.6125     1.5104    0.3571   0.3379   0.000050  (3.6s)
    30      1.2039     0.6250     1.4867    0.3929   0.3736   0.000050  (4.1s)
    31      1.1184     0.6375     1.4778    0.4286   0.3909   0.000050  (3.6s)
    32      1.2175     0.5938     1.4433    0.3929   0.3401   0.000050  (3.8s)
    33      1.1548     0.5938     1.4123    0.5000   0.4683   0.000050  (3.5s)
    34      1.1380     0.6375     1.4048    0.4643   0.4514   0.000050  (3.9s)
    35      1.1525     0.6312     1.3870    0.4643   0.4514   0.000050  (3.6s)
    36      1.0593     0.6438     1.3924    0.5000   0.4841   0.000050  (3.7s)
    37      1.0174     0.6937     1.3736    0.5357   0.5124   0.000050  (4.2s)
    38      1.0624     0.6937     1.3326    0.5357   0.5175   0.000050  (3.9s)
    39      1.0332     0.6875     1.3098    0.5714   0.5476   0.000050  (4.1s)
    40      1.0097     0.6687     1.3018    0.5000   0.5032   0.000050  (4.0s)
    41      0.9265     0.7375     1.2895    0.5000   0.5032   0.000050  (3.6s)
    42      0.9229     0.7625     1.2790    0.5000   0.5090   0.000050  (3.6s)
    43      0.9420     0.7500     1.2615    0.5000   0.5051   0.000050  (3.8s)
    44      0.9073     0.7312     1.2388    0.5714   0.5457   0.000050  (3.7s)
    45      0.9366     0.7562     1.2080    0.6071   0.6071   0.000050  (3.6s)
    46      0.8966     0.7937     1.1888    0.6429   0.6395   0.000050  (4.1s)
    47      0.8867     0.7688     1.1911    0.6071   0.5913   0.000050  (4.1s)
    48      0.8573     0.7875     1.1701    0.5000   0.4807   0.000050  (3.8s)
    49      0.8798     0.7625     1.1743    0.6429   0.6338   0.000050  (3.6s)
    50      0.8714     0.7562     1.1564    0.6429   0.6338   0.000050  (3.8s)

Best: epoch 46, val_acc=0.6429, val_f1=0.6395
Model saved: /mnt/extended-home/fitra_dosen/2025_iris_fer_taufik/MultimodalEmoLearn/models/benchmark/jaffe_randomsplit/_tmp/m.pth
Test Loss: 1.0436
Test Accuracy: 0.7619
Test Macro F1:    0.7558
Test Micro F1:    0.7619
Test Weighted F1: 0.7728

Classification Report:
              precision    recall  f1-score   support

     neutral       0.50      1.00      0.67         3
       happy       1.00      1.00      1.00         3
         sad       0.67      0.67      0.67         3
       angry       1.00      0.67      0.80         3
     fearful       1.00      0.75      0.86         4
   disgusted       0.50      0.50      0.50         2
   surprised       1.00      0.67      0.80         3

    accuracy                           0.76        21
   macro avg       0.81      0.75      0.76        21
weighted avg       0.83      0.76      0.77        21

    [CNN fold 10/10] macro_f1=0.7558 acc=0.7619
  CNN                macro_f1=0.6778±0.1071  acc=0.7102±0.0936
 Epoch  Train Loss  Train Acc   Val Loss   Val Acc   Val F1         LR
---------------------------------------------------------------------------
     1      2.0091     0.1688     1.9290    0.2143   0.0504   0.000100  (0.0s)
     2      2.0221     0.1750     1.9225    0.2143   0.0504   0.000100  (0.0s)
     3      1.9427     0.1500     1.9207    0.2143   0.0504   0.000100  (0.1s)
     4      1.9284     0.1812     1.9357    0.2143   0.0504   0.000100  (0.0s)
     5      1.9022     0.2313     1.9316    0.2143   0.0504   0.000100  (0.0s)
     6      1.9741     0.1500     1.9154    0.2143   0.0504   0.000100  (0.0s)
     7      1.8956     0.1812     1.8983    0.2143   0.0591   0.000100  (0.0s)
     8      1.8320     0.2562     1.8652    0.2857   0.1714   0.000100  (0.0s)
     9      1.8302     0.2562     1.8192    0.4286   0.3178   0.000100  (0.1s)
    10      1.8550     0.2437     1.7634    0.5000   0.3873   0.000100  (0.1s)
    11      1.7950     0.3250     1.7585    0.3929   0.2940   0.000100  (0.1s)
    12      1.8044     0.3000     1.7498    0.3929   0.3791   0.000100  (0.0s)
    13      1.8311     0.2875     1.6825    0.5357   0.4729   0.000100  (0.1s)
    14      1.7884     0.3063     1.6735    0.5357   0.4643   0.000100  (0.0s)
    15      1.7297     0.3500     1.6416    0.5357   0.4469   0.000100  (0.0s)
    16      1.7308     0.3312     1.6358    0.5000   0.4694   0.000100  (0.0s)
    17      1.7266     0.3000     1.6473    0.4643   0.4032   0.000100  (0.0s)
    18      1.6789     0.3625     1.6324    0.4643   0.3835   0.000100  (0.0s)
    19      1.5782     0.4562     1.6047    0.4643   0.3925   0.000100  (0.1s)
    20      1.6383     0.3812     1.5541    0.5357   0.4667   0.000100  (0.1s)
    21      1.5837     0.4313     1.5334    0.5714   0.4889   0.000100  (0.0s)
    22      1.5958     0.3937     1.4710    0.4643   0.4065   0.000100  (0.0s)
    23      1.5926     0.4500     1.4804    0.5714   0.5588   0.000100  (0.1s)
    24      1.5454     0.4313     1.5201    0.5357   0.4924   0.000100  (0.1s)
    25      1.5835     0.4750     1.4622    0.5357   0.5108   0.000100  (0.0s)
    26      1.5268     0.4562     1.4863    0.5357   0.4775   0.000100  (0.0s)
    27      1.5006     0.4250     1.4572    0.5357   0.5235   0.000100  (0.0s)
    28      1.4864     0.4688     1.4251    0.5714   0.5833   0.000100  (0.0s)
    29      1.4326     0.5188     1.3319    0.5357   0.4841   0.000100  (0.1s)
    30      1.4327     0.5000     1.3152    0.5357   0.4855   0.000100  (0.1s)
    31      1.4653     0.4500     1.3466    0.5357   0.4841   0.000100  (0.0s)
    32      1.4333     0.5000     1.2492    0.5714   0.5045   0.000100  (0.0s)
    33      1.4203     0.4437     1.1567    0.6429   0.5588   0.000100  (0.0s)
    34      1.4071     0.4750     1.1395    0.6429   0.5380   0.000100  (0.1s)
    35      1.3999     0.5000     1.1819    0.6786   0.6771   0.000100  (0.0s)
    36      1.3226     0.5188     1.1725    0.6071   0.5500   0.000100  (0.0s)
    37      1.3489     0.5500     1.1673    0.5357   0.4684   0.000100  (0.0s)
    38      1.3034     0.5500     1.1536    0.6071   0.6045   0.000100  (0.0s)
    39      1.3133     0.5250     1.1150    0.5714   0.4949   0.000100  (0.0s)
    40      1.2815     0.5563     1.0958    0.6429   0.6405   0.000100  (0.0s)
    41      1.3093     0.5500     1.1615    0.6786   0.6921   0.000100  (0.0s)
    42      1.3003     0.5563     1.1236    0.6786   0.6921   0.000100  (0.1s)
    43      1.2635     0.5750     1.0274    0.6786   0.6273   0.000100  (0.1s)
    44      1.2040     0.5813     1.0307    0.7857   0.7627   0.000100  (0.0s)
    45      1.2185     0.5938     1.0840    0.7143   0.6965   0.000100  (0.0s)
    46      1.2409     0.5687     1.1212    0.5714   0.5918   0.000100  (0.1s)
    47      1.1764     0.6188     1.3003    0.5357   0.5569   0.000100  (0.1s)
    48      1.1739     0.6375     1.0765    0.5714   0.5038   0.000100  (0.0s)
    49      1.1546     0.5625     0.9986    0.6429   0.5421   0.000100  (0.0s)
    50      1.1440     0.6562     1.0246    0.7143   0.6806   0.000100  (0.0s)

Best: epoch 44, val_acc=0.7857, val_f1=0.7627
Model saved: /mnt/extended-home/fitra_dosen/2025_iris_fer_taufik/MultimodalEmoLearn/models/benchmark/jaffe_randomsplit/_tmp/m.pth
Test Loss: 1.5738
Test Accuracy: 0.2727
Test Macro F1:    0.2123
Test Micro F1:    0.2727
Test Weighted F1: 0.2026

Classification Report:
              precision    recall  f1-score   support

     neutral       0.17      0.33      0.22         3
       happy       0.50      0.33      0.40         3
         sad       0.25      0.67      0.36         3
       angry       0.40      0.67      0.50         3
     fearful       0.00      0.00      0.00         4
   disgusted       0.00      0.00      0.00         3
   surprised       0.00      0.00      0.00         3

    accuracy                           0.27        22
   macro avg       0.19      0.29      0.21        22
weighted avg       0.18      0.27      0.20        22

    [FCNN fold 1/10] macro_f1=0.2123 acc=0.2727
 Epoch  Train Loss  Train Acc   Val Loss   Val Acc   Val F1         LR
---------------------------------------------------------------------------
     1      2.0186     0.1062     1.9257    0.2143   0.0588   0.000100  (0.1s)
     2      1.9981     0.1812     1.9197    0.2143   0.0588   0.000100  (0.0s)
     3      1.9318     0.1875     1.9316    0.2143   0.0588   0.000100  (0.0s)
     4      1.9375     0.1562     1.9490    0.2143   0.0553   0.000100  (0.1s)
     5      1.8899     0.2562     1.9580    0.2143   0.0659   0.000100  (0.0s)
     6      1.9460     0.1875     1.9566    0.2143   0.0571   0.000100  (0.0s)
     7      1.8667     0.1938     1.9482    0.2143   0.0591   0.000100  (0.0s)
     8      1.7954     0.2812     1.9171    0.2143   0.1058   0.000100  (0.0s)
     9      1.8337     0.2562     1.8921    0.2500   0.1122   0.000100  (0.0s)
    10      1.7801     0.3312     1.8568    0.2500   0.1480   0.000100  (0.0s)
    11      1.7368     0.3312     1.8462    0.2857   0.1501   0.000100  (0.1s)
    12      1.7572     0.3000     1.8226    0.3214   0.1871   0.000100  (0.1s)
    13      1.7607     0.2938     1.8043    0.3214   0.2075   0.000100  (0.0s)
    14      1.7554     0.3375     1.7729    0.3929   0.2643   0.000100  (0.0s)
    15      1.7182     0.3563     1.7159    0.4643   0.3200   0.000100  (0.1s)
    16      1.6589     0.3563     1.7208    0.4643   0.3391   0.000100  (0.0s)
    17      1.6881     0.3312     1.7056    0.4286   0.3087   0.000100  (0.0s)
    18      1.6563     0.3875     1.6695    0.5000   0.3432   0.000100  (0.0s)
    19      1.5706     0.3812     1.6437    0.5000   0.3901   0.000100  (0.0s)
    20      1.6275     0.4188     1.6027    0.4643   0.3155   0.000100  (0.1s)
    21      1.5965     0.4250     1.5873    0.5000   0.3861   0.000100  (0.1s)
    22      1.5880     0.4500     1.5582    0.4643   0.2873   0.000100  (0.0s)
    23      1.5600     0.4813     1.5918    0.3929   0.2048   0.000100  (0.0s)
    24      1.5478     0.4313     1.5641    0.5000   0.3323   0.000100  (0.0s)
    25      1.5593     0.4500     1.5302    0.5000   0.3525   0.000100  (0.1s)
    26      1.5162     0.4437     1.6017    0.4643   0.3312   0.000100  (0.0s)
    27      1.4641     0.4625     1.5988    0.3929   0.2812   0.000100  (0.0s)
    28      1.4766     0.4813     1.5967    0.3571   0.2668   0.000100  (0.0s)
    29      1.4180     0.5188     1.5458    0.3571   0.2604   0.000050  (0.0s)
    30      1.4278     0.4750     1.5120    0.3571   0.2604   0.000050  (0.0s)
    31      1.4063     0.5062     1.4795    0.4286   0.3050   0.000050  (0.1s)
    32      1.4333     0.4875     1.4958    0.3929   0.2842   0.000050  (0.1s)
    33      1.4303     0.4750     1.4860    0.3929   0.2864   0.000050  (0.1s)
    34      1.4314     0.4313     1.4838    0.3929   0.2985   0.000050  (0.0s)

Early stopping at epoch 34. Best epoch: 19 (val_f1=0.3901)

Best: epoch 19, val_acc=0.5000, val_f1=0.3901
Model saved: /mnt/extended-home/fitra_dosen/2025_iris_fer_taufik/MultimodalEmoLearn/models/benchmark/jaffe_randomsplit/_tmp/m.pth
Test Loss: 1.6900
Test Accuracy: 0.4545
Test Macro F1:    0.3796
Test Micro F1:    0.4545
Test Weighted F1: 0.4013

Classification Report:
              precision    recall  f1-score   support

     neutral       0.00      0.00      0.00         3
       happy       1.00      0.75      0.86         4
         sad       0.40      0.67      0.50         3
       angry       0.33      1.00      0.50         3
     fearful       1.00      0.67      0.80         3
   disgusted       0.00      0.00      0.00         3
   surprised       0.00      0.00      0.00         3

    accuracy                           0.45        22
   macro avg       0.39      0.44      0.38        22
weighted avg       0.42      0.45      0.40        22

    [FCNN fold 2/10] macro_f1=0.3796 acc=0.4545
 Epoch  Train Loss  Train Acc   Val Loss   Val Acc   Val F1         LR
---------------------------------------------------------------------------
     1      2.0300     0.1500     1.9216    0.2143   0.0504   0.000100  (0.0s)
     2      2.0271     0.1375     1.9142    0.2143   0.0504   0.000100  (0.1s)
     3      1.9639     0.1750     1.9109    0.2143   0.0504   0.000100  (0.1s)
     4      1.9207     0.2188     1.9113    0.2500   0.0929   0.000100  (0.1s)
     5      1.8533     0.2625     1.9110    0.2500   0.0895   0.000100  (0.0s)
     6      1.8831     0.1938     1.8989    0.2500   0.1173   0.000100  (0.0s)
     7      1.8586     0.2625     1.8690    0.2857   0.1336   0.000100  (0.1s)
     8      1.8394     0.2562     1.8087    0.3214   0.2519   0.000100  (0.0s)
     9      1.8710     0.2375     1.7550    0.3571   0.2817   0.000100  (0.0s)
    10      1.8370     0.2313     1.7100    0.3929   0.3527   0.000100  (0.0s)
    11      1.7727     0.3187     1.6811    0.5714   0.4809   0.000100  (0.0s)
    12      1.7368     0.3438     1.6371    0.6071   0.5095   0.000100  (0.1s)
    13      1.7445     0.3312     1.6250    0.5714   0.4718   0.000100  (0.1s)
    14      1.7661     0.3063     1.6106    0.5714   0.5121   0.000100  (0.0s)
    15      1.7521     0.2812     1.5821    0.6071   0.5219   0.000100  (0.0s)
    16      1.6773     0.3500     1.5440    0.6071   0.5301   0.000100  (0.1s)
    17      1.7123     0.3875     1.4996    0.5714   0.4556   0.000100  (0.0s)
    18      1.6383     0.4313     1.4896    0.5714   0.4553   0.000100  (0.0s)
    19      1.5941     0.4062     1.4715    0.6429   0.5135   0.000100  (0.0s)
    20      1.6151     0.4125     1.4647    0.6071   0.4857   0.000100  (0.0s)
    21      1.6076     0.4188     1.4467    0.5714   0.4130   0.000100  (0.0s)
    22      1.5876     0.4250     1.4353    0.6429   0.5386   0.000100  (0.0s)
    23      1.5341     0.4500     1.4000    0.6786   0.5804   0.000100  (0.1s)
    24      1.4943     0.4625     1.3685    0.6786   0.5772   0.000100  (0.1s)
    25      1.5192     0.4500     1.2770    0.7143   0.6275   0.000100  (0.0s)
    26      1.4891     0.4750     1.3550    0.5714   0.4853   0.000100  (0.0s)
    27      1.4761     0.4437     1.2917    0.6429   0.5108   0.000100  (0.1s)
    28      1.4349     0.4938     1.2938    0.6429   0.5047   0.000100  (0.0s)
    29      1.4528     0.4750     1.2502    0.6071   0.4751   0.000100  (0.0s)
    30      1.3685     0.5750     1.2297    0.6071   0.5115   0.000100  (0.0s)
    31      1.4043     0.4625     1.2054    0.6786   0.5879   0.000100  (0.0s)
    32      1.3771     0.5437     1.1817    0.6071   0.4388   0.000100  (0.0s)
    33      1.3605     0.5125     1.2220    0.6429   0.4977   0.000100  (0.1s)
    34      1.3759     0.5250     1.2553    0.6429   0.5750   0.000100  (0.1s)
    35      1.3718     0.5125     1.2751    0.5000   0.4028   0.000050  (0.0s)
    36      1.4039     0.5250     1.2286    0.5714   0.4779   0.000050  (0.0s)
    37      1.3498     0.4938     1.1760    0.5714   0.4754   0.000050  (0.0s)
    38      1.2644     0.6125     1.1977    0.6071   0.5505   0.000050  (0.1s)
    39      1.2890     0.5750     1.2361    0.6071   0.5505   0.000050  (0.0s)
    40      1.3131     0.5375     1.2274    0.5714   0.4754   0.000050  (0.0s)

Early stopping at epoch 40. Best epoch: 25 (val_f1=0.6275)

Best: epoch 25, val_acc=0.7143, val_f1=0.6275
Model saved: /mnt/extended-home/fitra_dosen/2025_iris_fer_taufik/MultimodalEmoLearn/models/benchmark/jaffe_randomsplit/_tmp/m.pth
Test Loss: 1.6062
Test Accuracy: 0.2727
Test Macro F1:    0.2697
Test Micro F1:    0.2727
Test Weighted F1: 0.2575

Classification Report:
              precision    recall  f1-score   support

     neutral       0.20      0.33      0.25         3
       happy       0.67      0.67      0.67         3
         sad       0.00      0.00      0.00         4
       angry       0.25      0.33      0.29         3
     fearful       0.00      0.00      0.00         3
   disgusted       0.25      0.33      0.29         3
   surprised       0.50      0.33      0.40         3

    accuracy                           0.27        22
   macro avg       0.27      0.29      0.27        22
weighted avg       0.25      0.27      0.26        22

    [FCNN fold 3/10] macro_f1=0.2697 acc=0.2727
 Epoch  Train Loss  Train Acc   Val Loss   Val Acc   Val F1         LR
---------------------------------------------------------------------------
     1      2.0221     0.1375     1.9152    0.2500   0.0571   0.000100  (0.0s)
     2      1.9728     0.1437     1.9041    0.2500   0.0571   0.000100  (0.0s)
     3      1.9711     0.1500     1.9077    0.2500   0.0571   0.000100  (0.1s)
     4      1.9240     0.2062     1.9105    0.2500   0.0571   0.000100  (0.1s)
     5      1.9466     0.2000     1.9092    0.1786   0.0549   0.000100  (0.0s)
     6      1.9597     0.1875     1.8906    0.2857   0.1026   0.000100  (0.0s)
     7      1.9082     0.2188     1.8543    0.2500   0.1037   0.000100  (0.0s)
     8      1.9092     0.2375     1.8087    0.3571   0.3319   0.000100  (0.1s)
     9      1.8239     0.3125     1.7732    0.4286   0.5224   0.000100  (0.1s)
    10      1.8381     0.2875     1.7413    0.3929   0.4294   0.000100  (0.0s)
    11      1.7748     0.3438     1.7142    0.3571   0.3799   0.000100  (0.0s)
    12      1.7916     0.3375     1.6654    0.3214   0.2932   0.000100  (0.1s)
    13      1.7580     0.3438     1.6300    0.3929   0.3832   0.000100  (0.1s)
    14      1.7704     0.2875     1.5909    0.4643   0.4937   0.000100  (0.0s)
    15      1.7609     0.3187     1.5569    0.5714   0.5663   0.000100  (0.0s)
    16      1.6794     0.3250     1.5858    0.5000   0.4755   0.000100  (0.0s)
    17      1.6854     0.3812     1.5712    0.5000   0.4674   0.000100  (0.0s)
    18      1.6807     0.3688     1.4924    0.6429   0.6124   0.000100  (0.1s)
    19      1.6940     0.3500     1.4580    0.6071   0.6115   0.000100  (0.1s)
    20      1.5890     0.4375     1.4324    0.5357   0.5378   0.000100  (0.1s)
    21      1.6401     0.3750     1.4180    0.5000   0.4393   0.000100  (0.0s)
    22      1.5763     0.4375     1.3864    0.5000   0.4533   0.000100  (0.0s)
    23      1.6416     0.3500     1.3588    0.5000   0.4349   0.000100  (0.0s)
    24      1.5526     0.4437     1.3323    0.5357   0.4782   0.000100  (0.1s)
    25      1.5580     0.3812     1.2993    0.5714   0.5749   0.000100  (0.1s)
    26      1.5435     0.4562     1.2357    0.5714   0.5076   0.000100  (0.0s)
    27      1.5593     0.4125     1.2545    0.5714   0.5154   0.000100  (0.0s)
    28      1.5097     0.4437     1.2517    0.5357   0.4810   0.000050  (0.0s)
    29      1.4392     0.5188     1.2431    0.5000   0.4480   0.000050  (0.0s)
    30      1.4737     0.4437     1.2347    0.5357   0.4786   0.000050  (0.0s)
    31      1.4910     0.4437     1.2601    0.5000   0.4738   0.000050  (0.0s)
    32      1.4873     0.4437     1.2977    0.5000   0.4495   0.000050  (0.1s)
    33      1.4390     0.5625     1.2904    0.5000   0.4495   0.000050  (0.1s)

Early stopping at epoch 33. Best epoch: 18 (val_f1=0.6124)

Best: epoch 18, val_acc=0.6429, val_f1=0.6124
Model saved: /mnt/extended-home/fitra_dosen/2025_iris_fer_taufik/MultimodalEmoLearn/models/benchmark/jaffe_randomsplit/_tmp/m.pth
Test Loss: 1.6284
Test Accuracy: 0.4286
Test Macro F1:    0.4065
Test Micro F1:    0.4286
Test Weighted F1: 0.4065

Classification Report:
              precision    recall  f1-score   support

     neutral       0.20      0.33      0.25         3
       happy       0.67      0.67      0.67         3
         sad       0.25      0.33      0.29         3
       angry       0.50      0.67      0.57         3
     fearful       0.00      0.00      0.00         3
   disgusted       1.00      0.33      0.50         3
   surprised       0.50      0.67      0.57         3

    accuracy                           0.43        21
   macro avg       0.45      0.43      0.41        21
weighted avg       0.45      0.43      0.41        21

    [FCNN fold 4/10] macro_f1=0.4065 acc=0.4286
 Epoch  Train Loss  Train Acc   Val Loss   Val Acc   Val F1         LR
---------------------------------------------------------------------------
     1      2.0684     0.1250     1.9020    0.2857   0.0635   0.000100  (0.0s)
     2      1.9712     0.1875     1.8839    0.2857   0.0635   0.000100  (0.0s)
     3      1.9686     0.1875     1.8882    0.2857   0.0635   0.000100  (0.0s)
     4      1.9395     0.1875     1.8870    0.0714   0.0190   0.000100  (0.0s)
     5      1.9163     0.1875     1.8969    0.0714   0.0190   0.000100  (0.0s)
     6      1.8868     0.2125     1.9155    0.1071   0.0515   0.000100  (0.1s)
     7      1.8825     0.2437     1.9120    0.0714   0.0190   0.000100  (0.1s)
     8      1.8517     0.2375     1.8798    0.1071   0.0490   0.000100  (0.0s)
     9      1.8651     0.2250     1.8253    0.3214   0.1397   0.000100  (0.0s)
    10      1.7863     0.3063     1.7942    0.3571   0.2800   0.000100  (0.0s)
    11      1.8109     0.2625     1.7658    0.3214   0.2824   0.000100  (0.1s)
    12      1.8134     0.2812     1.7383    0.3929   0.2881   0.000100  (0.1s)
    13      1.7401     0.3750     1.7179    0.3929   0.2803   0.000100  (0.0s)
    14      1.7610     0.3125     1.7242    0.3571   0.2440   0.000100  (0.0s)
    15      1.7223     0.3688     1.6685    0.4286   0.3220   0.000100  (0.0s)
    16      1.7059     0.3563     1.5986    0.5357   0.5333   0.000100  (0.0s)
    17      1.7017     0.3312     1.6006    0.4643   0.4159   0.000100  (0.1s)
    18      1.6662     0.3937     1.6121    0.5357   0.5118   0.000100  (0.1s)
    19      1.6511     0.3688     1.6375    0.3929   0.3005   0.000100  (0.0s)
    20      1.5964     0.4188     1.6071    0.3929   0.2931   0.000100  (0.0s)
    21      1.6496     0.3438     1.5530    0.5000   0.3703   0.000100  (0.0s)
    22      1.6119     0.4062     1.5248    0.5000   0.3720   0.000100  (0.1s)
    23      1.6332     0.4062     1.5307    0.4286   0.3222   0.000100  (0.0s)
    24      1.5975     0.3875     1.4836    0.5357   0.4320   0.000100  (0.0s)
    25      1.5274     0.4062     1.4316    0.6071   0.4162   0.000100  (0.0s)
    26      1.5199     0.4375     1.3967    0.5000   0.3502   0.000050  (0.0s)
    27      1.5704     0.4375     1.4098    0.5357   0.5059   0.000050  (0.0s)
    28      1.5066     0.4500     1.4185    0.4286   0.3221   0.000050  (0.1s)
    29      1.4667     0.5062     1.4288    0.3929   0.3107   0.000050  (0.1s)
    30      1.4561     0.5188     1.4210    0.3929   0.3005   0.000050  (0.0s)
    31      1.4813     0.5062     1.4301    0.3929   0.3005   0.000050  (0.0s)

Early stopping at epoch 31. Best epoch: 16 (val_f1=0.5333)

Best: epoch 16, val_acc=0.5357, val_f1=0.5333
Model saved: /mnt/extended-home/fitra_dosen/2025_iris_fer_taufik/MultimodalEmoLearn/models/benchmark/jaffe_randomsplit/_tmp/m.pth
Test Loss: 1.7093
Test Accuracy: 0.4762
Test Macro F1:    0.4024
Test Micro F1:    0.4762
Test Weighted F1: 0.4024

Classification Report:
              precision    recall  f1-score   support

     neutral       0.29      0.67      0.40         3
       happy       0.60      1.00      0.75         3
         sad       0.00      0.00      0.00         3
       angry       0.67      0.67      0.67         3
     fearful       0.00      0.00      0.00         3
   disgusted       0.00      0.00      0.00         3
   surprised       1.00      1.00      1.00         3

    accuracy                           0.48        21
   macro avg       0.36      0.48      0.40        21
weighted avg       0.36      0.48      0.40        21

    [FCNN fold 5/10] macro_f1=0.4024 acc=0.4762
 Epoch  Train Loss  Train Acc   Val Loss   Val Acc   Val F1         LR
---------------------------------------------------------------------------
     1      2.0473     0.1125     1.9156    0.2857   0.0635   0.000100  (0.1s)
     2      1.9747     0.1437     1.9110    0.2857   0.0635   0.000100  (0.1s)
     3      2.0157     0.1437     1.9051    0.2857   0.0635   0.000100  (0.1s)
     4      1.9705     0.1938     1.9066    0.2857   0.0635   0.000100  (0.0s)
     5      1.9031     0.2125     1.8939    0.2857   0.0693   0.000100  (0.0s)
     6      1.8799     0.2625     1.8711    0.2857   0.0672   0.000100  (0.1s)
     7      1.9362     0.1625     1.8381    0.2857   0.0714   0.000100  (0.1s)
     8      1.8859     0.2125     1.8252    0.2857   0.1060   0.000100  (0.0s)
     9      1.8333     0.3000     1.7893    0.3571   0.2569   0.000100  (0.0s)
    10      1.8252     0.2750     1.7367    0.4286   0.3389   0.000100  (0.0s)
    11      1.8232     0.2875     1.6704    0.5357   0.4058   0.000100  (0.1s)
    12      1.8096     0.3250     1.6043    0.5000   0.3528   0.000100  (0.1s)
    13      1.7728     0.3312     1.5695    0.4643   0.3822   0.000100  (0.0s)
    14      1.8337     0.2750     1.4999    0.5357   0.3707   0.000100  (0.0s)
    15      1.7374     0.3063     1.4995    0.5357   0.4254   0.000100  (0.0s)
    16      1.7911     0.3000     1.4831    0.6071   0.5189   0.000100  (0.1s)
    17      1.7598     0.2938     1.5002    0.5714   0.4975   0.000100  (0.0s)
    18      1.7831     0.2562     1.4370    0.5714   0.4417   0.000100  (0.0s)
    19      1.6955     0.3563     1.4341    0.6429   0.5417   0.000100  (0.0s)
    20      1.6550     0.3625     1.4416    0.6071   0.5266   0.000100  (0.0s)
    21      1.6412     0.3563     1.4182    0.5714   0.4935   0.000100  (0.0s)
    22      1.6624     0.4062     1.4056    0.5714   0.4653   0.000100  (0.0s)
    23      1.6753     0.3563     1.3836    0.6071   0.5164   0.000100  (0.1s)
    24      1.6334     0.3625     1.3595    0.7143   0.5931   0.000100  (0.1s)
    25      1.6021     0.3937     1.3668    0.6429   0.6186   0.000100  (0.0s)
    26      1.5497     0.4125     1.3608    0.6429   0.6188   0.000100  (0.0s)
    27      1.5609     0.3937     1.3254    0.6429   0.6182   0.000100  (0.0s)
    28      1.5669     0.3750     1.2993    0.6071   0.5607   0.000100  (0.1s)
    29      1.4742     0.4437     1.2568    0.6429   0.5891   0.000100  (0.1s)
    30      1.4692     0.4688     1.1963    0.7500   0.6974   0.000100  (0.0s)
    31      1.5288     0.4125     1.1592    0.5714   0.4605   0.000100  (0.0s)
    32      1.4682     0.4875     1.1692    0.5714   0.5060   0.000100  (0.0s)
    33      1.4776     0.4688     1.2045    0.6429   0.5908   0.000100  (0.0s)
    34      1.4300     0.5250     1.1560    0.6429   0.5911   0.000100  (0.0s)
    35      1.4398     0.4313     1.1084    0.6071   0.5146   0.000100  (0.0s)
    36      1.3889     0.5125     1.0993    0.7143   0.6197   0.000100  (0.0s)
    37      1.3515     0.5312     1.0800    0.7857   0.7498   0.000100  (0.0s)
    38      1.3586     0.5250     1.2083    0.6071   0.5374   0.000100  (0.1s)
    39      1.3537     0.5375     1.2646    0.6071   0.5990   0.000100  (0.1s)
    40      1.3374     0.5312     1.2807    0.5357   0.4498   0.000100  (0.0s)
    41      1.3339     0.5500     1.2098    0.5357   0.4546   0.000100  (0.0s)
    42      1.4347     0.4500     1.1463    0.6429   0.5701   0.000100  (0.1s)
    43      1.2874     0.5500     1.0701    0.7500   0.7080   0.000100  (0.1s)
    44      1.3098     0.5312     1.1341    0.5714   0.5016   0.000100  (0.0s)
    45      1.2800     0.6000     1.0496    0.6429   0.5810   0.000100  (0.0s)
    46      1.2270     0.6250     0.9918    0.7857   0.7372   0.000100  (0.0s)
    47      1.2359     0.5813     0.9579    0.7143   0.6583   0.000050  (0.0s)
    48      1.2668     0.5437     0.9695    0.7857   0.7372   0.000050  (0.0s)
    49      1.2005     0.6125     0.9616    0.6786   0.6531   0.000050  (0.0s)
    50      1.2109     0.5813     0.9361    0.7500   0.6736   0.000050  (0.0s)

Best: epoch 37, val_acc=0.7857, val_f1=0.7498
Model saved: /mnt/extended-home/fitra_dosen/2025_iris_fer_taufik/MultimodalEmoLearn/models/benchmark/jaffe_randomsplit/_tmp/m.pth
Test Loss: 1.2669
Test Accuracy: 0.7143
Test Macro F1:    0.6939
Test Micro F1:    0.7143
Test Weighted F1: 0.6939

Classification Report:
              precision    recall  f1-score   support

     neutral       0.50      0.67      0.57         3
       happy       0.75      1.00      0.86         3
         sad       0.50      0.67      0.57         3
       angry       0.75      1.00      0.86         3
     fearful       1.00      0.33      0.50         3
   disgusted       1.00      0.33      0.50         3
   surprised       1.00      1.00      1.00         3

    accuracy                           0.71        21
   macro avg       0.79      0.71      0.69        21
weighted avg       0.79      0.71      0.69        21

    [FCNN fold 6/10] macro_f1=0.6939 acc=0.7143
 Epoch  Train Loss  Train Acc   Val Loss   Val Acc   Val F1         LR
---------------------------------------------------------------------------
     1      2.0798     0.1187     1.9057    0.3214   0.0695   0.000100  (0.0s)
     2      1.9558     0.1562     1.9002    0.3214   0.0695   0.000100  (0.0s)
     3      1.9754     0.1875     1.9003    0.3214   0.0695   0.000100  (0.0s)
     4      1.9479     0.1562     1.9019    0.3929   0.1458   0.000100  (0.0s)
     5      1.9398     0.2000     1.9082    0.2857   0.1268   0.000100  (0.0s)
     6      1.9218     0.2375     1.8788    0.3214   0.1270   0.000100  (0.0s)
     7      1.9065     0.2188     1.8567    0.3214   0.1301   0.000100  (0.0s)
     8      1.9190     0.2000     1.7963    0.4286   0.2535   0.000100  (0.0s)
     9      1.8170     0.2562     1.7489    0.4643   0.3399   0.000100  (0.0s)
    10      1.8225     0.2562     1.6995    0.3929   0.3204   0.000100  (0.0s)
    11      1.7917     0.2750     1.6496    0.3571   0.3013   0.000100  (0.0s)
    12      1.8200     0.2750     1.6280    0.3929   0.3080   0.000100  (0.0s)
    13      1.7933     0.3312     1.5765    0.5000   0.3789   0.000100  (0.0s)
    14      1.7993     0.3000     1.5834    0.5000   0.3367   0.000100  (0.0s)
    15      1.7523     0.2875     1.5663    0.5000   0.4265   0.000100  (0.0s)
    16      1.7353     0.3563     1.5156    0.4286   0.3368   0.000100  (0.0s)
    17      1.7139     0.3125     1.4988    0.3929   0.2871   0.000100  (0.0s)
    18      1.7044     0.3438     1.5101    0.5357   0.3877   0.000100  (0.0s)
    19      1.6882     0.3812     1.4624    0.5714   0.4115   0.000100  (0.1s)
    20      1.5861     0.4562     1.4491    0.3929   0.3151   0.000100  (0.1s)
    21      1.6447     0.4000     1.4696    0.3214   0.2616   0.000100  (0.1s)
    22      1.5833     0.4375     1.4220    0.3571   0.2796   0.000100  (0.0s)
    23      1.6400     0.3875     1.3438    0.5357   0.4334   0.000100  (0.0s)
    24      1.5941     0.4250     1.3547    0.5714   0.3844   0.000100  (0.1s)
    25      1.5343     0.4625     1.4004    0.4643   0.3214   0.000100  (0.1s)
    26      1.5182     0.4500     1.3665    0.5000   0.3737   0.000100  (0.0s)
    27      1.5393     0.4813     1.3839    0.4643   0.3313   0.000100  (0.0s)
    28      1.5068     0.4875     1.3705    0.4286   0.3091   0.000100  (0.0s)
    29      1.4948     0.4625     1.4071    0.3929   0.3231   0.000100  (0.0s)
    30      1.4268     0.5312     1.3905    0.3571   0.2891   0.000100  (0.0s)
    31      1.4475     0.4938     1.2977    0.5000   0.3501   0.000100  (0.0s)
    32      1.4256     0.4813     1.2685    0.5357   0.4419   0.000100  (0.0s)
    33      1.4293     0.4688     1.2203    0.6429   0.5596   0.000100  (0.1s)
    34      1.3891     0.4875     1.2478    0.5714   0.5095   0.000100  (0.1s)
    35      1.4152     0.4875     1.2466    0.5357   0.4529   0.000100  (0.1s)
    36      1.4236     0.5375     1.2470    0.5357   0.4091   0.000100  (0.1s)
    37      1.3584     0.5437     1.2934    0.3571   0.2950   0.000100  (0.1s)
    38      1.3942     0.4688     1.3562    0.3214   0.2752   0.000100  (0.0s)
    39      1.4106     0.5062     1.3485    0.3214   0.2923   0.000100  (0.0s)
    40      1.2891     0.6125     1.3919    0.3214   0.2946   0.000100  (0.0s)
    41      1.3739     0.5188     1.2864    0.4643   0.4340   0.000100  (0.0s)
    42      1.3311     0.4875     1.1612    0.5714   0.4810   0.000100  (0.0s)
    43      1.2707     0.5875     1.2165    0.5000   0.3852   0.000050  (0.1s)
    44      1.3236     0.4625     1.1957    0.5357   0.4220   0.000050  (0.1s)
    45      1.2705     0.5750     1.1789    0.5000   0.3903   0.000050  (0.1s)
    46      1.2700     0.5312     1.2542    0.5000   0.3876   0.000050  (0.1s)
    47      1.2855     0.5312     1.2536    0.4643   0.3769   0.000050  (0.1s)
    48      1.2819     0.5625     1.1751    0.5000   0.3801   0.000050  (0.1s)

Early stopping at epoch 48. Best epoch: 33 (val_f1=0.5596)

Best: epoch 33, val_acc=0.6429, val_f1=0.5596
Model saved: /mnt/extended-home/fitra_dosen/2025_iris_fer_taufik/MultimodalEmoLearn/models/benchmark/jaffe_randomsplit/_tmp/m.pth
Test Loss: 1.3475
Test Accuracy: 0.4762
Test Macro F1:    0.4476
Test Micro F1:    0.4762
Test Weighted F1: 0.4476

Classification Report:
              precision    recall  f1-score   support

     neutral       0.50      0.33      0.40         3
       happy       1.00      0.33      0.50         3
         sad       0.40      0.67      0.50         3
       angry       0.29      0.67      0.40         3
     fearful       0.00      0.00      0.00         3
   disgusted       0.33      0.33      0.33         3
   surprised       1.00      1.00      1.00         3

    accuracy                           0.48        21
   macro avg       0.50      0.48      0.45        21
weighted avg       0.50      0.48      0.45        21

    [FCNN fold 7/10] macro_f1=0.4476 acc=0.4762
 Epoch  Train Loss  Train Acc   Val Loss   Val Acc   Val F1         LR
---------------------------------------------------------------------------
     1      2.0442     0.1250     1.9057    0.2857   0.0635   0.000100  (0.1s)
     2      1.9361     0.2125     1.8915    0.2857   0.0635   0.000100  (0.1s)
     3      1.9850     0.1500     1.8849    0.2857   0.0635   0.000100  (0.1s)
     4      1.9271     0.1875     1.8868    0.2857   0.0635   0.000100  (0.1s)
     5      1.8839     0.2125     1.8932    0.3571   0.1397   0.000100  (0.0s)
     6      1.8650     0.2000     1.8878    0.3929   0.1527   0.000100  (0.1s)
     7      1.9006     0.2437     1.8783    0.3214   0.1398   0.000100  (0.0s)
     8      1.8994     0.2250     1.8563    0.3929   0.1801   0.000100  (0.1s)
     9      1.8249     0.2188     1.8177    0.4643   0.2415   0.000100  (0.1s)
    10      1.7467     0.3375     1.7849    0.4286   0.2424   0.000100  (0.1s)
    11      1.8019     0.3000     1.7590    0.3929   0.3272   0.000100  (0.1s)
    12      1.7984     0.2562     1.7283    0.4643   0.3619   0.000100  (0.0s)
    13      1.7247     0.3563     1.7054    0.5000   0.4281   0.000100  (0.1s)
    14      1.7599     0.2875     1.6579    0.5357   0.4505   0.000100  (0.0s)
    15      1.7421     0.3812     1.6778    0.5000   0.4252   0.000100  (0.0s)
    16      1.7346     0.3375     1.6405    0.4643   0.3812   0.000100  (0.0s)
    17      1.6759     0.3812     1.6241    0.5000   0.4331   0.000100  (0.0s)
    18      1.6854     0.3937     1.6464    0.3929   0.3309   0.000100  (0.1s)
    19      1.6355     0.4250     1.5701    0.6429   0.5397   0.000100  (0.1s)
    20      1.5855     0.4188     1.5319    0.4643   0.3220   0.000100  (0.0s)
    21      1.6143     0.4125     1.5335    0.5000   0.4167   0.000100  (0.0s)
    22      1.5666     0.4250     1.5114    0.5357   0.4369   0.000100  (0.1s)
    23      1.6247     0.3750     1.4774    0.4643   0.3895   0.000100  (0.1s)
    24      1.5331     0.4875     1.4644    0.5714   0.4658   0.000100  (0.0s)
    25      1.5813     0.4125     1.4789    0.5357   0.4431   0.000100  (0.0s)
    26      1.4856     0.4813     1.4560    0.5714   0.4912   0.000100  (0.0s)
    27      1.5089     0.4313     1.3901    0.5714   0.4269   0.000100  (0.0s)
    28      1.4908     0.4437     1.3899    0.5000   0.3238   0.000100  (0.0s)
    29      1.4856     0.4625     1.3819    0.5714   0.4747   0.000050  (0.1s)
    30      1.4892     0.4875     1.3483    0.5357   0.4683   0.000050  (0.1s)
    31      1.4947     0.4313     1.3561    0.5000   0.4429   0.000050  (0.0s)
    32      1.4629     0.4875     1.3644    0.5714   0.4707   0.000050  (0.0s)
    33      1.4847     0.4313     1.3602    0.5714   0.4762   0.000050  (0.1s)
    34      1.4653     0.4688     1.3656    0.5714   0.4827   0.000050  (0.1s)

Early stopping at epoch 34. Best epoch: 19 (val_f1=0.5397)

Best: epoch 19, val_acc=0.6429, val_f1=0.5397
Model saved: /mnt/extended-home/fitra_dosen/2025_iris_fer_taufik/MultimodalEmoLearn/models/benchmark/jaffe_randomsplit/_tmp/m.pth
Test Loss: 1.6992
Test Accuracy: 0.3810
Test Macro F1:    0.3517
Test Micro F1:    0.3810
Test Weighted F1: 0.3517

Classification Report:
              precision    recall  f1-score   support

     neutral       0.00      0.00      0.00         3
       happy       0.33      0.33      0.33         3
         sad       0.50      0.33      0.40         3
       angry       0.27      1.00      0.43         3
     fearful       1.00      0.33      0.50         3
   disgusted       0.00      0.00      0.00         3
   surprised       1.00      0.67      0.80         3

    accuracy                           0.38        21
   macro avg       0.44      0.38      0.35        21
weighted avg       0.44      0.38      0.35        21

    [FCNN fold 8/10] macro_f1=0.3517 acc=0.3810
 Epoch  Train Loss  Train Acc   Val Loss   Val Acc   Val F1         LR
---------------------------------------------------------------------------
     1      1.9914     0.1688     1.9213    0.2500   0.0571   0.000100  (0.1s)
     2      1.9839     0.1500     1.9204    0.2500   0.0571   0.000100  (0.0s)
     3      1.9674     0.1625     1.9180    0.2500   0.0571   0.000100  (0.0s)
     4      1.9419     0.1688     1.9154    0.2500   0.0645   0.000100  (0.0s)
     5      1.9164     0.2125     1.9107    0.2500   0.0645   0.000100  (0.1s)
     6      1.8956     0.2250     1.9009    0.2500   0.0588   0.000100  (0.1s)
     7      1.8954     0.2000     1.8947    0.2143   0.0571   0.000100  (0.0s)
     8      1.8755     0.2437     1.8588    0.2143   0.1722   0.000100  (0.0s)
     9      1.8532     0.2750     1.7831    0.4286   0.3887   0.000100  (0.0s)
    10      1.8101     0.2500     1.7309    0.4643   0.3966   0.000100  (0.0s)
    11      1.8118     0.2812     1.6712    0.4286   0.3169   0.000100  (0.1s)
    12      1.8287     0.2875     1.6203    0.5357   0.4879   0.000100  (0.1s)
    13      1.7349     0.3312     1.6237    0.5357   0.4260   0.000100  (0.0s)
    14      1.8239     0.2938     1.5974    0.4643   0.3489   0.000100  (0.0s)
    15      1.7426     0.3000     1.6000    0.4643   0.3325   0.000100  (0.1s)
    16      1.7480     0.3000     1.6260    0.4643   0.3762   0.000100  (0.1s)
    17      1.7194     0.3312     1.5720    0.5357   0.4587   0.000100  (0.0s)
    18      1.6788     0.4188     1.5495    0.5000   0.4262   0.000100  (0.0s)
    19      1.6944     0.3625     1.5520    0.5714   0.4870   0.000100  (0.0s)
    20      1.6271     0.4500     1.4979    0.6071   0.4814   0.000100  (0.0s)
    21      1.6470     0.4125     1.4781    0.6071   0.4666   0.000100  (0.0s)
    22      1.6337     0.4125     1.4365    0.5714   0.4510   0.000050  (0.0s)
    23      1.7050     0.3438     1.4541    0.5000   0.4113   0.000050  (0.1s)
    24      1.6030     0.4062     1.4531    0.5357   0.4867   0.000050  (0.1s)
    25      1.5699     0.4250     1.4135    0.5714   0.4983   0.000050  (0.0s)
    26      1.5693     0.4125     1.4129    0.5357   0.4824   0.000050  (0.0s)
    27      1.6125     0.3500     1.4083    0.5357   0.4859   0.000050  (0.1s)
    28      1.5275     0.4500     1.4122    0.5000   0.4113   0.000050  (0.0s)
    29      1.4923     0.4750     1.4220    0.5357   0.4827   0.000050  (0.0s)
    30      1.5296     0.4125     1.4293    0.5357   0.4909   0.000050  (0.0s)
    31      1.5592     0.4437     1.3994    0.5357   0.4922   0.000050  (0.0s)
    32      1.5761     0.4125     1.3662    0.5357   0.4909   0.000050  (0.0s)
    33      1.5211     0.4625     1.3631    0.5357   0.4383   0.000050  (0.1s)
    34      1.4748     0.5437     1.3473    0.5000   0.3972   0.000050  (0.1s)
    35      1.5257     0.4062     1.3421    0.5357   0.4909   0.000025  (0.0s)
    36      1.4789     0.5062     1.3490    0.5357   0.4976   0.000025  (0.0s)
    37      1.4621     0.4688     1.3616    0.5357   0.4976   0.000025  (0.0s)
    38      1.4620     0.5188     1.3723    0.5357   0.4909   0.000025  (0.1s)
    39      1.4589     0.4688     1.3756    0.5357   0.4976   0.000025  (0.1s)
    40      1.4656     0.4437     1.3257    0.5357   0.4909   0.000025  (0.0s)

Early stopping at epoch 40. Best epoch: 25 (val_f1=0.4983)

Best: epoch 25, val_acc=0.5714, val_f1=0.4983
Model saved: /mnt/extended-home/fitra_dosen/2025_iris_fer_taufik/MultimodalEmoLearn/models/benchmark/jaffe_randomsplit/_tmp/m.pth
Test Loss: 1.4611
Test Accuracy: 0.5238
Test Macro F1:    0.4599
Test Micro F1:    0.5238
Test Weighted F1: 0.4599

Classification Report:
              precision    recall  f1-score   support

     neutral       0.43      1.00      0.60         3
       happy       1.00      1.00      1.00         3
         sad       0.25      0.33      0.29         3
       angry       0.67      0.67      0.67         3
     fearful       0.00      0.00      0.00         3
   disgusted       0.00      0.00      0.00         3
   surprised       0.67      0.67      0.67         3

    accuracy                           0.52        21
   macro avg       0.43      0.52      0.46        21
weighted avg       0.43      0.52      0.46        21

    [FCNN fold 9/10] macro_f1=0.4599 acc=0.5238
 Epoch  Train Loss  Train Acc   Val Loss   Val Acc   Val F1         LR
---------------------------------------------------------------------------
     1      2.0561     0.1000     1.9190    0.2857   0.0635   0.000100  (0.1s)
     2      1.9679     0.1375     1.9197    0.2857   0.0635   0.000100  (0.0s)
     3      1.9654     0.1938     1.9182    0.2857   0.0635   0.000100  (0.0s)
     4      1.9497     0.1938     1.9163    0.3214   0.1264   0.000100  (0.0s)
     5      1.9284     0.1500     1.9175    0.2500   0.1006   0.000100  (0.1s)
     6      1.9037     0.2062     1.9123    0.2857   0.1238   0.000100  (0.0s)
     7      1.9013     0.2000     1.8932    0.1786   0.0991   0.000100  (0.0s)
     8      1.8678     0.2375     1.8492    0.2143   0.1667   0.000100  (0.0s)
     9      1.8505     0.2313     1.7964    0.3571   0.2500   0.000100  (0.0s)
    10      1.7796     0.3187     1.7260    0.4643   0.3693   0.000100  (0.0s)
    11      1.7634     0.3125     1.6983    0.4643   0.3437   0.000100  (0.1s)
    12      1.8147     0.3063     1.6631    0.4286   0.3153   0.000100  (0.1s)
    13      1.7438     0.3875     1.6981    0.3571   0.3015   0.000100  (0.0s)
    14      1.8204     0.2938     1.6384    0.4643   0.3338   0.000100  (0.0s)
    15      1.7736     0.2875     1.6028    0.5000   0.3881   0.000100  (0.0s)
    16      1.7616     0.2938     1.5923    0.5000   0.3905   0.000100  (0.1s)
    17      1.6847     0.3250     1.6014    0.4286   0.3468   0.000100  (0.0s)
    18      1.7178     0.3438     1.5548    0.4643   0.3589   0.000100  (0.0s)
    19      1.6731     0.4000     1.5226    0.4286   0.3219   0.000100  (0.0s)
    20      1.6414     0.3937     1.5009    0.5714   0.4315   0.000100  (0.0s)
    21      1.5951     0.4188     1.5068    0.5357   0.4141   0.000100  (0.0s)
    22      1.5916     0.4000     1.4684    0.6429   0.5419   0.000100  (0.0s)
    23      1.6445     0.3625     1.4571    0.5357   0.4032   0.000100  (0.0s)
    24      1.6018     0.4062     1.4430    0.5000   0.3553   0.000100  (0.1s)
    25      1.5737     0.4188     1.4532    0.5000   0.4075   0.000100  (0.1s)
    26      1.5088     0.4813     1.4483    0.3929   0.3348   0.000100  (0.1s)
    27      1.5875     0.4062     1.4420    0.4286   0.3232   0.000100  (0.0s)
    28      1.4941     0.4625     1.4406    0.3214   0.2841   0.000100  (0.0s)
    29      1.4660     0.4875     1.4774    0.3214   0.2958   0.000100  (0.0s)
    30      1.4433     0.5563     1.4440    0.3571   0.2982   0.000100  (0.1s)
    31      1.4318     0.4938     1.4426    0.3929   0.2966   0.000100  (0.1s)
    32      1.4178     0.5125     1.3970    0.4643   0.3599   0.000050  (0.0s)
    33      1.4276     0.5250     1.3405    0.5000   0.3919   0.000050  (0.0s)
    34      1.4382     0.5437     1.3542    0.4286   0.3304   0.000050  (0.0s)
    35      1.4314     0.5250     1.3404    0.4643   0.3690   0.000050  (0.0s)
    36      1.4007     0.5312     1.3190    0.4643   0.3770   0.000050  (0.0s)
    37      1.3452     0.5375     1.3139    0.5000   0.4051   0.000050  (0.0s)

Early stopping at epoch 37. Best epoch: 22 (val_f1=0.5419)

Best: epoch 22, val_acc=0.6429, val_f1=0.5419
Model saved: /mnt/extended-home/fitra_dosen/2025_iris_fer_taufik/MultimodalEmoLearn/models/benchmark/jaffe_randomsplit/_tmp/m.pth
Test Loss: 1.6069
Test Accuracy: 0.3810
Test Macro F1:    0.3810
Test Micro F1:    0.3810
Test Weighted F1: 0.3619

Classification Report:
              precision    recall  f1-score   support

     neutral       0.14      0.33      0.20         3
       happy       1.00      1.00      1.00         3
         sad       0.33      0.33      0.33         3
       angry       0.50      0.33      0.40         3
     fearful       0.00      0.00      0.00         4
   disgusted       0.33      0.50      0.40         2
   surprised       0.33      0.33      0.33         3

    accuracy                           0.38        21
   macro avg       0.38      0.40      0.38        21
weighted avg       0.36      0.38      0.36        21

    [FCNN fold 10/10] macro_f1=0.3810 acc=0.3810
  FCNN               macro_f1=0.4004±0.1215  acc=0.4381±0.1217
 Epoch  Train Loss  Train Acc   Val Loss   Val Acc   Val F1         LR
---------------------------------------------------------------------------
     1      2.0582     0.1562     1.9438    0.1429   0.0357   0.000100  (4.2s)
     2      2.0687     0.1500     1.9581    0.2143   0.0504   0.000100  (4.0s)
     3      2.0739     0.1875     1.9762    0.1429   0.0597   0.000100  (3.9s)
     4      2.0849     0.1500     1.9791    0.0714   0.0190   0.000100  (4.1s)
     5      2.0152     0.1437     1.9880    0.0714   0.0190   0.000100  (3.7s)
     6      1.9814     0.1688     1.9818    0.1071   0.0628   0.000100  (3.6s)
     7      2.0302     0.1688     1.9784    0.1429   0.0740   0.000100  (4.1s)
     8      2.0570     0.1375     1.9559    0.1429   0.0726   0.000100  (4.2s)
     9      1.9725     0.1750     1.9512    0.1429   0.0747   0.000100  (3.8s)
    10      1.9388     0.2437     1.9354    0.1786   0.1735   0.000100  (4.0s)
    11      1.9311     0.2313     1.9230    0.1429   0.1546   0.000100  (4.1s)
    12      2.0179     0.1875     1.9246    0.2143   0.2051   0.000100  (3.6s)
    13      1.9702     0.1812     1.9027    0.2500   0.2445   0.000100  (3.9s)
    14      1.9960     0.1750     1.8974    0.2500   0.2567   0.000100  (4.0s)
    15      1.9317     0.2313     1.8993    0.3571   0.3115   0.000100  (4.6s)
    16      1.9884     0.2000     1.8851    0.3214   0.3007   0.000100  (4.0s)
    17      1.9494     0.1812     1.9063    0.1786   0.1817   0.000100  (3.7s)
    18      1.9478     0.2062     1.9012    0.1429   0.1541   0.000100  (3.8s)
    19      1.8732     0.2437     1.9193    0.2143   0.2544   0.000100  (3.7s)
    20      1.8806     0.2562     1.9307    0.2143   0.2375   0.000100  (3.5s)
    21      1.8549     0.2562     1.9266    0.1429   0.1628   0.000100  (3.6s)
    22      1.8440     0.3000     1.8963    0.1786   0.1900   0.000100  (3.6s)
    23      1.8880     0.2750     1.8814    0.2500   0.2602   0.000100  (3.6s)
    24      1.8849     0.2500     1.8663    0.2500   0.2731   0.000100  (3.5s)
    25      1.8440     0.2625     1.8838    0.2143   0.2313   0.000050  (3.7s)
    26      1.8231     0.2375     1.8764    0.2857   0.2904   0.000050  (3.3s)
    27      1.8202     0.2750     1.8509    0.2857   0.2949   0.000050  (3.5s)
    28      1.8715     0.2188     1.8591    0.2500   0.2757   0.000050  (4.6s)
    29      1.7752     0.2938     1.8603    0.2143   0.2244   0.000050  (3.7s)
    30      1.7602     0.2562     1.8455    0.2500   0.2551   0.000050  (3.7s)

Early stopping at epoch 30. Best epoch: 15 (val_f1=0.3115)

Best: epoch 15, val_acc=0.3571, val_f1=0.3115
Model saved: /mnt/extended-home/fitra_dosen/2025_iris_fer_taufik/MultimodalEmoLearn/models/benchmark/jaffe_randomsplit/_tmp/m.pth
Test Loss: 1.9308
Test Accuracy: 0.1364
Test Macro F1:    0.0429
Test Micro F1:    0.1364
Test Weighted F1: 0.0545

Classification Report:
              precision    recall  f1-score   support

     neutral       0.00      0.00      0.00         3
       happy       0.00      0.00      0.00         3
         sad       0.00      0.00      0.00         3
       angry       0.00      0.00      0.00         3
     fearful       0.19      0.75      0.30         4
   disgusted       0.00      0.00      0.00         3
   surprised       0.00      0.00      0.00         3

    accuracy                           0.14        22
   macro avg       0.03      0.11      0.04        22
weighted avg       0.03      0.14      0.05        22

    [Intermediate fold 1/10] macro_f1=0.0429 acc=0.1364
 Epoch  Train Loss  Train Acc   Val Loss   Val Acc   Val F1         LR
---------------------------------------------------------------------------
     1      2.0902     0.1562     1.9269    0.1786   0.0505   0.000100  (4.1s)
     2      2.0956     0.1875     1.9249    0.2143   0.0588   0.000100  (4.1s)
     3      2.1027     0.1375     1.9280    0.2143   0.0588   0.000100  (4.2s)
     4      2.0727     0.1125     1.9348    0.2143   0.0991   0.000100  (3.5s)
     5      2.0552     0.1750     1.9261    0.1429   0.0648   0.000100  (4.0s)
     6      1.9448     0.2062     1.9326    0.2143   0.0588   0.000100  (3.7s)
     7      2.0167     0.1938     1.9345    0.2857   0.1410   0.000100  (3.8s)
     8      2.0498     0.0875     1.9411    0.2500   0.1351   0.000100  (4.1s)
     9      1.9730     0.1625     1.9380    0.1786   0.0882   0.000100  (3.8s)
    10      1.9595     0.1812     1.9291    0.2500   0.1738   0.000100  (3.5s)
    11      1.9761     0.2188     1.9297    0.3214   0.2367   0.000100  (4.0s)
    12      2.0193     0.1437     1.9419    0.2500   0.1735   0.000100  (4.0s)
    13      1.9804     0.2125     1.9349    0.2857   0.2018   0.000100  (3.6s)
    14      1.9623     0.1938     1.9341    0.2500   0.1704   0.000100  (3.6s)
    15      1.9541     0.2125     1.9281    0.2857   0.1872   0.000100  (3.5s)
    16      1.9838     0.1938     1.9263    0.2143   0.1507   0.000100  (3.7s)
    17      1.8983     0.2062     1.9260    0.2143   0.1732   0.000100  (3.6s)
    18      1.9420     0.2437     1.9214    0.1786   0.1693   0.000100  (3.6s)
    19      1.9031     0.2562     1.9170    0.2857   0.2338   0.000100  (4.3s)
    20      1.8718     0.2250     1.9179    0.2143   0.1430   0.000100  (4.1s)
    21      1.8667     0.2062     1.9025    0.2143   0.1170   0.000050  (3.8s)
    22      1.8878     0.2625     1.9017    0.2143   0.1540   0.000050  (3.6s)
    23      1.8864     0.2062     1.8987    0.2143   0.1752   0.000050  (3.5s)
    24      1.8789     0.2437     1.8930    0.1786   0.1353   0.000050  (3.5s)
    25      1.8418     0.2750     1.8917    0.1786   0.1476   0.000050  (3.7s)
    26      1.8391     0.2562     1.8884    0.1786   0.1280   0.000050  (3.7s)

Early stopping at epoch 26. Best epoch: 11 (val_f1=0.2367)

Best: epoch 11, val_acc=0.3214, val_f1=0.2367
Model saved: /mnt/extended-home/fitra_dosen/2025_iris_fer_taufik/MultimodalEmoLearn/models/benchmark/jaffe_randomsplit/_tmp/m.pth
Test Loss: 1.9261
Test Accuracy: 0.3182
Test Macro F1:    0.2638
Test Micro F1:    0.3182
Test Weighted F1: 0.2518

Classification Report:
              precision    recall  f1-score   support

     neutral       0.50      0.67      0.57         3
       happy       0.00      0.00      0.00         4
         sad       0.00      0.00      0.00         3
       angry       0.23      1.00      0.38         3
     fearful       0.50      0.33      0.40         3
   disgusted       0.00      0.00      0.00         3
   surprised       1.00      0.33      0.50         3

    accuracy                           0.32        22
   macro avg       0.32      0.33      0.26        22
weighted avg       0.30      0.32      0.25        22

    [Intermediate fold 2/10] macro_f1=0.2638 acc=0.3182
 Epoch  Train Loss  Train Acc   Val Loss   Val Acc   Val F1         LR
---------------------------------------------------------------------------
     1      2.0388     0.1375     1.9330    0.2500   0.0571   0.000100  (4.1s)
     2      2.0994     0.1187     1.9352    0.2500   0.0571   0.000100  (4.2s)
     3      2.0105     0.1688     1.9348    0.2143   0.0553   0.000100  (3.7s)
     4      2.0818     0.1625     1.9426    0.1429   0.0839   0.000100  (3.7s)
     5      2.0438     0.1688     1.9363    0.3214   0.1793   0.000100  (4.3s)
     6      1.9646     0.1750     1.9274    0.2500   0.1271   0.000100  (4.2s)
     7      2.0195     0.2062     1.9140    0.4286   0.2619   0.000100  (3.7s)
     8      2.0512     0.1750     1.9055    0.4643   0.3701   0.000100  (4.2s)
     9      2.0451     0.1375     1.8889    0.4643   0.3777   0.000100  (4.2s)
    10      2.0090     0.1500     1.8840    0.5000   0.3845   0.000100  (4.4s)
    11      2.0610     0.1562     1.8857    0.4286   0.3125   0.000100  (4.3s)
    12      2.0467     0.1625     1.8857    0.2500   0.1709   0.000100  (3.7s)
    13      1.9597     0.1750     1.8782    0.3571   0.2758   0.000100  (3.7s)
    14      1.8944     0.2000     1.8833    0.4286   0.3440   0.000100  (3.5s)
    15      1.9162     0.1875     1.8920    0.2500   0.2388   0.000100  (3.4s)
    16      1.9564     0.2375     1.8945    0.2857   0.2504   0.000100  (3.5s)
    17      1.9186     0.2188     1.8846    0.2500   0.2104   0.000100  (3.4s)
    18      1.9260     0.2000     1.8587    0.3571   0.2857   0.000100  (3.5s)
    19      1.8317     0.2687     1.8493    0.4286   0.3416   0.000100  (3.4s)
    20      1.9454     0.2313     1.8684    0.2500   0.2087   0.000050  (3.4s)
    21      1.8429     0.2812     1.8662    0.2500   0.2071   0.000050  (3.4s)
    22      1.9148     0.2875     1.8644    0.2500   0.2087   0.000050  (3.7s)
    23      1.7904     0.2812     1.8731    0.2143   0.1857   0.000050  (3.7s)
    24      1.8955     0.2250     1.8469    0.3214   0.2485   0.000050  (3.6s)
    25      1.9178     0.2500     1.8421    0.2857   0.2295   0.000050  (3.6s)

Early stopping at epoch 25. Best epoch: 10 (val_f1=0.3845)

Best: epoch 10, val_acc=0.5000, val_f1=0.3845
Model saved: /mnt/extended-home/fitra_dosen/2025_iris_fer_taufik/MultimodalEmoLearn/models/benchmark/jaffe_randomsplit/_tmp/m.pth
Test Loss: 1.9292
Test Accuracy: 0.2727
Test Macro F1:    0.2050
Test Micro F1:    0.2727
Test Weighted F1: 0.2087

Classification Report:
              precision    recall  f1-score   support

     neutral       0.00      0.00      0.00         3
       happy       0.40      0.67      0.50         3
         sad       0.33      0.25      0.29         4
       angry       0.25      0.67      0.36         3
     fearful       0.00      0.00      0.00         3
   disgusted       0.00      0.00      0.00         3
   surprised       0.25      0.33      0.29         3

    accuracy                           0.27        22
   macro avg       0.18      0.27      0.21        22
weighted avg       0.18      0.27      0.21        22

    [Intermediate fold 3/10] macro_f1=0.2050 acc=0.2727
 Epoch  Train Loss  Train Acc   Val Loss   Val Acc   Val F1         LR
---------------------------------------------------------------------------
     1      2.1049     0.1625     1.9114    0.2500   0.0571   0.000100  (3.9s)
     2      1.9668     0.1688     1.9005    0.2500   0.0571   0.000100  (4.0s)
     3      2.0580     0.1437     1.9037    0.2500   0.0571   0.000100  (3.5s)
     4      2.0910     0.1062     1.9108    0.2500   0.0571   0.000100  (3.5s)
     5      2.0633     0.1437     1.9152    0.2500   0.0952   0.000100  (3.5s)
     6      2.0317     0.1500     1.9103    0.2857   0.1111   0.000100  (4.1s)
     7      2.0183     0.1750     1.8995    0.2857   0.1154   0.000100  (4.1s)
     8      1.9637     0.1500     1.9138    0.1429   0.0592   0.000100  (4.0s)
     9      2.0941     0.1562     1.9144    0.1071   0.0343   0.000100  (3.4s)
    10      1.9593     0.2125     1.8986    0.2500   0.2849   0.000100  (3.9s)
    11      1.9734     0.2062     1.8807    0.3571   0.3529   0.000100  (4.0s)
    12      1.9991     0.2000     1.8834    0.4286   0.4079   0.000100  (4.2s)
    13      1.9011     0.1938     1.8962    0.2500   0.2159   0.000100  (3.8s)
    14      1.9356     0.1688     1.8746    0.2857   0.2430   0.000100  (3.5s)
    15      1.9911     0.1688     1.8610    0.3571   0.3773   0.000100  (3.7s)
    16      1.9398     0.1938     1.8478    0.2857   0.2969   0.000100  (3.8s)
    17      1.9662     0.1875     1.8550    0.3214   0.3821   0.000100  (3.6s)
    18      1.9045     0.2500     1.8482    0.3571   0.4143   0.000100  (4.1s)
    19      1.8971     0.2625     1.8496    0.3571   0.3882   0.000100  (4.0s)
    20      1.8758     0.2125     1.8112    0.4286   0.4620   0.000100  (3.7s)
    21      1.9467     0.1938     1.7944    0.3929   0.3889   0.000100  (4.1s)
    22      1.8747     0.2625     1.7906    0.3929   0.4365   0.000100  (3.9s)
    23      1.8147     0.3000     1.7569    0.4286   0.4619   0.000100  (3.5s)
    24      1.7934     0.3500     1.7642    0.4643   0.4442   0.000100  (3.6s)
    25      1.8762     0.2188     1.7452    0.4286   0.3968   0.000100  (3.5s)
    26      1.8823     0.2250     1.7401    0.3571   0.3571   0.000100  (3.5s)
    27      1.9226     0.2812     1.7180    0.4643   0.4688   0.000100  (3.6s)
    28      1.8111     0.3125     1.7166    0.3571   0.3952   0.000100  (4.2s)
    29      1.7841     0.3125     1.7103    0.3571   0.4444   0.000100  (3.6s)
    30      1.7666     0.3438     1.6869    0.4643   0.5258   0.000100  (3.7s)
    31      1.7676     0.2687     1.6704    0.2857   0.3332   0.000100  (3.9s)
    32      1.7450     0.3125     1.6531    0.3929   0.4493   0.000100  (3.7s)
    33      1.7576     0.2938     1.6173    0.4286   0.5000   0.000100  (3.7s)
    34      1.6967     0.3500     1.6068    0.5000   0.5007   0.000100  (3.6s)
    35      1.7126     0.3625     1.5811    0.5000   0.4970   0.000100  (3.5s)
    36      1.7141     0.3375     1.6114    0.3571   0.4159   0.000100  (3.5s)
    37      1.6813     0.3438     1.5903    0.3571   0.4589   0.000100  (3.7s)
    38      1.6829     0.3250     1.5670    0.4286   0.5098   0.000100  (3.8s)
    39      1.7023     0.3563     1.5701    0.3929   0.4238   0.000100  (3.6s)
    40      1.5967     0.4125     1.5790    0.3214   0.3643   0.000050  (3.5s)
    41      1.6526     0.3875     1.5459    0.3929   0.4571   0.000050  (3.8s)
    42      1.5798     0.3937     1.5600    0.3571   0.4571   0.000050  (3.6s)
    43      1.5773     0.3312     1.5514    0.3571   0.4558   0.000050  (3.9s)
    44      1.6446     0.4062     1.5311    0.3571   0.4558   0.000050  (3.5s)
    45      1.6538     0.3750     1.5267    0.3214   0.3724   0.000050  (3.5s)

Early stopping at epoch 45. Best epoch: 30 (val_f1=0.5258)

Best: epoch 30, val_acc=0.4643, val_f1=0.5258
Model saved: /mnt/extended-home/fitra_dosen/2025_iris_fer_taufik/MultimodalEmoLearn/models/benchmark/jaffe_randomsplit/_tmp/m.pth
Test Loss: 1.7452
Test Accuracy: 0.5238
Test Macro F1:    0.5088
Test Micro F1:    0.5238
Test Weighted F1: 0.5088

Classification Report:
              precision    recall  f1-score   support

     neutral       0.30      1.00      0.46         3
       happy       1.00      0.33      0.50         3
         sad       0.33      0.33      0.33         3
       angry       1.00      0.67      0.80         3
     fearful       0.00      0.00      0.00         3
   disgusted       1.00      0.67      0.80         3
   surprised       0.67      0.67      0.67         3

    accuracy                           0.52        21
   macro avg       0.61      0.52      0.51        21
weighted avg       0.61      0.52      0.51        21

    [Intermediate fold 4/10] macro_f1=0.5088 acc=0.5238
 Epoch  Train Loss  Train Acc   Val Loss   Val Acc   Val F1         LR
---------------------------------------------------------------------------
     1      2.0846     0.1688     1.9219    0.1786   0.0433   0.000100  (4.5s)
     2      1.9900     0.1812     1.9204    0.1786   0.0433   0.000100  (4.4s)
     3      2.1090     0.1625     1.9406    0.2143   0.0849   0.000100  (3.6s)
     4      2.1046     0.1688     1.9400    0.1786   0.0510   0.000100  (4.2s)
     5      2.0149     0.1812     1.9555    0.0714   0.0197   0.000100  (3.6s)
     6      2.0406     0.1938     1.9352    0.0714   0.0190   0.000100  (3.5s)
     7      2.0685     0.1875     1.9270    0.1071   0.0540   0.000100  (3.5s)
     8      1.9822     0.1812     1.9232    0.1786   0.0781   0.000100  (3.5s)
     9      2.0564     0.1625     1.9063    0.2500   0.1175   0.000100  (3.5s)
    10      1.9578     0.1437     1.8985    0.2500   0.1770   0.000100  (3.9s)
    11      1.9944     0.1625     1.8946    0.2500   0.1648   0.000100  (3.9s)
    12      1.9975     0.1875     1.8853    0.1786   0.1055   0.000100  (3.5s)
    13      1.9611     0.1562     1.8859    0.2500   0.2361   0.000100  (3.5s)
    14      1.9168     0.2250     1.8984    0.1429   0.0725   0.000100  (4.2s)
    15      1.9545     0.2313     1.8971    0.1786   0.2331   0.000100  (3.5s)
    16      1.9697     0.2375     1.9006    0.0714   0.0204   0.000100  (3.4s)
    17      1.9630     0.2313     1.9110    0.1429   0.1076   0.000100  (3.5s)
    18      1.9894     0.1938     1.9074    0.1071   0.1548   0.000100  (3.6s)
    19      1.8955     0.2062     1.9036    0.1429   0.0926   0.000100  (3.5s)
    20      1.9081     0.2125     1.8987    0.2143   0.1742   0.000100  (3.5s)
    21      1.9180     0.2125     1.8857    0.2143   0.1742   0.000100  (3.6s)
    22      1.8738     0.2250     1.8727    0.2143   0.1742   0.000100  (3.8s)
    23      1.8635     0.2500     1.8665    0.2143   0.1810   0.000050  (3.7s)
    24      1.8513     0.3000     1.8591    0.2143   0.1742   0.000050  (3.4s)
    25      1.8506     0.2750     1.8504    0.2143   0.1742   0.000050  (3.4s)
    26      1.9098     0.2313     1.8391    0.2143   0.1742   0.000050  (4.0s)
    27      1.8738     0.2437     1.8291    0.2143   0.1742   0.000050  (3.5s)
    28      1.7988     0.2687     1.8468    0.2143   0.1895   0.000050  (3.6s)

Early stopping at epoch 28. Best epoch: 13 (val_f1=0.2361)

Best: epoch 13, val_acc=0.2500, val_f1=0.2361
Model saved: /mnt/extended-home/fitra_dosen/2025_iris_fer_taufik/MultimodalEmoLearn/models/benchmark/jaffe_randomsplit/_tmp/m.pth
Test Loss: 1.9015
Test Accuracy: 0.2381
Test Macro F1:    0.2190
Test Micro F1:    0.2381
Test Weighted F1: 0.2190

Classification Report:
              precision    recall  f1-score   support

     neutral       0.33      0.33      0.33         3
       happy       0.00      0.00      0.00         3
         sad       0.29      0.67      0.40         3
       angry       0.50      0.33      0.40         3
     fearful       0.00      0.00      0.00         3
   disgusted       0.00      0.00      0.00         3
   surprised       0.50      0.33      0.40         3

    accuracy                           0.24        21
   macro avg       0.23      0.24      0.22        21
weighted avg       0.23      0.24      0.22        21

    [Intermediate fold 5/10] macro_f1=0.2190 acc=0.2381
 Epoch  Train Loss  Train Acc   Val Loss   Val Acc   Val F1         LR
---------------------------------------------------------------------------
     1      2.1603     0.1562     1.9237    0.2143   0.0504   0.000100  (4.0s)
     2      2.0252     0.1500     1.9112    0.1429   0.0357   0.000100  (4.1s)
     3      2.0453     0.1750     1.9071    0.2143   0.0504   0.000100  (3.6s)
     4      2.1515     0.1375     1.9088    0.2143   0.0504   0.000100  (3.6s)
     5      2.0386     0.1437     1.9202    0.2143   0.0504   0.000100  (3.7s)
     6      2.0129     0.1437     1.9322    0.2143   0.0504   0.000100  (3.6s)
     7      2.0504     0.1500     1.9031    0.2143   0.0571   0.000100  (3.7s)
     8      2.0526     0.1500     1.8847    0.2500   0.0853   0.000100  (4.0s)
     9      2.0740     0.1250     1.8684    0.2857   0.1679   0.000100  (4.0s)
    10      2.0350     0.1625     1.8590    0.3929   0.2676   0.000100  (4.1s)
    11      2.0231     0.1250     1.8517    0.3929   0.2896   0.000100  (4.4s)
    12      2.0404     0.1250     1.8549    0.3214   0.2336   0.000100  (4.1s)
    13      1.9610     0.1688     1.8498    0.3571   0.2510   0.000100  (3.6s)
    14      1.9686     0.1875     1.8627    0.3214   0.2320   0.000100  (3.6s)
    15      2.0682     0.1187     1.8774    0.2857   0.2015   0.000100  (3.5s)
    16      1.9998     0.1500     1.8508    0.3214   0.2510   0.000100  (3.6s)
    17      1.9505     0.2125     1.8495    0.3214   0.2619   0.000100  (3.6s)
    18      1.9248     0.1812     1.8475    0.2857   0.2613   0.000100  (3.7s)
    19      1.8962     0.2062     1.8536    0.3214   0.2619   0.000100  (3.6s)
    20      1.9699     0.2250     1.8302    0.4286   0.3182   0.000100  (3.6s)
    21      1.8691     0.2000     1.8312    0.3571   0.2969   0.000100  (3.9s)
    22      1.8506     0.2625     1.8181    0.3571   0.2960   0.000100  (3.7s)
    23      1.9054     0.2188     1.7747    0.3571   0.2793   0.000100  (3.5s)
    24      1.8410     0.2750     1.7519    0.3214   0.2380   0.000100  (3.5s)
    25      1.8419     0.2375     1.7220    0.2857   0.2304   0.000100  (3.7s)
    26      1.8816     0.2250     1.7438    0.3571   0.2931   0.000100  (3.6s)
    27      1.8409     0.2750     1.7515    0.2857   0.2653   0.000100  (3.6s)
    28      1.7723     0.2812     1.7292    0.3214   0.3137   0.000100  (3.6s)
    29      1.7956     0.3312     1.6850    0.3929   0.3524   0.000100  (3.5s)
    30      1.7841     0.3375     1.7031    0.2857   0.2805   0.000100  (4.1s)
    31      1.8218     0.2625     1.6929    0.2857   0.2857   0.000100  (3.5s)
    32      1.7929     0.2625     1.6921    0.2857   0.2819   0.000100  (3.6s)
    33      1.7563     0.3312     1.6969    0.2857   0.2857   0.000100  (3.6s)
    34      1.7324     0.3187     1.6484    0.3214   0.3120   0.000100  (3.8s)
    35      1.7281     0.3500     1.6455    0.2857   0.2819   0.000100  (3.6s)
    36      1.7324     0.3375     1.6013    0.2857   0.2835   0.000100  (3.5s)
    37      1.6632     0.3500     1.6135    0.3214   0.3025   0.000100  (3.7s)
    38      1.6777     0.3250     1.5840    0.3214   0.3120   0.000100  (3.6s)
    39      1.6954     0.3812     1.5776    0.2857   0.2932   0.000050  (3.5s)
    40      1.6699     0.3375     1.5948    0.2500   0.2517   0.000050  (3.3s)
    41      1.6727     0.3875     1.5828    0.2857   0.2857   0.000050  (3.4s)
    42      1.6277     0.3250     1.5524    0.2857   0.2857   0.000050  (3.4s)
    43      1.6212     0.3875     1.5320    0.2857   0.2857   0.000050  (3.4s)
    44      1.6638     0.3187     1.5589    0.2857   0.2888   0.000050  (3.6s)

Early stopping at epoch 44. Best epoch: 29 (val_f1=0.3524)

Best: epoch 29, val_acc=0.3929, val_f1=0.3524
Model saved: /mnt/extended-home/fitra_dosen/2025_iris_fer_taufik/MultimodalEmoLearn/models/benchmark/jaffe_randomsplit/_tmp/m.pth
Test Loss: 1.7535
Test Accuracy: 0.3333
Test Macro F1:    0.2861
Test Micro F1:    0.3333
Test Weighted F1: 0.2861

Classification Report:
              precision    recall  f1-score   support

     neutral       0.18      0.67      0.29         3
       happy       0.00      0.00      0.00         3
         sad       0.20      0.33      0.25         3
       angry       0.67      0.67      0.67         3
     fearful       0.00      0.00      0.00         3
   disgusted       0.00      0.00      0.00         3
   surprised       1.00      0.67      0.80         3

    accuracy                           0.33        21
   macro avg       0.29      0.33      0.29        21
weighted avg       0.29      0.33      0.29        21

    [Intermediate fold 6/10] macro_f1=0.2861 acc=0.3333
 Epoch  Train Loss  Train Acc   Val Loss   Val Acc   Val F1         LR
---------------------------------------------------------------------------
     1      2.1782     0.1313     1.9201    0.3214   0.0695   0.000100  (4.0s)
     2      2.0730     0.1375     1.9208    0.3214   0.0695   0.000100  (4.2s)
     3      2.1186     0.1437     1.9342    0.0714   0.0197   0.000100  (3.6s)
     4      2.0442     0.2188     1.9284    0.1429   0.0630   0.000100  (3.4s)
     5      2.0058     0.1688     1.9160    0.2857   0.1302   0.000100  (3.6s)
     6      2.0264     0.1500     1.9266    0.1429   0.0935   0.000100  (4.6s)
     7      2.0513     0.2000     1.9344    0.1429   0.1035   0.000100  (3.7s)
     8      1.9741     0.1375     1.9312    0.2143   0.1726   0.000100  (3.5s)
     9      2.0805     0.1875     1.9158    0.1786   0.1363   0.000100  (4.2s)
    10      2.0253     0.1500     1.9083    0.2143   0.2152   0.000100  (3.4s)
    11      1.9650     0.1562     1.8939    0.2143   0.1991   0.000100  (3.9s)
    12      2.0512     0.1437     1.8816    0.2857   0.2680   0.000100  (3.6s)
    13      1.9504     0.1812     1.8923    0.2143   0.2008   0.000100  (4.1s)
    14      1.9975     0.1313     1.9034    0.1786   0.1669   0.000100  (3.5s)
    15      1.9247     0.1938     1.8939    0.2143   0.2269   0.000100  (3.7s)
    16      2.0110     0.1625     1.8703    0.2500   0.2551   0.000100  (3.7s)
    17      1.9698     0.1500     1.8772    0.2857   0.2643   0.000100  (3.6s)
    18      1.9744     0.1562     1.8607    0.3214   0.2961   0.000100  (3.8s)
    19      1.9286     0.2000     1.8536    0.2500   0.2286   0.000100  (4.3s)
    20      1.8928     0.2313     1.8300    0.2500   0.1863   0.000100  (3.6s)
    21      1.9088     0.2875     1.8644    0.2500   0.2163   0.000100  (3.5s)
    22      1.9243     0.2062     1.8534    0.3214   0.2877   0.000100  (3.6s)
    23      1.9009     0.2000     1.8474    0.2143   0.2286   0.000100  (3.4s)
    24      1.8420     0.2437     1.8341    0.1429   0.1551   0.000100  (3.4s)
    25      1.8407     0.2750     1.8508    0.1786   0.1725   0.000100  (3.5s)
    26      1.8851     0.2437     1.8347    0.2143   0.2200   0.000100  (3.6s)
    27      1.8608     0.2750     1.8164    0.2500   0.2426   0.000100  (3.6s)
    28      1.8010     0.2562     1.8403    0.2500   0.2454   0.000050  (3.6s)
    29      1.7972     0.3000     1.8060    0.2143   0.2096   0.000050  (3.4s)
    30      1.8091     0.2375     1.7764    0.2500   0.2349   0.000050  (3.6s)
    31      1.8011     0.3187     1.7792    0.2857   0.2772   0.000050  (3.7s)
    32      1.8821     0.2188     1.7922    0.2857   0.2772   0.000050  (3.8s)
    33      1.7494     0.3125     1.7877    0.2857   0.2772   0.000050  (3.9s)

Early stopping at epoch 33. Best epoch: 18 (val_f1=0.2961)

Best: epoch 18, val_acc=0.3214, val_f1=0.2961
Model saved: /mnt/extended-home/fitra_dosen/2025_iris_fer_taufik/MultimodalEmoLearn/models/benchmark/jaffe_randomsplit/_tmp/m.pth
Test Loss: 1.8552
Test Accuracy: 0.3333
Test Macro F1:    0.3190
Test Micro F1:    0.3333
Test Weighted F1: 0.3190

Classification Report:
              precision    recall  f1-score   support

     neutral       0.29      0.67      0.40         3
       happy       1.00      0.33      0.50         3
         sad       0.33      0.33      0.33         3
       angry       0.14      0.33      0.20         3
     fearful       0.00      0.00      0.00         3
   disgusted       0.00      0.00      0.00         3
   surprised       1.00      0.67      0.80         3

    accuracy                           0.33        21
   macro avg       0.39      0.33      0.32        21
weighted avg       0.39      0.33      0.32        21

    [Intermediate fold 7/10] macro_f1=0.3190 acc=0.3333
 Epoch  Train Loss  Train Acc   Val Loss   Val Acc   Val F1         LR
---------------------------------------------------------------------------
     1      2.1517     0.1187     1.9310    0.1429   0.0357   0.000100  (4.0s)
     2      2.0466     0.1500     1.9335    0.2857   0.0635   0.000100  (4.1s)
     3      2.0530     0.1812     1.9321    0.2857   0.0635   0.000100  (4.1s)
     4      2.1103     0.1437     1.9546    0.3214   0.1214   0.000100  (3.7s)
     5      2.0586     0.1313     1.9627    0.0714   0.1429   0.000100  (4.0s)
     6      1.9755     0.1938     1.9664    0.0357   0.0204   0.000100  (4.1s)
     7      1.9968     0.1875     1.9615    0.0357   0.0124   0.000100  (3.7s)
     8      2.0127     0.1750     1.9441    0.1429   0.0381   0.000100  (3.7s)
     9      2.0492     0.1812     1.9371    0.1786   0.0797   0.000100  (3.5s)
    10      1.9628     0.1750     1.9222    0.1786   0.0877   0.000100  (3.6s)
    11      2.0005     0.1875     1.9191    0.2143   0.1058   0.000100  (3.7s)
    12      1.9830     0.1688     1.9182    0.1786   0.0963   0.000100  (3.9s)
    13      2.0117     0.1688     1.9214    0.0714   0.0544   0.000100  (3.7s)
    14      1.9460     0.1938     1.9233    0.0357   0.0159   0.000100  (3.7s)
    15      2.0053     0.1875     1.9088    0.1786   0.0884   0.000050  (3.5s)
    16      2.0006     0.2125     1.9095    0.1786   0.0831   0.000050  (3.5s)
    17      1.8845     0.2313     1.9169    0.0357   0.0124   0.000050  (3.5s)
    18      1.9962     0.1500     1.9169    0.0714   0.0518   0.000050  (3.6s)
    19      1.8837     0.2188     1.9092    0.0714   0.0518   0.000050  (3.7s)
    20      1.9447     0.2250     1.9055    0.0714   0.0522   0.000050  (3.5s)

Early stopping at epoch 20. Best epoch: 5 (val_f1=0.1429)

Best: epoch 5, val_acc=0.0714, val_f1=0.1429
Model saved: /mnt/extended-home/fitra_dosen/2025_iris_fer_taufik/MultimodalEmoLearn/models/benchmark/jaffe_randomsplit/_tmp/m.pth
Test Loss: 1.9477
Test Accuracy: 0.1429
Test Macro F1:    0.0974
Test Micro F1:    0.1429
Test Weighted F1: 0.0974

Classification Report:
              precision    recall  f1-score   support

     neutral       0.00      0.00      0.00         3
       happy       0.33      0.33      0.33         3
         sad       0.12      0.33      0.18         3
       angry       0.00      0.00      0.00         3
     fearful       0.11      0.33      0.17         3
   disgusted       0.00      0.00      0.00         3
   surprised       0.00      0.00      0.00         3

    accuracy                           0.14        21
   macro avg       0.08      0.14      0.10        21
weighted avg       0.08      0.14      0.10        21

    [Intermediate fold 8/10] macro_f1=0.0974 acc=0.1429
 Epoch  Train Loss  Train Acc   Val Loss   Val Acc   Val F1         LR
---------------------------------------------------------------------------
     1      2.1864     0.1437     1.9186    0.1786   0.0433   0.000100  (3.9s)
     2      2.0252     0.2125     1.9168    0.1786   0.0433   0.000100  (4.0s)
     3      2.0508     0.1688     1.9151    0.2500   0.0928   0.000100  (3.7s)
     4      2.1151     0.1437     1.9215    0.1071   0.0276   0.000100  (4.0s)
     5      2.0471     0.1750     1.9214    0.1071   0.0492   0.000100  (3.8s)
     6      1.9965     0.1938     1.9076    0.2143   0.1192   0.000100  (3.4s)
     7      2.0025     0.1750     1.9068    0.1429   0.0917   0.000100  (5.0s)
     8      1.9929     0.1500     1.8999    0.1071   0.0635   0.000100  (3.9s)
     9      2.0824     0.1625     1.8910    0.2500   0.2744   0.000100  (3.7s)
    10      2.0048     0.1625     1.8819    0.2857   0.2415   0.000100  (4.1s)
    11      1.9900     0.1812     1.8854    0.2857   0.2766   0.000100  (3.7s)
    12      1.9481     0.1875     1.8734    0.3929   0.3537   0.000100  (4.1s)
    13      1.9058     0.2000     1.8526    0.5357   0.5323   0.000100  (4.3s)
    14      1.9825     0.1688     1.8593    0.3214   0.2826   0.000100  (4.6s)
    15      2.0307     0.1437     1.8490    0.5357   0.4654   0.000100  (3.6s)
    16      1.9872     0.1875     1.8325    0.6429   0.5394   0.000100  (3.4s)
    17      1.9853     0.2000     1.8563    0.3571   0.3602   0.000100  (4.7s)
    18      1.9118     0.1875     1.8538    0.3929   0.3741   0.000100  (3.6s)
    19      1.8709     0.2500     1.8414    0.3214   0.3106   0.000100  (3.5s)
    20      1.9230     0.2125     1.8339    0.3571   0.3625   0.000100  (3.4s)
    21      1.8913     0.2437     1.8260    0.2857   0.3005   0.000100  (3.3s)
    22      1.9027     0.2500     1.8094    0.3214   0.3281   0.000100  (3.6s)
    23      1.9272     0.2500     1.7971    0.2857   0.3011   0.000100  (3.4s)
    24      1.8554     0.2938     1.8057    0.3214   0.2464   0.000100  (3.5s)
    25      1.8115     0.2437     1.7932    0.3571   0.3373   0.000100  (3.3s)
    26      1.8638     0.2500     1.7936    0.3214   0.3075   0.000050  (3.3s)
    27      1.8217     0.2500     1.7879    0.3214   0.3185   0.000050  (3.5s)
    28      1.7728     0.2500     1.7939    0.2857   0.2948   0.000050  (3.5s)
    29      1.8366     0.3063     1.7965    0.1786   0.1914   0.000050  (3.4s)
    30      1.8170     0.2562     1.7884    0.2143   0.2095   0.000050  (3.4s)
    31      1.8539     0.2500     1.7896    0.2143   0.2095   0.000050  (3.5s)

Early stopping at epoch 31. Best epoch: 16 (val_f1=0.5394)

Best: epoch 16, val_acc=0.6429, val_f1=0.5394
Model saved: /mnt/extended-home/fitra_dosen/2025_iris_fer_taufik/MultimodalEmoLearn/models/benchmark/jaffe_randomsplit/_tmp/m.pth
Test Loss: 1.8823
Test Accuracy: 0.3810
Test Macro F1:    0.3476
Test Micro F1:    0.3810
Test Weighted F1: 0.3476

Classification Report:
              precision    recall  f1-score   support

     neutral       0.29      0.67      0.40         3
       happy       0.29      0.67      0.40         3
         sad       0.00      0.00      0.00         3
       angry       1.00      0.67      0.80         3
     fearful       0.33      0.33      0.33         3
   disgusted       0.00      0.00      0.00         3
   surprised       1.00      0.33      0.50         3

    accuracy                           0.38        21
   macro avg       0.41      0.38      0.35        21
weighted avg       0.41      0.38      0.35        21

    [Intermediate fold 9/10] macro_f1=0.3476 acc=0.3810
 Epoch  Train Loss  Train Acc   Val Loss   Val Acc   Val F1         LR
---------------------------------------------------------------------------
     1      2.1545     0.1500     1.9277    0.2857   0.0635   0.000100  (4.3s)
     2      2.0493     0.1250     1.9342    0.2857   0.0635   0.000100  (4.3s)
     3      2.0354     0.1625     1.9419    0.0714   0.0190   0.000100  (3.7s)
     4      2.0886     0.1187     1.9390    0.1071   0.0515   0.000100  (3.5s)
     5      2.0544     0.1625     1.9406    0.0714   0.0190   0.000100  (3.4s)
     6      2.0384     0.1562     1.9427    0.0714   0.0190   0.000100  (3.4s)
     7      2.0797     0.1562     1.9383    0.1786   0.1114   0.000100  (4.6s)
     8      1.9833     0.1562     1.9124    0.2143   0.1353   0.000100  (4.1s)
     9      2.0611     0.1562     1.9146    0.1786   0.1098   0.000100  (3.9s)
    10      1.9710     0.1812     1.9040    0.1429   0.0895   0.000100  (3.5s)
    11      2.0002     0.1625     1.8838    0.2143   0.1817   0.000100  (3.5s)
    12      2.0464     0.1562     1.8678    0.1786   0.1586   0.000100  (4.7s)
    13      1.9465     0.2188     1.8681    0.2500   0.2764   0.000100  (3.5s)
    14      1.9289     0.2000     1.8592    0.2857   0.2603   0.000100  (3.9s)
    15      1.9745     0.1500     1.8464    0.3214   0.2980   0.000100  (3.5s)
    16      1.9498     0.2000     1.8533    0.2500   0.2417   0.000100  (3.9s)
    17      1.9459     0.1875     1.8703    0.2500   0.2158   0.000100  (3.5s)
    18      1.9681     0.1688     1.8644    0.2143   0.2159   0.000100  (3.5s)
    19      1.9085     0.2313     1.8450    0.2500   0.2514   0.000100  (3.4s)
    20      1.8783     0.2687     1.8337    0.2500   0.2260   0.000100  (3.4s)
    21      1.9024     0.2625     1.8324    0.2857   0.2454   0.000100  (3.5s)
    22      1.8882     0.2500     1.8112    0.2857   0.2468   0.000100  (3.7s)
    23      1.8538     0.2188     1.8232    0.2500   0.2263   0.000100  (3.5s)
    24      1.8634     0.2250     1.8112    0.3214   0.2643   0.000100  (3.4s)
    25      1.8351     0.2313     1.8035    0.2500   0.2494   0.000050  (3.8s)
    26      1.8452     0.2625     1.7897    0.2500   0.2413   0.000050  (3.7s)
    27      1.7946     0.2875     1.8013    0.2500   0.2336   0.000050  (3.5s)
    28      1.7915     0.2875     1.7949    0.2500   0.2286   0.000050  (3.7s)
    29      1.8214     0.2938     1.7829    0.2500   0.2286   0.000050  (3.4s)
    30      1.8197     0.2750     1.7815    0.2500   0.2286   0.000050  (3.3s)

Early stopping at epoch 30. Best epoch: 15 (val_f1=0.2980)

Best: epoch 15, val_acc=0.3214, val_f1=0.2980
Model saved: /mnt/extended-home/fitra_dosen/2025_iris_fer_taufik/MultimodalEmoLearn/models/benchmark/jaffe_randomsplit/_tmp/m.pth
Test Loss: 1.8835
Test Accuracy: 0.1905
Test Macro F1:    0.1190
Test Micro F1:    0.1905
Test Weighted F1: 0.1190

Classification Report:
              precision    recall  f1-score   support

     neutral       0.20      1.00      0.33         3
       happy       0.00      0.00      0.00         3
         sad       0.00      0.00      0.00         3
       angry       0.00      0.00      0.00         3
     fearful       0.00      0.00      0.00         4
   disgusted       0.00      0.00      0.00         2
   surprised       1.00      0.33      0.50         3

    accuracy                           0.19        21
   macro avg       0.17      0.19      0.12        21
weighted avg       0.17      0.19      0.12        21

    [Intermediate fold 10/10] macro_f1=0.1190 acc=0.1905
  Intermediate       macro_f1=0.2409±0.1297  acc=0.2870±0.1121
 Epoch  Train Loss  Train Acc   Val Loss   Val Acc   Val F1         LR
---------------------------------------------------------------------------
     1      1.9846     0.1625     2.1073    0.0357   0.0124   0.000050  (4.2s)
     2      1.3986     0.5563     2.1168    0.0714   0.0388   0.000050  (3.5s)
     3      1.0717     0.7625     2.1166    0.0714   0.0395   0.000050  (3.3s)
     4      0.8037     0.9187     2.0318    0.0357   0.0159   0.000050  (3.3s)
     5      0.6092     0.9625     1.8817    0.1071   0.0577   0.000050  (3.1s)
     6      0.5176     0.9688     1.7085    0.3214   0.3011   0.000050  (3.3s)
     7      0.4298     0.9938     1.5579    0.4286   0.3561   0.000050  (3.4s)
     8      0.3323     1.0000     1.3321    0.6071   0.5274   0.000050  (3.5s)
     9      0.2872     1.0000     1.1555    0.6786   0.6462   0.000050  (3.3s)
    10      0.2749     0.9938     0.9958    0.8214   0.7738   0.000050  (3.3s)
    11      0.2563     0.9938     0.9183    0.8214   0.7740   0.000050  (3.2s)
    12      0.2147     1.0000     0.8776    0.8571   0.8106   0.000050  (3.2s)
    13      0.1996     1.0000     0.8670    0.8571   0.8106   0.000050  (3.4s)
    14      0.1460     1.0000     0.8433    0.8571   0.8106   0.000050  (3.2s)
    15      0.1477     1.0000     0.8292    0.8571   0.8106   0.000050  (3.1s)
    16      0.1552     1.0000     0.8151    0.8929   0.8786   0.000050  (3.2s)
    17      0.1172     1.0000     0.8133    0.8929   0.8753   0.000050  (3.4s)
    18      0.1231     1.0000     0.7931    0.8571   0.8073   0.000050  (3.2s)
    19      0.1266     1.0000     0.7750    0.8571   0.8106   0.000050  (3.2s)
    20      0.1268     1.0000     0.7740    0.8929   0.8737   0.000050  (3.5s)
    21      0.1084     1.0000     0.7617    0.8929   0.8737   0.000050  (3.4s)
    22      0.1075     1.0000     0.7586    0.8214   0.7695   0.000050  (3.4s)
    23      0.0919     1.0000     0.7376    0.8571   0.8106   0.000050  (3.3s)
    24      0.0962     1.0000     0.7115    0.8929   0.8737   0.000050  (3.4s)
    25      0.1089     1.0000     0.7107    0.8929   0.8786   0.000050  (3.4s)
    26      0.0962     1.0000     0.7244    0.8929   0.8786   0.000025  (3.3s)
    27      0.0774     1.0000     0.7035    0.8929   0.8786   0.000025  (3.2s)
    28      0.0786     1.0000     0.7132    0.8929   0.8753   0.000025  (3.2s)
    29      0.0969     1.0000     0.7080    0.8929   0.8753   0.000025  (3.1s)
    30      0.0945     1.0000     0.6976    0.8929   0.8786   0.000025  (3.1s)
    31      0.0806     1.0000     0.6955    0.8929   0.8753   0.000025  (3.2s)

Early stopping at epoch 31. Best epoch: 16 (val_f1=0.8786)

Best: epoch 16, val_acc=0.8929, val_f1=0.8786
Model saved: /mnt/extended-home/fitra_dosen/2025_iris_fer_taufik/MultimodalEmoLearn/models/benchmark/jaffe_randomsplit/_tmp/m.pth
Test Loss: 1.0888
Test Accuracy: 0.7727
Test Macro F1:    0.7253
Test Micro F1:    0.7727
Test Weighted F1: 0.7254

Classification Report:
              precision    recall  f1-score   support

     neutral       1.00      1.00      1.00         3
       happy       1.00      0.67      0.80         3
         sad       0.00      0.00      0.00         3
       angry       0.60      1.00      0.75         3
     fearful       0.57      1.00      0.73         4
   disgusted       1.00      0.67      0.80         3
   surprised       1.00      1.00      1.00         3

    accuracy                           0.77        22
   macro avg       0.74      0.76      0.73        22
weighted avg       0.73      0.77      0.73        22

    [CNN_TL fold 1/10] macro_f1=0.7253 acc=0.7727
 Epoch  Train Loss  Train Acc   Val Loss   Val Acc   Val F1         LR
---------------------------------------------------------------------------
     1      1.9725     0.1688     2.0307    0.0000   0.0000   0.000050  (3.6s)
     2      1.4538     0.5687     2.0135    0.0000   0.0000   0.000050  (3.2s)
     3      1.1083     0.7688     2.0163    0.0000   0.0000   0.000050  (3.2s)
     4      0.8787     0.8750     1.9737    0.0714   0.0381   0.000050  (3.3s)
     5      0.6217     0.9688     1.9309    0.0714   0.0536   0.000050  (3.5s)
     6      0.5590     0.9563     1.8272    0.1786   0.1361   0.000050  (3.4s)
     7      0.4396     1.0000     1.7024    0.3571   0.2398   0.000050  (3.4s)
     8      0.3487     0.9938     1.5368    0.5000   0.3476   0.000050  (3.4s)
     9      0.2881     1.0000     1.3591    0.6429   0.4756   0.000050  (3.4s)
    10      0.2687     1.0000     1.1598    0.7500   0.5731   0.000050  (3.5s)
    11      0.2654     1.0000     1.0294    0.8214   0.7225   0.000050  (3.3s)
    12      0.2210     1.0000     0.9705    0.8214   0.8328   0.000050  (3.3s)
    13      0.1990     1.0000     0.9572    0.8214   0.8328   0.000050  (3.3s)
    14      0.1616     1.0000     0.9404    0.8571   0.8661   0.000050  (3.2s)
    15      0.1575     1.0000     0.9404    0.7857   0.6949   0.000050  (3.4s)
    16      0.1668     1.0000     0.9328    0.7857   0.6949   0.000050  (3.4s)
    17      0.1273     1.0000     0.9194    0.8571   0.8661   0.000050  (3.2s)
    18      0.1189     1.0000     0.9085    0.8214   0.7225   0.000050  (3.2s)
    19      0.1343     1.0000     0.9008    0.8214   0.7225   0.000050  (3.2s)
    20      0.1307     1.0000     0.8687    0.8214   0.7225   0.000050  (3.2s)
    21      0.1009     1.0000     0.8530    0.8214   0.7225   0.000050  (3.2s)
    22      0.1185     1.0000     0.8471    0.8214   0.7129   0.000050  (3.5s)
    23      0.0929     1.0000     0.8348    0.8214   0.7129   0.000050  (3.5s)
    24      0.0914     1.0000     0.8219    0.8571   0.8548   0.000025  (3.3s)
    25      0.1049     1.0000     0.8160    0.8571   0.8661   0.000025  (3.5s)
    26      0.0998     1.0000     0.8237    0.8571   0.8548   0.000025  (3.4s)
    27      0.0844     1.0000     0.8264    0.8571   0.8661   0.000025  (3.4s)
    28      0.0768     1.0000     0.8454    0.8214   0.7129   0.000025  (3.5s)
    29      0.0920     1.0000     0.8410    0.8214   0.7129   0.000025  (3.5s)

Early stopping at epoch 29. Best epoch: 14 (val_f1=0.8661)

Best: epoch 14, val_acc=0.8571, val_f1=0.8661
Model saved: /mnt/extended-home/fitra_dosen/2025_iris_fer_taufik/MultimodalEmoLearn/models/benchmark/jaffe_randomsplit/_tmp/m.pth
Test Loss: 0.6885
Test Accuracy: 0.9091
Test Macro F1:    0.9034
Test Micro F1:    0.9091
Test Weighted F1: 0.9078

Classification Report:
              precision    recall  f1-score   support

     neutral       1.00      1.00      1.00         3
       happy       1.00      1.00      1.00         4
         sad       1.00      0.67      0.80         3
       angry       0.75      1.00      0.86         3
     fearful       1.00      1.00      1.00         3
   disgusted       0.67      0.67      0.67         3
   surprised       1.00      1.00      1.00         3

    accuracy                           0.91        22
   macro avg       0.92      0.90      0.90        22
weighted avg       0.92      0.91      0.91        22

    [CNN_TL fold 2/10] macro_f1=0.9034 acc=0.9091
 Epoch  Train Loss  Train Acc   Val Loss   Val Acc   Val F1         LR
---------------------------------------------------------------------------
     1      1.9510     0.2125     1.9724    0.2500   0.1852   0.000050  (3.5s)
     2      1.4088     0.5312     1.8810    0.2143   0.1261   0.000050  (3.3s)
     3      1.0666     0.7750     1.8330    0.2143   0.1525   0.000050  (3.3s)
     4      0.8290     0.8875     1.7198    0.2500   0.2256   0.000050  (3.2s)
     5      0.5927     0.9750     1.4572    0.5000   0.4417   0.000050  (3.3s)
     6      0.4971     0.9812     1.3130    0.5714   0.5220   0.000050  (3.2s)
     7      0.4130     0.9875     1.2004    0.6071   0.5382   0.000050  (3.3s)
     8      0.3348     0.9938     1.0858    0.5714   0.5161   0.000050  (3.4s)
     9      0.2902     1.0000     0.9890    0.7143   0.6312   0.000050  (3.1s)
    10      0.2723     1.0000     0.8749    0.7857   0.6972   0.000050  (3.2s)
    11      0.2299     1.0000     0.8292    0.8214   0.7195   0.000050  (3.7s)
    12      0.2133     1.0000     0.8182    0.7857   0.6821   0.000050  (3.4s)
    13      0.1821     1.0000     0.7943    0.8214   0.7101   0.000050  (3.4s)
    14      0.1493     1.0000     0.7706    0.8214   0.7101   0.000050  (3.3s)
    15      0.1462     1.0000     0.7406    0.8214   0.7195   0.000050  (3.4s)
    16      0.1564     1.0000     0.7074    0.8214   0.7195   0.000050  (3.4s)
    17      0.1241     1.0000     0.6923    0.8214   0.7195   0.000050  (3.3s)
    18      0.1387     1.0000     0.6912    0.8214   0.7195   0.000050  (3.4s)
    19      0.1163     1.0000     0.6922    0.8214   0.7195   0.000050  (3.3s)
    20      0.1304     1.0000     0.6709    0.8214   0.7195   0.000050  (3.4s)
    21      0.0912     1.0000     0.6689    0.8214   0.7195   0.000025  (3.4s)
    22      0.1071     1.0000     0.6668    0.8214   0.7195   0.000025  (3.1s)
    23      0.0979     1.0000     0.6629    0.7857   0.6821   0.000025  (3.4s)
    24      0.0970     1.0000     0.6598    0.7857   0.6821   0.000025  (3.5s)
    25      0.0985     1.0000     0.6415    0.8214   0.7195   0.000025  (3.2s)
    26      0.1046     1.0000     0.6509    0.8214   0.7195   0.000025  (3.3s)

Early stopping at epoch 26. Best epoch: 11 (val_f1=0.7195)

Best: epoch 11, val_acc=0.8214, val_f1=0.7195
Model saved: /mnt/extended-home/fitra_dosen/2025_iris_fer_taufik/MultimodalEmoLearn/models/benchmark/jaffe_randomsplit/_tmp/m.pth
Test Loss: 0.9946
Test Accuracy: 0.7273
Test Macro F1:    0.7071
Test Micro F1:    0.7273
Test Weighted F1: 0.7091

Classification Report:
              precision    recall  f1-score   support

     neutral       0.50      0.33      0.40         3
       happy       0.60      1.00      0.75         3
         sad       0.75      0.75      0.75         4
       angry       1.00      0.67      0.80         3
     fearful       1.00      0.33      0.50         3
   disgusted       0.60      1.00      0.75         3
   surprised       1.00      1.00      1.00         3

    accuracy                           0.73        22
   macro avg       0.78      0.73      0.71        22
weighted avg       0.78      0.73      0.71        22

    [CNN_TL fold 3/10] macro_f1=0.7071 acc=0.7273
 Epoch  Train Loss  Train Acc   Val Loss   Val Acc   Val F1         LR
---------------------------------------------------------------------------
     1      1.9773     0.2062     1.9248    0.1786   0.1188   0.000050  (3.6s)
     2      1.4177     0.5250     1.7699    0.2857   0.2491   0.000050  (3.4s)
     3      1.1000     0.7562     1.6813    0.3214   0.2755   0.000050  (3.3s)
     4      0.8827     0.8688     1.5758    0.3214   0.2719   0.000050  (3.2s)
     5      0.7021     0.9375     1.4757    0.5357   0.4934   0.000050  (3.5s)
     6      0.5083     0.9812     1.3528    0.6071   0.4689   0.000050  (3.3s)
     7      0.4457     0.9938     1.1943    0.6786   0.5983   0.000050  (3.3s)
     8      0.3539     1.0000     1.0619    0.7857   0.7598   0.000050  (3.5s)
     9      0.3053     1.0000     0.9513    0.8214   0.8088   0.000050  (3.5s)
    10      0.3150     1.0000     0.7982    0.8929   0.8924   0.000050  (3.4s)
    11      0.2404     1.0000     0.7368    0.8929   0.8643   0.000050  (3.4s)
    12      0.2006     1.0000     0.7139    0.8929   0.8643   0.000050  (3.4s)
    13      0.1754     1.0000     0.6714    0.8929   0.8643   0.000050  (3.3s)
    14      0.1747     1.0000     0.6429    0.8929   0.8643   0.000050  (3.1s)
    15      0.1802     1.0000     0.6113    0.8929   0.8643   0.000050  (3.6s)
    16      0.1489     1.0000     0.5801    0.8929   0.8643   0.000050  (3.6s)
    17      0.1368     1.0000     0.6186    0.8929   0.8643   0.000050  (3.2s)
    18      0.1216     1.0000     0.6055    0.8929   0.8643   0.000050  (3.2s)
    19      0.1199     1.0000     0.5736    0.8929   0.8643   0.000050  (3.9s)
    20      0.1310     1.0000     0.5826    0.8929   0.8643   0.000025  (3.3s)
    21      0.1148     1.0000     0.5802    0.8929   0.8643   0.000025  (3.1s)
    22      0.1125     1.0000     0.5778    0.8929   0.8643   0.000025  (3.2s)
    23      0.1083     1.0000     0.5733    0.8929   0.8643   0.000025  (3.8s)
    24      0.0960     1.0000     0.5655    0.8929   0.8643   0.000025  (3.2s)
    25      0.0898     1.0000     0.5646    0.8929   0.8643   0.000025  (3.2s)

Early stopping at epoch 25. Best epoch: 10 (val_f1=0.8924)

Best: epoch 10, val_acc=0.8929, val_f1=0.8924
Model saved: /mnt/extended-home/fitra_dosen/2025_iris_fer_taufik/MultimodalEmoLearn/models/benchmark/jaffe_randomsplit/_tmp/m.pth
Test Loss: 0.9319
Test Accuracy: 0.8095
Test Macro F1:    0.8082
Test Micro F1:    0.8095
Test Weighted F1: 0.8082

Classification Report:
              precision    recall  f1-score   support

     neutral       0.67      0.67      0.67         3
       happy       0.67      0.67      0.67         3
         sad       0.75      1.00      0.86         3
       angry       1.00      1.00      1.00         3
     fearful       1.00      0.67      0.80         3
   disgusted       1.00      1.00      1.00         3
   surprised       0.67      0.67      0.67         3

    accuracy                           0.81        21
   macro avg       0.82      0.81      0.81        21
weighted avg       0.82      0.81      0.81        21

    [CNN_TL fold 4/10] macro_f1=0.8082 acc=0.8095
 Epoch  Train Loss  Train Acc   Val Loss   Val Acc   Val F1         LR
---------------------------------------------------------------------------
     1      1.9130     0.2750     1.9183    0.1429   0.0678   0.000050  (3.3s)
     2      1.3517     0.5813     1.7883    0.3214   0.1774   0.000050  (3.9s)
     3      1.0613     0.7875     1.7706    0.1429   0.0848   0.000050  (3.3s)
     4      0.8287     0.9062     1.7005    0.2500   0.1626   0.000050  (3.2s)
     5      0.6508     0.9437     1.5480    0.3214   0.2204   0.000050  (3.2s)
     6      0.4841     0.9938     1.4067    0.4286   0.4095   0.000050  (3.4s)
     7      0.4161     0.9938     1.2964    0.6071   0.5742   0.000050  (3.4s)
     8      0.3368     1.0000     1.1869    0.6786   0.6979   0.000050  (3.2s)
     9      0.2895     1.0000     1.0807    0.7500   0.7489   0.000050  (3.3s)
    10      0.2813     1.0000     0.9635    0.8214   0.8033   0.000050  (3.3s)
    11      0.2359     1.0000     0.8883    0.7857   0.7834   0.000050  (3.2s)
    12      0.1985     1.0000     0.8237    0.8214   0.8254   0.000050  (3.4s)
    13      0.1660     1.0000     0.7668    0.8571   0.8617   0.000050  (3.4s)
    14      0.1710     1.0000     0.7474    0.8571   0.8623   0.000050  (3.3s)
    15      0.1586     1.0000     0.7555    0.8929   0.8905   0.000050  (3.1s)
    16      0.1470     1.0000     0.7292    0.8571   0.8623   0.000050  (3.3s)
    17      0.1315     1.0000     0.7339    0.8571   0.8617   0.000050  (3.2s)
    18      0.1202     1.0000     0.6968    0.8571   0.8623   0.000050  (3.2s)
    19      0.1086     1.0000     0.6642    0.8571   0.8623   0.000050  (3.2s)
    20      0.1268     1.0000     0.6714    0.8571   0.8623   0.000050  (3.2s)
    21      0.1091     1.0000     0.6638    0.8571   0.8617   0.000050  (3.2s)
    22      0.1054     1.0000     0.6859    0.8571   0.8617   0.000050  (3.2s)
    23      0.1010     1.0000     0.6628    0.8929   0.8905   0.000050  (3.3s)
    24      0.0841     1.0000     0.6450    0.8929   0.8905   0.000050  (3.4s)
    25      0.0860     1.0000     0.6399    0.8571   0.8623   0.000025  (3.5s)
    26      0.0917     1.0000     0.6309    0.8571   0.8623   0.000025  (3.4s)
    27      0.0953     1.0000     0.6317    0.8571   0.8623   0.000025  (3.2s)
    28      0.0965     1.0000     0.6414    0.8571   0.8623   0.000025  (3.2s)
    29      0.0854     1.0000     0.6593    0.8571   0.8623   0.000025  (3.3s)
    30      0.0992     1.0000     0.6540    0.8571   0.8623   0.000025  (3.4s)

Early stopping at epoch 30. Best epoch: 15 (val_f1=0.8905)

Best: epoch 15, val_acc=0.8929, val_f1=0.8905
Model saved: /mnt/extended-home/fitra_dosen/2025_iris_fer_taufik/MultimodalEmoLearn/models/benchmark/jaffe_randomsplit/_tmp/m.pth
Test Loss: 0.7974
Test Accuracy: 0.8571
Test Macro F1:    0.8449
Test Micro F1:    0.8571
Test Weighted F1: 0.8449

Classification Report:
              precision    recall  f1-score   support

     neutral       0.75      1.00      0.86         3
       happy       1.00      0.67      0.80         3
         sad       0.50      0.33      0.40         3
       angry       0.75      1.00      0.86         3
     fearful       1.00      1.00      1.00         3
   disgusted       1.00      1.00      1.00         3
   surprised       1.00      1.00      1.00         3

    accuracy                           0.86        21
   macro avg       0.86      0.86      0.84        21
weighted avg       0.86      0.86      0.84        21

    [CNN_TL fold 5/10] macro_f1=0.8449 acc=0.8571
 Epoch  Train Loss  Train Acc   Val Loss   Val Acc   Val F1         LR
---------------------------------------------------------------------------
     1      1.9499     0.2125     2.0342    0.0714   0.0432   0.000050  (3.5s)
     2      1.3702     0.5813     1.9589    0.1786   0.1200   0.000050  (3.2s)
     3      1.0480     0.8063     1.8024    0.2500   0.1926   0.000050  (3.3s)
     4      0.8226     0.9187     1.6183    0.4286   0.4031   0.000050  (3.3s)
     5      0.6672     0.9688     1.5193    0.3571   0.2998   0.000050  (3.3s)
     6      0.4966     0.9812     1.3805    0.3929   0.3323   0.000050  (3.4s)
     7      0.4333     1.0000     1.2083    0.6071   0.5126   0.000050  (3.4s)
     8      0.3257     0.9938     1.0570    0.7500   0.6293   0.000050  (3.2s)
     9      0.3043     1.0000     0.9268    0.8929   0.7653   0.000050  (3.3s)
    10      0.2815     1.0000     0.8143    0.8929   0.8939   0.000050  (3.5s)
    11      0.2387     0.9938     0.7212    0.9643   0.9666   0.000050  (3.2s)
    12      0.2032     1.0000     0.7018    0.9643   0.9666   0.000050  (3.2s)
    13      0.1788     1.0000     0.6778    0.9643   0.9666   0.000050  (3.8s)
    14      0.1537     1.0000     0.6637    0.9643   0.9666   0.000050  (3.4s)
    15      0.1736     1.0000     0.7012    0.8571   0.8651   0.000050  (3.2s)
    16      0.1474     1.0000     0.6359    0.8929   0.9008   0.000050  (3.2s)
    17      0.1247     1.0000     0.6463    0.8571   0.8712   0.000050  (3.8s)
    18      0.1219     1.0000     0.6347    0.9286   0.9351   0.000050  (3.4s)
    19      0.1040     1.0000     0.5852    0.9286   0.9351   0.000050  (3.3s)
    20      0.1358     1.0000     0.5784    0.9286   0.9351   0.000050  (3.4s)
    21      0.1186     1.0000     0.5886    0.8929   0.9008   0.000025  (3.4s)
    22      0.1097     1.0000     0.5711    0.8929   0.9008   0.000025  (3.2s)
    23      0.1007     1.0000     0.5824    0.8571   0.8566   0.000025  (3.2s)
    24      0.0885     1.0000     0.5770    0.8571   0.8566   0.000025  (3.2s)
    25      0.0942     1.0000     0.5696    0.8929   0.9008   0.000025  (3.4s)
    26      0.0935     1.0000     0.5578    0.8929   0.9008   0.000025  (3.3s)

Early stopping at epoch 26. Best epoch: 11 (val_f1=0.9666)

Best: epoch 11, val_acc=0.9643, val_f1=0.9666
Model saved: /mnt/extended-home/fitra_dosen/2025_iris_fer_taufik/MultimodalEmoLearn/models/benchmark/jaffe_randomsplit/_tmp/m.pth
Test Loss: 0.7039
Test Accuracy: 0.9048
Test Macro F1:    0.9071
Test Micro F1:    0.9048
Test Weighted F1: 0.9071

Classification Report:
              precision    recall  f1-score   support

     neutral       1.00      1.00      1.00         3
       happy       0.60      1.00      0.75         3
         sad       1.00      0.67      0.80         3
       angry       1.00      1.00      1.00         3
     fearful       1.00      0.67      0.80         3
   disgusted       1.00      1.00      1.00         3
   surprised       1.00      1.00      1.00         3

    accuracy                           0.90        21
   macro avg       0.94      0.90      0.91        21
weighted avg       0.94      0.90      0.91        21

    [CNN_TL fold 6/10] macro_f1=0.9071 acc=0.9048
 Epoch  Train Loss  Train Acc   Val Loss   Val Acc   Val F1         LR
---------------------------------------------------------------------------
     1      1.9136     0.2062     1.9358    0.1786   0.1494   0.000050  (3.6s)
     2      1.3858     0.5625     1.8057    0.2143   0.1478   0.000050  (3.2s)
     3      1.0720     0.7750     1.7830    0.1429   0.0857   0.000050  (3.5s)
     4      0.8586     0.9062     1.7403    0.2143   0.1765   0.000050  (3.2s)
     5      0.6815     0.9500     1.5992    0.2500   0.1651   0.000050  (3.4s)
     6      0.5000     0.9688     1.4541    0.3214   0.2369   0.000050  (3.2s)
     7      0.4290     1.0000     1.2404    0.5714   0.4752   0.000050  (3.2s)
     8      0.3546     1.0000     1.0888    0.7500   0.7032   0.000050  (3.3s)
     9      0.2794     1.0000     1.0262    0.7857   0.7440   0.000050  (3.3s)
    10      0.2906     0.9938     0.9420    0.8214   0.7745   0.000050  (3.2s)
    11      0.2351     1.0000     0.8315    0.9286   0.9072   0.000050  (3.4s)
    12      0.2009     1.0000     0.7228    0.9643   0.9556   0.000050  (3.4s)
    13      0.1865     1.0000     0.6724    0.9643   0.9556   0.000050  (3.4s)
    14      0.1675     1.0000     0.6302    0.9286   0.9071   0.000050  (3.4s)
    15      0.1637     1.0000     0.5899    0.9286   0.9071   0.000050  (3.4s)
    16      0.1334     1.0000     0.5580    0.9286   0.9071   0.000050  (3.1s)
    17      0.1385     1.0000     0.5634    0.9286   0.9071   0.000050  (3.2s)
    18      0.1180     1.0000     0.5597    0.9643   0.9556   0.000050  (3.8s)
    19      0.1082     1.0000     0.5480    0.9643   0.9556   0.000050  (3.4s)
    20      0.1273     1.0000     0.5588    0.9286   0.9281   0.000050  (3.3s)
    21      0.1052     1.0000     0.5530    0.9286   0.9071   0.000050  (3.3s)
    22      0.1042     1.0000     0.5477    0.8929   0.8797   0.000025  (3.2s)
    23      0.0985     1.0000     0.5492    0.9286   0.9071   0.000025  (3.3s)
    24      0.0850     1.0000     0.5358    0.9286   0.9071   0.000025  (3.3s)
    25      0.0918     1.0000     0.5091    0.9286   0.9071   0.000025  (3.3s)
    26      0.0994     1.0000     0.5128    0.9286   0.9071   0.000025  (3.4s)
    27      0.0909     1.0000     0.5235    0.9286   0.9071   0.000025  (3.2s)

Early stopping at epoch 27. Best epoch: 12 (val_f1=0.9556)

Best: epoch 12, val_acc=0.9643, val_f1=0.9556
Model saved: /mnt/extended-home/fitra_dosen/2025_iris_fer_taufik/MultimodalEmoLearn/models/benchmark/jaffe_randomsplit/_tmp/m.pth
Test Loss: 0.7469
Test Accuracy: 0.9048
Test Macro F1:    0.9020
Test Micro F1:    0.9048
Test Weighted F1: 0.9020

Classification Report:
              precision    recall  f1-score   support

     neutral       0.75      1.00      0.86         3
       happy       1.00      0.67      0.80         3
         sad       0.75      1.00      0.86         3
       angry       1.00      1.00      1.00         3
     fearful       1.00      0.67      0.80         3
   disgusted       1.00      1.00      1.00         3
   surprised       1.00      1.00      1.00         3

    accuracy                           0.90        21
   macro avg       0.93      0.90      0.90        21
weighted avg       0.93      0.90      0.90        21

    [CNN_TL fold 7/10] macro_f1=0.9020 acc=0.9048
 Epoch  Train Loss  Train Acc   Val Loss   Val Acc   Val F1         LR
---------------------------------------------------------------------------
     1      1.9446     0.2125     2.0097    0.1071   0.0343   0.000050  (3.4s)
     2      1.3754     0.6250     2.0000    0.1429   0.0675   0.000050  (3.3s)
     3      0.9735     0.8438     1.9828    0.1429   0.0838   0.000050  (3.5s)
     4      0.8151     0.9125     1.9235    0.1786   0.1143   0.000050  (3.3s)
     5      0.6620     0.9250     1.7308    0.2500   0.1678   0.000050  (3.2s)
     6      0.5118     0.9750     1.5982    0.2143   0.1623   0.000050  (3.5s)
     7      0.4622     0.9750     1.4502    0.4643   0.4549   0.000050  (3.3s)
     8      0.3533     0.9938     1.3330    0.5714   0.5142   0.000050  (3.2s)
     9      0.2848     1.0000     1.2098    0.6429   0.5583   0.000050  (3.2s)
    10      0.2776     1.0000     1.1184    0.6786   0.5988   0.000050  (3.1s)
    11      0.2277     1.0000     1.0455    0.7500   0.7451   0.000050  (3.2s)
    12      0.1895     1.0000     0.9875    0.8214   0.7965   0.000050  (3.3s)
    13      0.1917     1.0000     0.9626    0.7857   0.7783   0.000050  (3.4s)
    14      0.1483     1.0000     0.9561    0.7857   0.7492   0.000050  (3.3s)
    15      0.1889     1.0000     0.9699    0.7857   0.7168   0.000050  (3.2s)
    16      0.1462     1.0000     0.9152    0.8214   0.7848   0.000050  (3.2s)
    17      0.1217     1.0000     0.9015    0.7857   0.7168   0.000050  (3.3s)
    18      0.1226     1.0000     0.8948    0.7857   0.7168   0.000050  (3.4s)
    19      0.1199     1.0000     0.8733    0.7857   0.7168   0.000050  (3.2s)
    20      0.1268     1.0000     0.8536    0.7857   0.7168   0.000050  (3.3s)
    21      0.1000     1.0000     0.8387    0.7857   0.7168   0.000050  (3.2s)
    22      0.1241     1.0000     0.8122    0.7857   0.7286   0.000025  (3.1s)
    23      0.1027     1.0000     0.8452    0.7857   0.7286   0.000025  (3.1s)
    24      0.0990     1.0000     0.8392    0.7857   0.7286   0.000025  (3.1s)
    25      0.1009     1.0000     0.8272    0.7857   0.7286   0.000025  (3.1s)
    26      0.0994     1.0000     0.8190    0.7857   0.7286   0.000025  (3.1s)
    27      0.0959     1.0000     0.8183    0.7857   0.7286   0.000025  (3.1s)

Early stopping at epoch 27. Best epoch: 12 (val_f1=0.7965)

Best: epoch 12, val_acc=0.8214, val_f1=0.7965
Model saved: /mnt/extended-home/fitra_dosen/2025_iris_fer_taufik/MultimodalEmoLearn/models/benchmark/jaffe_randomsplit/_tmp/m.pth
Test Loss: 0.7174
Test Accuracy: 0.9524
Test Macro F1:    0.9510
Test Micro F1:    0.9524
Test Weighted F1: 0.9510

Classification Report:
              precision    recall  f1-score   support

     neutral       1.00      1.00      1.00         3
       happy       1.00      1.00      1.00         3
         sad       0.75      1.00      0.86         3
       angry       1.00      1.00      1.00         3
     fearful       1.00      1.00      1.00         3
   disgusted       1.00      0.67      0.80         3
   surprised       1.00      1.00      1.00         3

    accuracy                           0.95        21
   macro avg       0.96      0.95      0.95        21
weighted avg       0.96      0.95      0.95        21

    [CNN_TL fold 8/10] macro_f1=0.9510 acc=0.9524
 Epoch  Train Loss  Train Acc   Val Loss   Val Acc   Val F1         LR
---------------------------------------------------------------------------
     1      1.9748     0.2125     2.0068    0.0714   0.0204   0.000050  (3.4s)
     2      1.4054     0.5375     1.9454    0.2143   0.1587   0.000050  (3.3s)
     3      1.0683     0.7875     1.8478    0.2143   0.1337   0.000050  (3.2s)
     4      0.8272     0.8875     1.7667    0.3214   0.2676   0.000050  (3.1s)
     5      0.6642     0.9688     1.6688    0.3214   0.2419   0.000050  (3.1s)
     6      0.5044     0.9938     1.5051    0.3929   0.3321   0.000050  (3.1s)
     7      0.4273     0.9875     1.3415    0.4643   0.4179   0.000050  (3.2s)
     8      0.3308     0.9938     1.1851    0.6429   0.5880   0.000050  (3.2s)
     9      0.2983     1.0000     1.0321    0.7857   0.7714   0.000050  (3.1s)
    10      0.2578     1.0000     0.9134    0.8214   0.8258   0.000050  (3.1s)
    11      0.2274     1.0000     0.8321    0.8571   0.8442   0.000050  (3.1s)
    12      0.1938     1.0000     0.7596    0.8571   0.8442   0.000050  (3.2s)
    13      0.1724     1.0000     0.7316    0.8214   0.7844   0.000050  (3.2s)
    14      0.1571     1.0000     0.7359    0.8571   0.8401   0.000050  (3.1s)
    15      0.1789     1.0000     0.7426    0.8571   0.8401   0.000050  (3.1s)
    16      0.1438     1.0000     0.6922    0.8214   0.7844   0.000050  (3.1s)
    17      0.1193     1.0000     0.6739    0.8214   0.7881   0.000050  (3.1s)
    18      0.1215     1.0000     0.6669    0.8571   0.8401   0.000050  (3.1s)
    19      0.1076     1.0000     0.6710    0.8571   0.8401   0.000050  (3.1s)
    20      0.1517     1.0000     0.6780    0.8571   0.8401   0.000050  (3.1s)
    21      0.1168     1.0000     0.6549    0.8571   0.8224   0.000025  (3.1s)
    22      0.1097     1.0000     0.6177    0.8571   0.8401   0.000025  (3.1s)
    23      0.1070     1.0000     0.6318    0.8571   0.8452   0.000025  (3.0s)
    24      0.0935     1.0000     0.6448    0.8571   0.8401   0.000025  (3.1s)
    25      0.0917     1.0000     0.6461    0.8571   0.8401   0.000025  (3.2s)
    26      0.1014     1.0000     0.6316    0.8571   0.8401   0.000025  (3.0s)
    27      0.1066     1.0000     0.6270    0.8571   0.8401   0.000025  (3.1s)
    28      0.1084     1.0000     0.6212    0.8571   0.8401   0.000025  (3.0s)
    29      0.0864     1.0000     0.6176    0.8571   0.8401   0.000025  (3.2s)
    30      0.1071     1.0000     0.6061    0.8571   0.8401   0.000025  (3.1s)
    31      0.0820     1.0000     0.6298    0.8571   0.8401   0.000025  (3.1s)
    32      0.0914     1.0000     0.6149    0.8571   0.8401   0.000025  (3.0s)
    33      0.0995     1.0000     0.6151    0.8571   0.8401   0.000013  (3.1s)
    34      0.0721     1.0000     0.6184    0.8571   0.8401   0.000013  (3.2s)
    35      0.0703     1.0000     0.6160    0.8571   0.8401   0.000013  (3.0s)
    36      0.0745     1.0000     0.6018    0.8571   0.8401   0.000013  (3.1s)
    37      0.0881     1.0000     0.6140    0.8571   0.8401   0.000013  (3.1s)
    38      0.0881     1.0000     0.6105    0.8571   0.8401   0.000013  (3.2s)

Early stopping at epoch 38. Best epoch: 23 (val_f1=0.8452)

Best: epoch 23, val_acc=0.8571, val_f1=0.8452
Model saved: /mnt/extended-home/fitra_dosen/2025_iris_fer_taufik/MultimodalEmoLearn/models/benchmark/jaffe_randomsplit/_tmp/m.pth
Test Loss: 0.4575
Test Accuracy: 1.0000
Test Macro F1:    1.0000
Test Micro F1:    1.0000
Test Weighted F1: 1.0000

Classification Report:
              precision    recall  f1-score   support

     neutral       1.00      1.00      1.00         3
       happy       1.00      1.00      1.00         3
         sad       1.00      1.00      1.00         3
       angry       1.00      1.00      1.00         3
     fearful       1.00      1.00      1.00         3
   disgusted       1.00      1.00      1.00         3
   surprised       1.00      1.00      1.00         3

    accuracy                           1.00        21
   macro avg       1.00      1.00      1.00        21
weighted avg       1.00      1.00      1.00        21

    [CNN_TL fold 9/10] macro_f1=1.0000 acc=1.0000
 Epoch  Train Loss  Train Acc   Val Loss   Val Acc   Val F1         LR
---------------------------------------------------------------------------
     1      1.9476     0.2000     1.9541    0.1071   0.0943   0.000050  (3.3s)
     2      1.3781     0.5875     1.7820    0.2500   0.1746   0.000050  (3.2s)
     3      1.0258     0.8438     1.7036    0.3214   0.2310   0.000050  (3.9s)
     4      0.8448     0.9000     1.6838    0.3214   0.2186   0.000050  (3.4s)
     5      0.6527     0.9688     1.5983    0.3929   0.3399   0.000050  (3.2s)
     6      0.4559     0.9875     1.4845    0.3929   0.3501   0.000050  (3.4s)
     7      0.3949     0.9875     1.3396    0.6071   0.5558   0.000050  (3.4s)
     8      0.3385     0.9938     1.2034    0.6786   0.6183   0.000050  (3.5s)
     9      0.2921     0.9875     1.0737    0.7143   0.7066   0.000050  (3.5s)
    10      0.2675     0.9938     0.9880    0.7857   0.8002   0.000050  (3.4s)
    11      0.2221     1.0000     0.8798    0.8214   0.8215   0.000050  (3.6s)
    12      0.1950     1.0000     0.8097    0.8214   0.7918   0.000050  (3.5s)
    13      0.1748     1.0000     0.7957    0.8214   0.8116   0.000050  (3.3s)
    14      0.1559     1.0000     0.7851    0.8214   0.8116   0.000050  (3.6s)
    15      0.1647     1.0000     0.7649    0.8214   0.8116   0.000050  (3.2s)
    16      0.1512     1.0000     0.7198    0.8214   0.8215   0.000050  (3.3s)
    17      0.1242     1.0000     0.7190    0.8214   0.8215   0.000050  (3.9s)
    18      0.1187     1.0000     0.6882    0.8571   0.8510   0.000050  (3.3s)
    19      0.1130     1.0000     0.6697    0.8571   0.8510   0.000050  (3.2s)
    20      0.1298     1.0000     0.6711    0.8214   0.8116   0.000050  (3.3s)
    21      0.1060     1.0000     0.6623    0.8214   0.8116   0.000050  (3.4s)
    22      0.1050     1.0000     0.6544    0.8571   0.8510   0.000050  (3.2s)
    23      0.0927     1.0000     0.6661    0.8571   0.8510   0.000050  (3.2s)
    24      0.0853     1.0000     0.6574    0.8571   0.8510   0.000050  (3.2s)
    25      0.0880     1.0000     0.6273    0.8571   0.8510   0.000050  (3.3s)
    26      0.0764     1.0000     0.6249    0.8571   0.8510   0.000050  (3.2s)
    27      0.0904     1.0000     0.6161    0.8571   0.8510   0.000050  (3.2s)
    28      0.0916     1.0000     0.6366    0.8214   0.8068   0.000025  (3.2s)
    29      0.0826     1.0000     0.6335    0.8571   0.8510   0.000025  (3.2s)
    30      0.0914     1.0000     0.6237    0.8571   0.8510   0.000025  (3.2s)
    31      0.0717     1.0000     0.6408    0.8214   0.8068   0.000025  (3.2s)
    32      0.0834     1.0000     0.6150    0.8214   0.8068   0.000025  (3.5s)
    33      0.0958     1.0000     0.6134    0.8214   0.8068   0.000025  (3.5s)

Early stopping at epoch 33. Best epoch: 18 (val_f1=0.8510)

Best: epoch 18, val_acc=0.8571, val_f1=0.8510
Model saved: /mnt/extended-home/fitra_dosen/2025_iris_fer_taufik/MultimodalEmoLearn/models/benchmark/jaffe_randomsplit/_tmp/m.pth
Test Loss: 0.5179
Test Accuracy: 1.0000
Test Macro F1:    1.0000
Test Micro F1:    1.0000
Test Weighted F1: 1.0000

Classification Report:
              precision    recall  f1-score   support

     neutral       1.00      1.00      1.00         3
       happy       1.00      1.00      1.00         3
         sad       1.00      1.00      1.00         3
       angry       1.00      1.00      1.00         3
     fearful       1.00      1.00      1.00         4
   disgusted       1.00      1.00      1.00         2
   surprised       1.00      1.00      1.00         3

    accuracy                           1.00        21
   macro avg       1.00      1.00      1.00        21
weighted avg       1.00      1.00      1.00        21

    [CNN_TL fold 10/10] macro_f1=1.0000 acc=1.0000
  CNN_TL             macro_f1=0.8749±0.0978  acc=0.8838±0.0873
 Epoch  Train Loss  Train Acc   Val Loss   Val Acc   Val F1         LR
---------------------------------------------------------------------------
     1      2.0732     0.1562     1.9552    0.0714   0.0471   0.000050  (3.7s)
     2      2.0011     0.2062     1.9668    0.0714   0.0403   0.000050  (3.3s)
     3      2.0046     0.1938     1.9753    0.1071   0.0576   0.000050  (3.3s)
     4      1.9359     0.2375     1.9764    0.1071   0.0508   0.000050  (3.5s)
     5      1.9560     0.2250     1.9420    0.0714   0.0336   0.000050  (3.4s)
     6      1.9399     0.2125     1.9314    0.1786   0.1171   0.000050  (3.4s)
     7      1.8596     0.3250     1.9011    0.3214   0.2789   0.000050  (3.4s)
     8      1.8717     0.2437     1.8785    0.2143   0.2245   0.000050  (3.4s)
     9      1.7996     0.2750     1.8459    0.4643   0.4267   0.000050  (3.4s)
    10      1.7523     0.3500     1.8348    0.4286   0.3507   0.000050  (3.5s)
    11      1.7475     0.3125     1.7797    0.5000   0.4204   0.000050  (3.4s)
    12      1.7120     0.3312     1.7497    0.4643   0.3648   0.000050  (3.2s)
    13      1.6914     0.3625     1.7388    0.4286   0.3659   0.000050  (3.2s)
    14      1.5892     0.3812     1.7097    0.5714   0.5258   0.000050  (3.2s)
    15      1.5806     0.4437     1.6827    0.5714   0.4903   0.000050  (3.3s)
    16      1.5418     0.4437     1.6939    0.5357   0.4795   0.000050  (3.3s)
    17      1.4967     0.4938     1.6615    0.5714   0.5649   0.000050  (3.3s)
    18      1.4865     0.4750     1.6029    0.6786   0.6361   0.000050  (3.4s)
    19      1.4169     0.5563     1.5666    0.6786   0.6421   0.000050  (3.5s)
    20      1.4322     0.5375     1.5322    0.7143   0.6632   0.000050  (3.5s)
    21      1.3617     0.5938     1.5153    0.7857   0.7081   0.000050  (3.6s)
    22      1.2508     0.6937     1.4799    0.7857   0.7224   0.000050  (3.6s)
    23      1.2575     0.6813     1.4538    0.7857   0.7223   0.000050  (3.4s)
    24      1.2352     0.6438     1.4242    0.7857   0.7242   0.000050  (3.3s)
    25      1.1478     0.7250     1.3842    0.7857   0.7250   0.000050  (3.5s)
    26      1.0969     0.7750     1.3311    0.8571   0.7985   0.000050  (3.4s)
    27      1.0673     0.7688     1.2981    0.8214   0.7333   0.000050  (3.4s)
    28      1.0730     0.7937     1.2538    0.8214   0.7346   0.000050  (3.4s)
    29      0.9277     0.8250     1.2502    0.8214   0.7333   0.000050  (3.4s)
    30      0.9305     0.8438     1.1895    0.8571   0.7857   0.000050  (3.3s)
    31      0.9441     0.8500     1.1303    0.8571   0.7985   0.000050  (3.3s)
    32      0.8778     0.8750     1.1020    0.8929   0.8223   0.000050  (3.3s)
    33      0.9242     0.8313     1.0939    0.8571   0.7857   0.000050  (3.3s)
    34      0.8421     0.9000     1.0344    0.8571   0.7985   0.000050  (3.2s)
    35      0.8374     0.8938     0.9557    0.8571   0.7985   0.000050  (3.4s)
    36      0.8101     0.8812     0.9575    0.8571   0.7857   0.000050  (3.3s)
    37      0.7622     0.9187     0.9761    0.8571   0.7857   0.000050  (3.5s)
    38      0.6811     0.9375     0.9394    0.9286   0.9048   0.000050  (3.4s)
    39      0.7240     0.9437     0.9323    0.9286   0.9048   0.000050  (3.4s)
    40      0.6593     0.9500     0.9227    0.9286   0.9176   0.000050  (3.4s)
    41      0.6139     0.9812     0.8906    0.9286   0.9048   0.000050  (3.4s)
    42      0.5497     0.9750     0.8782    0.9286   0.9048   0.000050  (3.4s)
    43      0.5677     0.9688     0.8388    0.9286   0.9048   0.000050  (3.2s)
    44      0.5108     0.9875     0.8494    0.8929   0.8367   0.000050  (3.2s)
    45      0.5360     0.9688     0.8510    0.9286   0.9048   0.000050  (3.8s)
    46      0.5048     0.9875     0.8174    0.9286   0.9048   0.000050  (3.5s)
    47      0.5586     0.9375     0.7871    0.9286   0.8808   0.000050  (3.5s)
    48      0.5486     0.9875     0.7675    0.9286   0.8680   0.000050  (3.3s)
    49      0.5305     0.9500     0.7544    0.9286   0.9048   0.000050  (3.2s)
    50      0.4332     0.9812     0.7389    0.9286   0.9048   0.000025  (3.3s)

Best: epoch 40, val_acc=0.9286, val_f1=0.9176
Model saved: /mnt/extended-home/fitra_dosen/2025_iris_fer_taufik/MultimodalEmoLearn/models/benchmark/jaffe_randomsplit/_tmp/m.pth
Test Loss: 1.1031
Test Accuracy: 0.8182
Test Macro F1:    0.7994
Test Micro F1:    0.8182
Test Weighted F1: 0.8035

Classification Report:
              precision    recall  f1-score   support

     neutral       0.60      1.00      0.75         3
       happy       1.00      0.67      0.80         3
         sad       1.00      0.33      0.50         3
       angry       0.75      1.00      0.86         3
     fearful       0.80      1.00      0.89         4
   disgusted       1.00      0.67      0.80         3
   surprised       1.00      1.00      1.00         3

    accuracy                           0.82        22
   macro avg       0.88      0.81      0.80        22
weighted avg       0.88      0.82      0.80        22

    [Intermediate_TL fold 1/10] macro_f1=0.7994 acc=0.8182
 Epoch  Train Loss  Train Acc   Val Loss   Val Acc   Val F1         LR
---------------------------------------------------------------------------
     1      2.0802     0.1750     1.9662    0.0357   0.0260   0.000050  (4.3s)
     2      1.9753     0.1750     1.9678    0.1786   0.0752   0.000050  (3.5s)
     3      1.9791     0.1750     1.9832    0.1429   0.0635   0.000050  (3.3s)
     4      1.9292     0.2625     1.9725    0.1429   0.0762   0.000050  (3.2s)
     5      1.9173     0.2313     1.9653    0.1071   0.0571   0.000050  (3.4s)
     6      1.9147     0.2562     1.9371    0.1786   0.1387   0.000050  (3.3s)
     7      1.9025     0.2500     1.9215    0.1429   0.1032   0.000050  (3.5s)
     8      1.8609     0.2188     1.8960    0.1429   0.0996   0.000050  (3.2s)
     9      1.8441     0.2625     1.8551    0.2143   0.1805   0.000050  (3.2s)
    10      1.7500     0.3187     1.8269    0.3214   0.2867   0.000050  (3.5s)
    11      1.7268     0.3375     1.7844    0.3571   0.3462   0.000050  (3.6s)
    12      1.6695     0.3438     1.7577    0.3214   0.3345   0.000050  (3.5s)
    13      1.6510     0.3500     1.7555    0.4643   0.3777   0.000050  (3.3s)
    14      1.5463     0.4313     1.7611    0.4643   0.4170   0.000050  (3.4s)
    15      1.5514     0.4000     1.7537    0.4643   0.4381   0.000050  (3.4s)
    16      1.5587     0.4688     1.7349    0.4643   0.4900   0.000050  (3.3s)
    17      1.4648     0.4875     1.7404    0.3929   0.3398   0.000050  (3.5s)
    18      1.4302     0.5375     1.7169    0.5000   0.5430   0.000050  (3.4s)
    19      1.3846     0.5750     1.6787    0.5357   0.5674   0.000050  (3.5s)
    20      1.3683     0.5938     1.6608    0.5714   0.5557   0.000050  (3.6s)
    21      1.3358     0.5875     1.6115    0.6071   0.5096   0.000050  (3.4s)
    22      1.2715     0.6188     1.5794    0.6786   0.6502   0.000050  (3.4s)
    23      1.3055     0.6312     1.5354    0.6786   0.6186   0.000050  (3.4s)
    24      1.2262     0.6813     1.5291    0.6786   0.6222   0.000050  (3.3s)
    25      1.1834     0.6500     1.4915    0.7143   0.6620   0.000050  (3.3s)
    26      1.1232     0.7937     1.4566    0.7500   0.6767   0.000050  (3.4s)
    27      1.0186     0.8187     1.4276    0.7500   0.6881   0.000050  (3.4s)
    28      1.0166     0.7937     1.3716    0.7143   0.6620   0.000050  (3.4s)
    29      0.9718     0.8187     1.3615    0.7143   0.6620   0.000050  (3.4s)
    30      0.9019     0.8375     1.3220    0.7500   0.6764   0.000050  (3.3s)
    31      0.9117     0.8250     1.2958    0.7857   0.6938   0.000050  (3.2s)
    32      0.8481     0.8562     1.2468    0.7857   0.6953   0.000050  (3.5s)
    33      0.8666     0.8688     1.2337    0.7857   0.7120   0.000050  (3.5s)
    34      0.8373     0.9000     1.2521    0.6786   0.6271   0.000050  (3.4s)
    35      0.8294     0.8562     1.1863    0.7143   0.6479   0.000050  (3.4s)
    36      0.8267     0.8938     1.1498    0.7857   0.7098   0.000050  (3.4s)
    37      0.7478     0.9313     1.1072    0.8571   0.8689   0.000050  (3.4s)
    38      0.7346     0.9187     1.0829    0.8571   0.8689   0.000050  (3.3s)
    39      0.7086     0.9250     1.1014    0.8571   0.8806   0.000050  (3.3s)
    40      0.6776     0.9313     1.1319    0.7857   0.7098   0.000050  (3.5s)
    41      0.6183     0.9500     1.1412    0.7500   0.6747   0.000050  (3.5s)
    42      0.5525     0.9875     1.1019    0.7857   0.8064   0.000050  (3.3s)
    43      0.5779     0.9625     1.0293    0.8571   0.8806   0.000050  (3.3s)
    44      0.5239     0.9812     1.0198    0.8571   0.8689   0.000050  (3.3s)
    45      0.5530     0.9812     1.0560    0.7857   0.7990   0.000050  (3.3s)
    46      0.5247     0.9875     1.0372    0.7857   0.7990   0.000050  (3.4s)
    47      0.5281     0.9688     1.0100    0.8214   0.8391   0.000050  (3.4s)
    48      0.5611     0.9375     1.0081    0.7857   0.7973   0.000050  (3.3s)
    49      0.5210     0.9625     0.9836    0.7857   0.7927   0.000025  (3.3s)
    50      0.4740     0.9750     0.9742    0.8214   0.8276   0.000025  (3.2s)

Best: epoch 39, val_acc=0.8571, val_f1=0.8806
Model saved: /mnt/extended-home/fitra_dosen/2025_iris_fer_taufik/MultimodalEmoLearn/models/benchmark/jaffe_randomsplit/_tmp/m.pth
Test Loss: 0.9650
Test Accuracy: 0.9091
Test Macro F1:    0.9020
Test Micro F1:    0.9091
Test Weighted F1: 0.9065

Classification Report:
              precision    recall  f1-score   support

     neutral       0.75      1.00      0.86         3
       happy       1.00      1.00      1.00         4
         sad       0.75      1.00      0.86         3
       angry       1.00      1.00      1.00         3
     fearful       1.00      1.00      1.00         3
   disgusted       1.00      0.67      0.80         3
   surprised       1.00      0.67      0.80         3

    accuracy                           0.91        22
   macro avg       0.93      0.90      0.90        22
weighted avg       0.93      0.91      0.91        22

    [Intermediate_TL fold 2/10] macro_f1=0.9020 acc=0.9091
 Epoch  Train Loss  Train Acc   Val Loss   Val Acc   Val F1         LR
---------------------------------------------------------------------------
     1      2.0857     0.1437     1.9393    0.1786   0.1083   0.000050  (3.7s)
     2      2.0378     0.2062     1.9555    0.0357   0.0168   0.000050  (3.5s)
     3      1.9864     0.2375     1.9536    0.1429   0.0984   0.000050  (3.2s)
     4      1.8545     0.2812     1.9370    0.2857   0.1945   0.000050  (3.2s)
     5      1.9289     0.2250     1.9210    0.2500   0.1976   0.000050  (3.3s)
     6      1.8744     0.2687     1.8750    0.2143   0.1816   0.000050  (3.4s)
     7      1.8490     0.2812     1.8424    0.2857   0.2246   0.000050  (3.2s)
     8      1.8188     0.2812     1.8210    0.4286   0.3786   0.000050  (3.3s)
     9      1.8241     0.3000     1.7995    0.4643   0.4019   0.000050  (3.3s)
    10      1.7332     0.3063     1.8015    0.4643   0.4187   0.000050  (3.2s)
    11      1.7889     0.2750     1.7889    0.5357   0.4497   0.000050  (3.2s)
    12      1.6244     0.3625     1.7659    0.5000   0.4327   0.000050  (3.4s)
    13      1.6691     0.3688     1.7482    0.5714   0.4828   0.000050  (3.5s)
    14      1.6064     0.4125     1.7331    0.5357   0.4794   0.000050  (3.4s)
    15      1.5432     0.4250     1.6849    0.6071   0.5257   0.000050  (3.2s)
    16      1.6053     0.4125     1.6427    0.6429   0.5634   0.000050  (3.5s)
    17      1.5148     0.4750     1.6375    0.6071   0.5216   0.000050  (3.6s)
    18      1.4058     0.5875     1.6047    0.6429   0.5347   0.000050  (3.4s)
    19      1.4131     0.5437     1.5465    0.6429   0.5828   0.000050  (3.4s)
    20      1.3814     0.5625     1.4883    0.6786   0.5984   0.000050  (3.4s)
    21      1.2747     0.6625     1.4763    0.6429   0.5498   0.000050  (3.2s)
    22      1.2673     0.6625     1.4743    0.6429   0.5498   0.000050  (3.2s)
    23      1.2059     0.6813     1.4870    0.6429   0.5372   0.000050  (3.2s)
    24      1.1902     0.7125     1.4211    0.7143   0.6270   0.000050  (3.4s)
    25      1.1771     0.6750     1.3448    0.7143   0.6270   0.000050  (3.5s)
    26      1.1120     0.7250     1.3263    0.7500   0.6468   0.000050  (3.3s)
    27      1.0205     0.8063     1.3026    0.7500   0.6415   0.000050  (3.3s)
    28      0.9944     0.8063     1.2340    0.7857   0.6872   0.000050  (3.4s)
    29      0.9699     0.8313     1.1970    0.7857   0.6872   0.000050  (3.6s)
    30      0.9239     0.8625     1.1242    0.7857   0.6872   0.000050  (3.5s)
    31      0.8982     0.8313     1.0925    0.7857   0.6872   0.000050  (3.5s)
    32      0.8855     0.8562     1.0701    0.7857   0.6939   0.000050  (3.5s)
    33      0.8979     0.8313     1.0346    0.8214   0.7320   0.000050  (3.6s)
    34      0.8523     0.8750     1.0587    0.8571   0.7588   0.000050  (3.4s)
    35      0.8067     0.8812     1.0288    0.8214   0.7248   0.000050  (3.4s)
    36      0.7260     0.9000     1.0064    0.8571   0.7588   0.000050  (3.5s)
    37      0.7685     0.9187     0.9583    0.8929   0.7786   0.000050  (3.5s)
    38      0.6882     0.9500     0.9387    0.8571   0.7496   0.000050  (3.4s)
    39      0.6560     0.9750     0.9061    0.8929   0.7844   0.000050  (3.3s)
    40      0.6275     0.9625     0.8679    0.8929   0.7844   0.000050  (3.4s)
    41      0.6318     0.9187     0.8117    0.8571   0.7500   0.000050  (3.5s)
    42      0.5641     0.9875     0.8124    0.8571   0.7500   0.000050  (3.4s)
    43      0.5750     0.9500     0.7938    0.8929   0.7844   0.000050  (3.4s)
    44      0.5351     0.9750     0.8208    0.8571   0.7536   0.000050  (3.8s)
    45      0.5470     0.9625     0.7332    0.8929   0.7844   0.000050  (3.5s)
    46      0.5107     0.9875     0.7427    0.8571   0.7536   0.000050  (3.4s)
    47      0.5147     0.9750     0.7620    0.8929   0.7768   0.000050  (3.6s)
    48      0.5149     0.9625     0.7250    0.8571   0.7536   0.000050  (3.4s)
    49      0.5299     0.9625     0.6838    0.8929   0.7868   0.000025  (3.3s)
    50      0.4143     0.9938     0.6855    0.8929   0.7868   0.000025  (3.4s)

Best: epoch 49, val_acc=0.8929, val_f1=0.7868
Model saved: /mnt/extended-home/fitra_dosen/2025_iris_fer_taufik/MultimodalEmoLearn/models/benchmark/jaffe_randomsplit/_tmp/m.pth
Test Loss: 0.8349
Test Accuracy: 0.7727
Test Macro F1:    0.7643
Test Micro F1:    0.7727
Test Weighted F1: 0.7659

Classification Report:
              precision    recall  f1-score   support

     neutral       0.50      0.33      0.40         3
       happy       1.00      0.67      0.80         3
         sad       0.67      1.00      0.80         4
       angry       1.00      0.67      0.80         3
     fearful       1.00      0.67      0.80         3
   disgusted       0.60      1.00      0.75         3
   surprised       1.00      1.00      1.00         3

    accuracy                           0.77        22
   macro avg       0.82      0.76      0.76        22
weighted avg       0.82      0.77      0.77        22

    [Intermediate_TL fold 3/10] macro_f1=0.7643 acc=0.7727
 Epoch  Train Loss  Train Acc   Val Loss   Val Acc   Val F1         LR
---------------------------------------------------------------------------
     1      2.0278     0.1750     1.9662    0.0357   0.0110   0.000050  (3.6s)
     2      2.0388     0.1750     1.9539    0.1071   0.0540   0.000050  (3.3s)
     3      1.9430     0.1938     1.9682    0.0714   0.0374   0.000050  (3.1s)
     4      1.9340     0.2062     1.9756    0.0714   0.0374   0.000050  (3.1s)
     5      1.9182     0.2250     1.9649    0.0714   0.0437   0.000050  (3.2s)
     6      1.8950     0.2250     1.9339    0.0714   0.0363   0.000050  (3.1s)
     7      1.8085     0.2437     1.9043    0.1429   0.1817   0.000050  (3.2s)
     8      1.7979     0.2687     1.8420    0.3214   0.3632   0.000050  (3.6s)
     9      1.7563     0.3438     1.7912    0.5000   0.5000   0.000050  (3.5s)
    10      1.7011     0.3812     1.7396    0.5000   0.4643   0.000050  (3.3s)
    11      1.7141     0.3625     1.6988    0.4643   0.4563   0.000050  (3.3s)
    12      1.6526     0.3688     1.6836    0.4643   0.4563   0.000050  (3.2s)
    13      1.6583     0.3875     1.6873    0.4643   0.4571   0.000050  (3.2s)
    14      1.6408     0.4062     1.6674    0.4643   0.4686   0.000050  (3.3s)
    15      1.5862     0.4125     1.6445    0.5357   0.5524   0.000050  (3.3s)
    16      1.5335     0.4688     1.5766    0.5357   0.4811   0.000050  (3.3s)
    17      1.4493     0.5312     1.5458    0.6071   0.5486   0.000050  (3.2s)
    18      1.4188     0.5500     1.5092    0.5357   0.5068   0.000050  (3.1s)
    19      1.3485     0.5813     1.4882    0.6429   0.6279   0.000050  (3.3s)
    20      1.3348     0.6188     1.4157    0.7143   0.7263   0.000050  (3.5s)
    21      1.2693     0.6125     1.3920    0.7500   0.7375   0.000050  (3.6s)
    22      1.2693     0.6562     1.3470    0.7143   0.6661   0.000050  (3.4s)
    23      1.1954     0.6562     1.3108    0.7500   0.7528   0.000050  (3.5s)
    24      1.1880     0.6562     1.2636    0.7857   0.7832   0.000050  (3.4s)
    25      1.1511     0.7188     1.2693    0.7500   0.7418   0.000050  (3.3s)
    26      1.0648     0.7812     1.2140    0.7500   0.7269   0.000050  (3.2s)
    27      1.0591     0.7625     1.1944    0.7500   0.7260   0.000050  (3.2s)
    28      1.0754     0.7500     1.1514    0.8214   0.8054   0.000050  (3.1s)
    29      0.9448     0.8187     1.1014    0.8571   0.8372   0.000050  (3.3s)
    30      0.9277     0.8000     1.0601    0.8571   0.8522   0.000050  (3.3s)
    31      0.8848     0.8500     1.0564    0.8214   0.8181   0.000050  (3.5s)
    32      0.9480     0.7688     1.0174    0.8929   0.8810   0.000050  (3.4s)
    33      0.8455     0.8812     0.9836    0.8929   0.8810   0.000050  (3.4s)
    34      0.8276     0.8438     0.9557    0.8929   0.8810   0.000050  (3.2s)
    35      0.8377     0.8562     0.9165    0.8929   0.8810   0.000050  (3.1s)
    36      0.7487     0.8688     0.9330    0.8571   0.8522   0.000050  (3.2s)
    37      0.7367     0.9062     0.8967    0.8929   0.8810   0.000050  (3.2s)
    38      0.6819     0.9313     0.8383    0.9643   0.9604   0.000050  (3.5s)
    39      0.6613     0.9187     0.7925    0.9286   0.9286   0.000050  (3.4s)
    40      0.6755     0.9125     0.7888    0.9286   0.9272   0.000050  (3.3s)
    41      0.6302     0.9000     0.7819    0.9643   0.9686   0.000050  (3.3s)
    42      0.6535     0.8938     0.7655    0.9286   0.9272   0.000050  (3.4s)
    43      0.5958     0.9375     0.7215    0.9286   0.9272   0.000050  (3.4s)
    44      0.5728     0.9688     0.7185    0.9286   0.9272   0.000050  (3.4s)
    45      0.5970     0.9375     0.6927    0.9643   0.9686   0.000050  (3.4s)
    46      0.5730     0.9500     0.6755    0.9643   0.9686   0.000050  (3.4s)
    47      0.5097     0.9750     0.6557    0.9643   0.9686   0.000050  (3.2s)
    48      0.5244     0.9688     0.6053    0.9286   0.9272   0.000050  (3.3s)
    49      0.5035     0.9750     0.5734    0.9643   0.9686   0.000050  (3.1s)
    50      0.4429     0.9812     0.5721    1.0000   1.0000   0.000050  (3.3s)

Best: epoch 50, val_acc=1.0000, val_f1=1.0000
Model saved: /mnt/extended-home/fitra_dosen/2025_iris_fer_taufik/MultimodalEmoLearn/models/benchmark/jaffe_randomsplit/_tmp/m.pth
Test Loss: 0.7533
Test Accuracy: 0.9048
Test Macro F1:    0.9034
Test Micro F1:    0.9048
Test Weighted F1: 0.9034

Classification Report:
              precision    recall  f1-score   support

     neutral       1.00      0.67      0.80         3
       happy       0.75      1.00      0.86         3
         sad       1.00      1.00      1.00         3
       angry       1.00      1.00      1.00         3
     fearful       1.00      1.00      1.00         3
   disgusted       1.00      1.00      1.00         3
   surprised       0.67      0.67      0.67         3

    accuracy                           0.90        21
   macro avg       0.92      0.90      0.90        21
weighted avg       0.92      0.90      0.90        21

    [Intermediate_TL fold 4/10] macro_f1=0.9034 acc=0.9048
 Epoch  Train Loss  Train Acc   Val Loss   Val Acc   Val F1         LR
---------------------------------------------------------------------------
     1      2.0398     0.1500     1.9738    0.0714   0.0204   0.000050  (3.5s)
     2      1.9601     0.2125     2.0035    0.0357   0.0119   0.000050  (3.4s)
     3      1.9901     0.2313     2.0119    0.0357   0.0136   0.000050  (3.5s)
     4      1.9124     0.2500     2.0455    0.0000   0.0000   0.000050  (3.3s)
     5      1.9627     0.1875     2.0541    0.0357   0.0143   0.000050  (3.3s)
     6      1.9361     0.2125     1.9999    0.0357   0.0159   0.000050  (3.3s)
     7      1.8241     0.2437     1.9390    0.1429   0.0726   0.000050  (3.5s)
     8      1.8899     0.2875     1.8978    0.2500   0.2734   0.000050  (3.4s)
     9      1.7915     0.3125     1.8748    0.3929   0.3861   0.000050  (3.4s)
    10      1.7671     0.3000     1.8574    0.3571   0.3426   0.000050  (3.4s)
    11      1.7134     0.3312     1.8306    0.3929   0.3905   0.000050  (3.3s)
    12      1.7151     0.3688     1.8101    0.3571   0.3739   0.000050  (3.3s)
    13      1.6688     0.3312     1.7898    0.3929   0.3949   0.000050  (3.3s)
    14      1.6632     0.3625     1.7584    0.3929   0.3500   0.000050  (3.4s)
    15      1.5764     0.4250     1.7428    0.4643   0.5130   0.000050  (3.5s)
    16      1.5427     0.4688     1.7197    0.4643   0.4123   0.000050  (3.3s)
    17      1.5126     0.4938     1.6830    0.5357   0.5607   0.000050  (3.3s)
    18      1.4586     0.5125     1.6620    0.5000   0.5310   0.000050  (3.9s)
    19      1.4019     0.5375     1.6108    0.5714   0.5885   0.000050  (3.2s)
    20      1.4242     0.4938     1.5921    0.6071   0.6066   0.000050  (3.2s)
    21      1.3476     0.5625     1.5725    0.6071   0.6051   0.000050  (3.4s)
    22      1.2860     0.6562     1.5264    0.5714   0.5867   0.000050  (3.3s)
    23      1.2376     0.6750     1.5019    0.5714   0.5867   0.000050  (3.4s)
    24      1.2384     0.6062     1.4392    0.6786   0.7051   0.000050  (3.5s)
    25      1.1815     0.6750     1.4048    0.6786   0.6915   0.000050  (3.5s)
    26      1.1244     0.7312     1.3640    0.6786   0.6796   0.000050  (3.5s)
    27      1.1041     0.7500     1.3452    0.6786   0.6851   0.000050  (3.5s)
    28      1.0945     0.7375     1.2959    0.7500   0.7782   0.000050  (3.3s)
    29      0.9952     0.8313     1.2834    0.7500   0.7782   0.000050  (3.4s)
    30      0.9891     0.8438     1.2476    0.7857   0.8043   0.000050  (3.4s)
    31      0.8867     0.8625     1.2310    0.7500   0.7782   0.000050  (3.4s)
    32      0.9595     0.8063     1.1754    0.7857   0.8250   0.000050  (3.2s)
    33      0.8779     0.8313     1.1322    0.8214   0.8406   0.000050  (3.3s)
    34      0.8752     0.8438     1.1121    0.8571   0.8844   0.000050  (3.2s)
    35      0.8378     0.9125     1.1126    0.7500   0.7784   0.000050  (3.5s)
    36      0.7619     0.9000     1.1276    0.7857   0.8073   0.000050  (3.3s)
    37      0.7596     0.9062     1.1092    0.8214   0.8318   0.000050  (3.2s)
    38      0.7099     0.9062     1.0942    0.8214   0.8297   0.000050  (3.2s)
    39      0.6586     0.9500     1.0344    0.8571   0.8660   0.000050  (3.2s)
    40      0.7417     0.8688     1.0295    0.8214   0.8410   0.000050  (3.1s)
    41      0.6527     0.9187     0.9761    0.8929   0.9074   0.000050  (3.1s)
    42      0.6829     0.9000     0.9047    0.9286   0.9319   0.000050  (3.3s)
    43      0.6170     0.9437     0.8742    0.8929   0.9074   0.000050  (3.3s)
    44      0.5721     0.9625     0.9006    0.8929   0.9074   0.000050  (3.3s)
    45      0.5938     0.9375     0.8980    0.8214   0.8410   0.000050  (3.3s)
    46      0.5602     0.9625     0.8590    0.8571   0.8654   0.000050  (3.3s)
    47      0.5536     0.9500     0.8346    0.8929   0.8905   0.000050  (3.9s)
    48      0.5414     0.9812     0.8043    0.8214   0.8318   0.000050  (3.3s)
    49      0.5109     0.9688     0.7914    0.8571   0.8671   0.000050  (3.1s)
    50      0.4740     0.9812     0.7820    0.8571   0.8671   0.000050  (3.2s)

Best: epoch 42, val_acc=0.9286, val_f1=0.9319
Model saved: /mnt/extended-home/fitra_dosen/2025_iris_fer_taufik/MultimodalEmoLearn/models/benchmark/jaffe_randomsplit/_tmp/m.pth
Test Loss: 0.8929
Test Accuracy: 0.9524
Test Macro F1:    0.9510
Test Micro F1:    0.9524
Test Weighted F1: 0.9510

Classification Report:
              precision    recall  f1-score   support

     neutral       0.75      1.00      0.86         3
       happy       1.00      0.67      0.80         3
         sad       1.00      1.00      1.00         3
       angry       1.00      1.00      1.00         3
     fearful       1.00      1.00      1.00         3
   disgusted       1.00      1.00      1.00         3
   surprised       1.00      1.00      1.00         3

    accuracy                           0.95        21
   macro avg       0.96      0.95      0.95        21
weighted avg       0.96      0.95      0.95        21

    [Intermediate_TL fold 5/10] macro_f1=0.9510 acc=0.9524
 Epoch  Train Loss  Train Acc   Val Loss   Val Acc   Val F1         LR
---------------------------------------------------------------------------
     1      2.0916     0.1313     1.9678    0.0714   0.1143   0.000050  (3.4s)
     2      1.9884     0.1812     1.9749    0.0714   0.0952   0.000050  (3.2s)
     3      1.9093     0.2437     1.9709    0.1071   0.1429   0.000050  (3.2s)
     4      1.9376     0.1938     1.9172    0.2143   0.1880   0.000050  (3.4s)
     5      1.9433     0.2500     1.8609    0.2500   0.2619   0.000050  (3.6s)
     6      1.8996     0.1750     1.8318    0.2500   0.1960   0.000050  (3.5s)
     7      1.8395     0.2625     1.8552    0.2143   0.1643   0.000050  (3.5s)
     8      1.8188     0.3000     1.8428    0.2500   0.2443   0.000050  (3.4s)
     9      1.7889     0.2875     1.7904    0.3571   0.3348   0.000050  (3.4s)
    10      1.7315     0.3563     1.7452    0.3929   0.3214   0.000050  (3.4s)
    11      1.7514     0.3125     1.7113    0.5000   0.4234   0.000050  (3.4s)
    12      1.7020     0.3250     1.6670    0.5714   0.4583   0.000050  (3.2s)
    13      1.6056     0.4250     1.6324    0.6071   0.5303   0.000050  (3.3s)
    14      1.6462     0.3625     1.5784    0.6071   0.5363   0.000050  (3.3s)
    15      1.5982     0.4125     1.5828    0.6429   0.5806   0.000050  (3.5s)
    16      1.5723     0.4625     1.5773    0.6786   0.6422   0.000050  (3.5s)
    17      1.5463     0.4125     1.5163    0.7143   0.6599   0.000050  (3.5s)
    18      1.4754     0.4938     1.4613    0.7500   0.6789   0.000050  (3.4s)
    19      1.3959     0.5687     1.4343    0.7500   0.6773   0.000050  (3.5s)
    20      1.3634     0.5813     1.3967    0.7143   0.6395   0.000050  (3.4s)
    21      1.2999     0.6813     1.3638    0.7143   0.6347   0.000050  (3.3s)
    22      1.3161     0.6438     1.3183    0.7143   0.6347   0.000050  (3.3s)
    23      1.2207     0.6750     1.3307    0.7143   0.6347   0.000050  (3.4s)
    24      1.1753     0.6750     1.3005    0.7143   0.6473   0.000050  (3.3s)
    25      1.1584     0.6875     1.2726    0.6786   0.5973   0.000050  (3.2s)
    26      1.0925     0.7688     1.2356    0.7500   0.6813   0.000050  (3.3s)
    27      1.0884     0.7188     1.2051    0.8214   0.7770   0.000050  (3.3s)
    28      1.0780     0.7438     1.1770    0.8214   0.7605   0.000050  (3.6s)
    29      0.9994     0.7937     1.1277    0.8214   0.7616   0.000050  (3.4s)
    30      0.9356     0.8250     1.0995    0.8214   0.7806   0.000050  (3.4s)
    31      0.8961     0.8250     1.0818    0.8929   0.8590   0.000050  (3.6s)
    32      0.9543     0.8063     1.0386    0.9643   0.9510   0.000050  (3.4s)
    33      0.8672     0.8750     1.0158    0.9643   0.9510   0.000050  (3.4s)
    34      0.8760     0.8375     0.9955    0.9286   0.9190   0.000050  (3.3s)
    35      0.8306     0.8688     0.9658    0.9286   0.9190   0.000050  (3.3s)
    36      0.7359     0.9125     0.9481    0.8929   0.8875   0.000050  (3.5s)
    37      0.7413     0.9375     0.9366    0.8929   0.8875   0.000050  (3.4s)
    38      0.6768     0.9375     0.8993    0.9286   0.9190   0.000050  (3.2s)
    39      0.6436     0.9500     0.8873    0.8929   0.8875   0.000050  (3.2s)
    40      0.6736     0.9375     0.8605    0.8929   0.8875   0.000050  (3.2s)
    41      0.6060     0.9437     0.8397    0.8929   0.8875   0.000050  (3.4s)
    42      0.6360     0.9187     0.8114    0.9286   0.9190   0.000025  (3.4s)
    43      0.5974     0.9688     0.7824    0.9643   0.9510   0.000025  (3.2s)
    44      0.5627     0.9688     0.7983    0.9643   0.9510   0.000025  (3.3s)
    45      0.5917     0.9750     0.8111    0.9286   0.9190   0.000025  (3.2s)
    46      0.5542     0.9812     0.8005    0.9643   0.9510   0.000025  (3.3s)
    47      0.5530     0.9688     0.7743    0.9643   0.9510   0.000025  (3.4s)

Early stopping at epoch 47. Best epoch: 32 (val_f1=0.9510)

Best: epoch 32, val_acc=0.9643, val_f1=0.9510
Model saved: /mnt/extended-home/fitra_dosen/2025_iris_fer_taufik/MultimodalEmoLearn/models/benchmark/jaffe_randomsplit/_tmp/m.pth
Test Loss: 1.1133
Test Accuracy: 0.8571
Test Macro F1:    0.8388
Test Micro F1:    0.8571
Test Weighted F1: 0.8388

Classification Report:
              precision    recall  f1-score   support

     neutral       0.75      1.00      0.86         3
       happy       0.75      1.00      0.86         3
         sad       1.00      0.33      0.50         3
       angry       1.00      1.00      1.00         3
     fearful       1.00      0.67      0.80         3
   disgusted       1.00      1.00      1.00         3
   surprised       0.75      1.00      0.86         3

    accuracy                           0.86        21
   macro avg       0.89      0.86      0.84        21
weighted avg       0.89      0.86      0.84        21

    [Intermediate_TL fold 6/10] macro_f1=0.8388 acc=0.8571
 Epoch  Train Loss  Train Acc   Val Loss   Val Acc   Val F1         LR
---------------------------------------------------------------------------
     1      2.0741     0.1500     1.9546    0.1071   0.0934   0.000050  (3.5s)
     2      1.9901     0.2437     1.9641    0.0714   0.0286   0.000050  (3.5s)
     3      2.0222     0.1812     1.9711    0.1071   0.0558   0.000050  (3.4s)
     4      1.9553     0.2125     1.9620    0.1429   0.1000   0.000050  (3.4s)
     5      2.0380     0.1812     1.9527    0.1786   0.1732   0.000050  (3.5s)
     6      1.9057     0.2188     1.9189    0.2143   0.2075   0.000050  (3.5s)
     7      1.8346     0.2437     1.8470    0.2857   0.2446   0.000050  (3.4s)
     8      1.8773     0.2625     1.8132    0.3929   0.3772   0.000050  (3.3s)
     9      1.7772     0.3375     1.7986    0.3929   0.4305   0.000050  (3.4s)
    10      1.8362     0.2750     1.7828    0.4286   0.4440   0.000050  (3.5s)
    11      1.7617     0.3250     1.7620    0.4643   0.4614   0.000050  (3.4s)
    12      1.6852     0.3375     1.7584    0.4643   0.4757   0.000050  (3.5s)
    13      1.6888     0.3312     1.7120    0.5714   0.5571   0.000050  (3.5s)
    14      1.6052     0.4562     1.6870    0.4286   0.4428   0.000050  (3.5s)
    15      1.5631     0.4750     1.6615    0.5000   0.5019   0.000050  (3.5s)
    16      1.5508     0.4875     1.6254    0.5714   0.5627   0.000050  (3.4s)
    17      1.5333     0.4375     1.5898    0.5000   0.5000   0.000050  (3.4s)
    18      1.4632     0.4938     1.5452    0.5714   0.5720   0.000050  (3.5s)
    19      1.4147     0.5000     1.5207    0.6429   0.6177   0.000050  (3.5s)
    20      1.4523     0.5125     1.5015    0.6071   0.5941   0.000050  (3.6s)
    21      1.3658     0.5687     1.4508    0.6786   0.6488   0.000050  (3.4s)
    22      1.3194     0.5875     1.3979    0.7143   0.6719   0.000050  (3.4s)
    23      1.2439     0.6188     1.3748    0.7143   0.6685   0.000050  (3.4s)
    24      1.2776     0.6188     1.3285    0.7500   0.7144   0.000050  (3.5s)
    25      1.2092     0.6625     1.3079    0.7143   0.6719   0.000050  (3.4s)
    26      1.1686     0.7063     1.2752    0.7143   0.6549   0.000050  (3.2s)
    27      1.1527     0.7063     1.2402    0.7143   0.6566   0.000050  (3.3s)
    28      1.1062     0.7562     1.2097    0.7500   0.6964   0.000050  (3.3s)
    29      1.1034     0.7312     1.1723    0.8571   0.8383   0.000050  (3.3s)
    30      0.9863     0.8125     1.1437    0.8571   0.8224   0.000050  (3.3s)
    31      0.9357     0.8250     1.1036    0.8929   0.8567   0.000050  (3.3s)
    32      0.9707     0.8000     1.0534    0.8571   0.8383   0.000050  (3.4s)
    33      0.9745     0.8125     1.0611    0.8929   0.8452   0.000050  (3.4s)
    34      0.9055     0.8438     1.0365    0.9286   0.8889   0.000050  (4.0s)
    35      0.8973     0.8562     1.0277    0.8571   0.8023   0.000050  (3.4s)
    36      0.8119     0.8938     1.0109    0.8214   0.7803   0.000050  (3.4s)
    37      0.7765     0.9187     1.0082    0.8214   0.7803   0.000050  (3.3s)
    38      0.7422     0.9313     0.9983    0.8571   0.8383   0.000050  (3.1s)
    39      0.6978     0.9313     0.9532    0.8929   0.8603   0.000050  (3.2s)
    40      0.7324     0.8688     0.9419    0.8571   0.8383   0.000050  (3.3s)
    41      0.6647     0.9375     0.9429    0.8929   0.8675   0.000050  (3.4s)
    42      0.6879     0.9062     0.9134    0.8571   0.8383   0.000050  (3.3s)
    43      0.6302     0.9688     0.8916    0.8929   0.8675   0.000050  (3.3s)
    44      0.5559     0.9812     0.8975    0.8929   0.8675   0.000025  (3.4s)
    45      0.6540     0.9313     0.8608    0.8571   0.8189   0.000025  (3.3s)
    46      0.5798     0.9875     0.8523    0.8571   0.8091   0.000025  (3.5s)
    47      0.6119     0.9437     0.8414    0.8929   0.8757   0.000025  (3.2s)
    48      0.5699     0.9812     0.8162    0.8214   0.7803   0.000025  (3.3s)
    49      0.5646     0.9563     0.7703    0.9286   0.9127   0.000025  (3.2s)
    50      0.5237     0.9750     0.7718    0.8929   0.8365   0.000025  (3.4s)

Best: epoch 49, val_acc=0.9286, val_f1=0.9127
Model saved: /mnt/extended-home/fitra_dosen/2025_iris_fer_taufik/MultimodalEmoLearn/models/benchmark/jaffe_randomsplit/_tmp/m.pth
Test Loss: 0.7529
Test Accuracy: 0.9048
Test Macro F1:    0.9034
Test Micro F1:    0.9048
Test Weighted F1: 0.9034

Classification Report:
              precision    recall  f1-score   support

     neutral       1.00      1.00      1.00         3
       happy       1.00      1.00      1.00         3
         sad       0.67      0.67      0.67         3
       angry       1.00      1.00      1.00         3
     fearful       0.75      1.00      0.86         3
   disgusted       1.00      0.67      0.80         3
   surprised       1.00      1.00      1.00         3

    accuracy                           0.90        21
   macro avg       0.92      0.90      0.90        21
weighted avg       0.92      0.90      0.90        21

    [Intermediate_TL fold 7/10] macro_f1=0.9034 acc=0.9048
 Epoch  Train Loss  Train Acc   Val Loss   Val Acc   Val F1         LR
---------------------------------------------------------------------------
     1      2.1399     0.1500     1.9528    0.0714   0.0204   0.000050  (3.5s)
     2      2.0315     0.1688     1.9707    0.0714   0.0220   0.000050  (3.8s)
     3      1.9528     0.2000     1.9367    0.1429   0.1422   0.000050  (3.4s)
     4      1.9986     0.1812     1.9082    0.1786   0.1563   0.000050  (3.3s)
     5      1.9988     0.1875     1.8873    0.1071   0.0850   0.000050  (3.5s)
     6      1.8446     0.2062     1.8752    0.2143   0.1423   0.000050  (3.1s)
     7      1.8152     0.2812     1.8709    0.2143   0.1241   0.000050  (3.3s)
     8      1.8532     0.2750     1.8808    0.1786   0.1011   0.000050  (3.3s)
     9      1.8190     0.2875     1.8655    0.2857   0.2577   0.000050  (3.2s)
    10      1.7872     0.3125     1.8333    0.4286   0.3755   0.000050  (3.3s)
    11      1.7333     0.3312     1.8015    0.5000   0.4312   0.000050  (3.3s)
    12      1.7079     0.3250     1.7818    0.5357   0.4532   0.000050  (3.3s)
    13      1.7052     0.3500     1.7266    0.5714   0.4830   0.000050  (3.3s)
    14      1.6968     0.3625     1.6890    0.6071   0.4873   0.000050  (3.4s)
    15      1.5983     0.4375     1.6618    0.6429   0.5524   0.000050  (3.5s)
    16      1.5983     0.3937     1.6225    0.6429   0.5395   0.000050  (3.3s)
    17      1.5615     0.4813     1.5923    0.7143   0.6236   0.000050  (3.3s)
    18      1.4555     0.5250     1.5865    0.6786   0.5981   0.000050  (3.3s)
    19      1.4072     0.5875     1.5601    0.7143   0.6294   0.000050  (3.2s)
    20      1.4355     0.5188     1.5267    0.7500   0.6286   0.000050  (3.4s)
    21      1.3522     0.5875     1.4942    0.7857   0.6563   0.000050  (3.3s)
    22      1.3232     0.6125     1.4488    0.7857   0.6571   0.000050  (3.4s)
    23      1.2654     0.6750     1.4310    0.7500   0.6286   0.000050  (3.4s)
    24      1.2291     0.6375     1.3827    0.7500   0.6277   0.000050  (3.4s)
    25      1.2070     0.6813     1.3428    0.7500   0.6286   0.000050  (3.3s)
    26      1.1758     0.7250     1.3261    0.7500   0.6277   0.000050  (3.4s)
    27      1.1378     0.7438     1.3095    0.7500   0.6381   0.000050  (3.2s)
    28      1.0597     0.7937     1.2571    0.7857   0.6840   0.000050  (3.3s)
    29      1.0693     0.7625     1.2516    0.7857   0.6690   0.000050  (3.3s)
    30      1.0083     0.8125     1.2358    0.7857   0.6690   0.000050  (3.1s)
    31      0.9173     0.8500     1.2040    0.8214   0.7158   0.000050  (3.1s)
    32      0.9501     0.8250     1.2229    0.7857   0.6971   0.000050  (3.2s)
    33      0.9101     0.8625     1.1591    0.7857   0.6889   0.000050  (3.2s)
    34      0.8862     0.8688     1.1125    0.7500   0.6481   0.000050  (3.2s)
    35      0.8482     0.8688     1.1161    0.7500   0.6619   0.000050  (3.2s)
    36      0.7524     0.8938     1.0815    0.7857   0.6891   0.000050  (3.3s)
    37      0.8020     0.8750     1.0709    0.7857   0.6939   0.000050  (3.5s)
    38      0.7237     0.9437     1.0560    0.8214   0.7248   0.000050  (3.6s)
    39      0.6626     0.9563     0.9961    0.8571   0.7566   0.000050  (3.5s)
    40      0.6648     0.9437     0.9839    0.8929   0.8722   0.000050  (3.7s)
    41      0.6358     0.9375     0.9728    0.8929   0.8722   0.000050  (3.4s)
    42      0.6406     0.9500     0.9774    0.8571   0.8340   0.000050  (3.4s)
    43      0.6067     0.9625     0.9452    0.8571   0.8340   0.000050  (3.4s)
    44      0.5433     0.9688     0.9534    0.8571   0.8413   0.000050  (3.3s)
    45      0.5606     0.9563     0.9357    0.8571   0.8413   0.000050  (3.1s)
    46      0.5655     0.9938     0.8976    0.8571   0.8413   0.000050  (3.2s)
    47      0.5646     0.9750     0.8577    0.8571   0.8413   0.000050  (3.3s)
    48      0.5143     0.9938     0.8366    0.8571   0.8413   0.000050  (3.3s)
    49      0.4867     0.9875     0.8460    0.8571   0.8413   0.000050  (3.3s)
    50      0.4558     0.9875     0.8225    0.8929   0.9079   0.000025  (3.1s)

Best: epoch 50, val_acc=0.8929, val_f1=0.9079
Model saved: /mnt/extended-home/fitra_dosen/2025_iris_fer_taufik/MultimodalEmoLearn/models/benchmark/jaffe_randomsplit/_tmp/m.pth
Test Loss: 0.6701
Test Accuracy: 0.9524
Test Macro F1:    0.9510
Test Micro F1:    0.9524
Test Weighted F1: 0.9510

Classification Report:
              precision    recall  f1-score   support

     neutral       1.00      1.00      1.00         3
       happy       1.00      1.00      1.00         3
         sad       0.75      1.00      0.86         3
       angry       1.00      0.67      0.80         3
     fearful       1.00      1.00      1.00         3
   disgusted       1.00      1.00      1.00         3
   surprised       1.00      1.00      1.00         3

    accuracy                           0.95        21
   macro avg       0.96      0.95      0.95        21
weighted avg       0.96      0.95      0.95        21

    [Intermediate_TL fold 8/10] macro_f1=0.9510 acc=0.9524
 Epoch  Train Loss  Train Acc   Val Loss   Val Acc   Val F1         LR
---------------------------------------------------------------------------
     1      2.0861     0.1125     1.9675    0.0714   0.0829   0.000050  (3.6s)
     2      1.9818     0.1313     2.0014    0.0000   0.0000   0.000050  (3.3s)
     3      1.9458     0.1875     2.0074    0.0357   0.0159   0.000050  (3.6s)
     4      1.8934     0.2125     2.0062    0.0714   0.0286   0.000050  (3.5s)
     5      1.9020     0.2562     1.9610    0.0714   0.0286   0.000050  (3.5s)
     6      1.8925     0.2062     1.9092    0.0714   0.0873   0.000050  (3.6s)
     7      1.8485     0.2500     1.9153    0.2143   0.1861   0.000050  (3.7s)
     8      1.8326     0.2812     1.9379    0.2857   0.2798   0.000050  (3.3s)
     9      1.8255     0.2437     1.9116    0.3571   0.3502   0.000050  (3.1s)
    10      1.7326     0.2812     1.8624    0.3214   0.3101   0.000050  (3.4s)
    11      1.7289     0.3000     1.8300    0.3571   0.3561   0.000050  (3.5s)
    12      1.6607     0.3312     1.7916    0.4286   0.4133   0.000050  (3.2s)
    13      1.6570     0.3500     1.7566    0.5357   0.4989   0.000050  (3.2s)
    14      1.6312     0.3937     1.7356    0.5714   0.5374   0.000050  (3.3s)
    15      1.5985     0.4062     1.6995    0.5000   0.4649   0.000050  (3.3s)
    16      1.5462     0.4375     1.6426    0.5714   0.5580   0.000050  (3.3s)
    17      1.5298     0.4437     1.5895    0.6786   0.6897   0.000050  (3.5s)
    18      1.4861     0.4813     1.5635    0.7143   0.7091   0.000050  (3.2s)
    19      1.3628     0.6375     1.5580    0.7500   0.7272   0.000050  (3.9s)
    20      1.3731     0.5813     1.5318    0.6786   0.6524   0.000050  (3.4s)
    21      1.2773     0.6438     1.4947    0.6429   0.6085   0.000050  (3.2s)
    22      1.3021     0.6375     1.4656    0.6071   0.5884   0.000050  (3.3s)
    23      1.2574     0.6750     1.4153    0.6786   0.6653   0.000050  (3.3s)
    24      1.2014     0.6687     1.3950    0.6786   0.6645   0.000050  (3.1s)
    25      1.1619     0.6937     1.3358    0.7143   0.6965   0.000050  (3.1s)
    26      1.1257     0.7438     1.2921    0.7143   0.6982   0.000050  (3.2s)
    27      1.0608     0.7500     1.2767    0.7857   0.7755   0.000050  (3.2s)
    28      1.0956     0.7750     1.2793    0.7500   0.7310   0.000050  (3.3s)
    29      1.0190     0.7937     1.2009    0.8214   0.7975   0.000050  (3.3s)
    30      0.9596     0.8125     1.1296    0.8571   0.8365   0.000050  (3.4s)
    31      0.9085     0.8250     1.0633    0.8571   0.8380   0.000050  (3.6s)
    32      0.9213     0.8187     1.0028    0.8929   0.8962   0.000050  (3.5s)
    33      0.8513     0.9062     1.0016    0.9286   0.9224   0.000050  (3.4s)
    34      0.8404     0.8625     0.9925    0.9643   0.9666   0.000050  (3.5s)
    35      0.8556     0.8375     0.9602    0.9643   0.9666   0.000050  (3.5s)
    36      0.7563     0.9000     0.9632    0.8929   0.9109   0.000050  (3.3s)
    37      0.7574     0.9125     0.9624    0.8929   0.9109   0.000050  (3.3s)
    38      0.7214     0.9187     0.9919    0.8929   0.9109   0.000050  (3.3s)
    39      0.6312     0.9625     0.9579    0.9286   0.9399   0.000050  (3.1s)
    40      0.6932     0.9375     0.8915    0.9286   0.8986   0.000050  (3.2s)
    41      0.6141     0.9375     0.8376    0.9643   0.9666   0.000050  (3.1s)
    42      0.6576     0.9375     0.7927    0.9643   0.9666   0.000050  (3.2s)
    43      0.5963     0.9625     0.7818    0.9286   0.9399   0.000050  (3.5s)
    44      0.5478     0.9875     0.8056    0.9286   0.9399   0.000025  (3.4s)
    45      0.5689     0.9750     0.8073    0.9286   0.9399   0.000025  (3.4s)
    46      0.5515     0.9625     0.7810    0.9286   0.9399   0.000025  (3.6s)
    47      0.5460     0.9875     0.7442    0.9286   0.9399   0.000025  (3.5s)
    48      0.5464     0.9750     0.7064    0.9286   0.9399   0.000025  (3.4s)
    49      0.5349     0.9688     0.7207    0.9286   0.9399   0.000025  (3.2s)

Early stopping at epoch 49. Best epoch: 34 (val_f1=0.9666)

Best: epoch 34, val_acc=0.9643, val_f1=0.9666
Model saved: /mnt/extended-home/fitra_dosen/2025_iris_fer_taufik/MultimodalEmoLearn/models/benchmark/jaffe_randomsplit/_tmp/m.pth
Test Loss: 0.9543
Test Accuracy: 0.9524
Test Macro F1:    0.9510
Test Micro F1:    0.9524
Test Weighted F1: 0.9510

Classification Report:
              precision    recall  f1-score   support

     neutral       1.00      1.00      1.00         3
       happy       1.00      1.00      1.00         3
         sad       0.75      1.00      0.86         3
       angry       1.00      1.00      1.00         3
     fearful       1.00      1.00      1.00         3
   disgusted       1.00      0.67      0.80         3
   surprised       1.00      1.00      1.00         3

    accuracy                           0.95        21
   macro avg       0.96      0.95      0.95        21
weighted avg       0.96      0.95      0.95        21

    [Intermediate_TL fold 9/10] macro_f1=0.9510 acc=0.9524
 Epoch  Train Loss  Train Acc   Val Loss   Val Acc   Val F1         LR
---------------------------------------------------------------------------
     1      2.0064     0.2000     1.9560    0.0714   0.0824   0.000050  (3.5s)
     2      1.9820     0.1562     1.9841    0.0000   0.0000   0.000050  (3.6s)
     3      1.9780     0.2000     1.9762    0.0357   0.0714   0.000050  (3.4s)
     4      1.9137     0.2437     1.9740    0.1429   0.1361   0.000050  (3.3s)
     5      1.9259     0.2000     1.9478    0.1429   0.1320   0.000050  (3.5s)
     6      1.9384     0.1750     1.9225    0.1786   0.1867   0.000050  (3.4s)
     7      1.8002     0.3063     1.8950    0.2143   0.2289   0.000050  (3.4s)
     8      1.9010     0.2687     1.8557    0.2500   0.2500   0.000050  (3.5s)
     9      1.7724     0.3000     1.8289    0.4286   0.4077   0.000050  (3.6s)
    10      1.8002     0.2938     1.7902    0.3571   0.3392   0.000050  (3.5s)
    11      1.7191     0.3375     1.7520    0.5000   0.4703   0.000050  (3.4s)
    12      1.6549     0.4000     1.7371    0.4643   0.4476   0.000050  (3.5s)
    13      1.6394     0.3937     1.7201    0.3571   0.3324   0.000050  (3.4s)
    14      1.5967     0.3875     1.6927    0.3929   0.3823   0.000050  (3.4s)
    15      1.5369     0.4250     1.6819    0.5357   0.4897   0.000050  (3.6s)
    16      1.5265     0.4562     1.6478    0.4643   0.4269   0.000050  (3.7s)
    17      1.4584     0.4688     1.6026    0.6071   0.5442   0.000050  (3.3s)
    18      1.4897     0.4688     1.5870    0.5714   0.5407   0.000050  (3.2s)
    19      1.3366     0.5625     1.5833    0.6786   0.6473   0.000050  (3.4s)
    20      1.3929     0.5250     1.5629    0.6429   0.6275   0.000050  (3.8s)
    21      1.2999     0.6750     1.5127    0.6786   0.6260   0.000050  (3.4s)
    22      1.3061     0.6625     1.4770    0.6429   0.5665   0.000050  (3.4s)
    23      1.2190     0.6625     1.4526    0.6786   0.6282   0.000050  (3.4s)
    24      1.2141     0.6937     1.4357    0.7143   0.6735   0.000050  (3.5s)
    25      1.1948     0.7000     1.3854    0.7143   0.6671   0.000050  (3.7s)
    26      1.1081     0.7562     1.3523    0.7857   0.7709   0.000050  (3.4s)
    27      1.0929     0.7188     1.3071    0.7143   0.6916   0.000050  (3.4s)
    28      1.0847     0.7562     1.2881    0.7500   0.7175   0.000050  (3.2s)
    29      0.9487     0.8562     1.2697    0.7857   0.7790   0.000050  (3.2s)
    30      0.9410     0.8438     1.2303    0.7857   0.7802   0.000050  (3.4s)
    31      0.8869     0.8688     1.2153    0.8214   0.8272   0.000050  (3.3s)
    32      0.9501     0.7750     1.1686    0.8214   0.8310   0.000050  (3.2s)
    33      0.8910     0.8187     1.1301    0.7857   0.7534   0.000050  (3.3s)
    34      0.8725     0.8750     1.1127    0.8214   0.7905   0.000050  (3.2s)
    35      0.8351     0.8500     1.0585    0.8214   0.7956   0.000050  (3.2s)
    36      0.7548     0.9000     1.0348    0.8571   0.8497   0.000050  (3.8s)
    37      0.7307     0.9125     1.0253    0.8571   0.8548   0.000050  (3.4s)
    38      0.6968     0.9500     0.9980    0.8571   0.8548   0.000050  (3.4s)
    39      0.6506     0.9500     0.9698    0.8571   0.8548   0.000050  (3.3s)
    40      0.6957     0.9062     0.9617    0.8571   0.8548   0.000050  (3.2s)
    41      0.6059     0.9563     0.9476    0.8571   0.8548   0.000050  (3.1s)
    42      0.6356     0.9563     0.9424    0.8571   0.8548   0.000050  (3.3s)
    43      0.5737     0.9563     0.9119    0.8571   0.8548   0.000050  (3.3s)
    44      0.5237     0.9812     0.9192    0.8571   0.8548   0.000050  (3.2s)
    45      0.5783     0.9625     0.8721    0.8571   0.8415   0.000050  (3.3s)
    46      0.4973     0.9812     0.8108    0.8929   0.8939   0.000050  (3.4s)
    47      0.5154     0.9812     0.7797    0.8571   0.8415   0.000050  (3.4s)
    48      0.4918     0.9938     0.7536    0.8929   0.8857   0.000050  (3.4s)
    49      0.4611     0.9938     0.7376    0.8929   0.8939   0.000050  (3.3s)
    50      0.4587     0.9750     0.7161    0.8929   0.8939   0.000050  (3.2s)

Best: epoch 46, val_acc=0.8929, val_f1=0.8939
Model saved: /mnt/extended-home/fitra_dosen/2025_iris_fer_taufik/MultimodalEmoLearn/models/benchmark/jaffe_randomsplit/_tmp/m.pth
Test Loss: 0.8185
Test Accuracy: 0.9524
Test Macro F1:    0.9320
Test Micro F1:    0.9524
Test Weighted F1: 0.9478

Classification Report:
              precision    recall  f1-score   support

     neutral       1.00      1.00      1.00         3
       happy       1.00      1.00      1.00         3
         sad       1.00      1.00      1.00         3
       angry       0.75      1.00      0.86         3
     fearful       1.00      1.00      1.00         4
   disgusted       1.00      0.50      0.67         2
   surprised       1.00      1.00      1.00         3

    accuracy                           0.95        21
   macro avg       0.96      0.93      0.93        21
weighted avg       0.96      0.95      0.95        21

    [Intermediate_TL fold 10/10] macro_f1=0.9320 acc=0.9524
  Intermediate_TL    macro_f1=0.8896±0.0633  acc=0.8976±0.0598
 Epoch  Train Loss  Train Acc   Val Loss   Val Acc   Val F1         LR
---------------------------------------------------------------------------
     1      2.1044     0.1437     1.9380    0.1071   0.0276   0.000100  (4.4s)
     2      2.0345     0.1688     1.9508    0.2143   0.0504   0.000100  (3.9s)
     3      2.0474     0.1562     1.9386    0.2143   0.0504   0.000100  (4.0s)
     4      1.9549     0.2188     1.9182    0.1786   0.0446   0.000100  (3.7s)
     5      1.8805     0.3000     1.9507    0.2500   0.1154   0.000100  (4.0s)
     6      1.8375     0.2875     1.9293    0.2500   0.1116   0.000100  (4.0s)
     7      1.8710     0.2750     1.8559    0.2500   0.1088   0.000100  (3.5s)
     8      1.7765     0.3000     1.8083    0.2857   0.1846   0.000100  (3.5s)
     9      1.7462     0.3000     1.7785    0.2500   0.1896   0.000100  (4.3s)
    10      1.6895     0.3875     1.7463    0.3214   0.2527   0.000100  (3.8s)
    11      1.6747     0.4000     1.7115    0.4286   0.3500   0.000100  (4.1s)
    12      1.6079     0.4000     1.6903    0.4643   0.3760   0.000100  (3.9s)
    13      1.5993     0.3875     1.6809    0.4643   0.3588   0.000100  (3.8s)
    14      1.5846     0.4125     1.6686    0.5357   0.4357   0.000100  (4.0s)
    15      1.5875     0.4625     1.6568    0.4643   0.3989   0.000100  (3.8s)
    16      1.4394     0.5188     1.6696    0.3929   0.3600   0.000100  (3.5s)
    17      1.4994     0.4688     1.6374    0.4643   0.4036   0.000100  (3.4s)
    18      1.4861     0.4313     1.5649    0.4643   0.3949   0.000100  (3.5s)
    19      1.3952     0.4437     1.5316    0.3929   0.3413   0.000100  (3.5s)
    20      1.3233     0.5312     1.4623    0.4643   0.4126   0.000100  (3.6s)
    21      1.2936     0.5250     1.4396    0.4286   0.4049   0.000100  (3.5s)
    22      1.2747     0.5437     1.3992    0.5000   0.4775   0.000100  (3.5s)
    23      1.2160     0.6312     1.3234    0.6429   0.5957   0.000100  (3.8s)
    24      1.1937     0.6062     1.2876    0.6071   0.4551   0.000100  (3.9s)
    25      1.1216     0.6312     1.3142    0.6429   0.5514   0.000100  (3.6s)
    26      1.0993     0.6625     1.2723    0.6071   0.5090   0.000100  (3.5s)
    27      1.0510     0.7000     1.2595    0.6429   0.5900   0.000100  (3.5s)
    28      1.0333     0.7000     1.2136    0.6786   0.6287   0.000100  (3.6s)
    29      1.0417     0.6438     1.1802    0.6786   0.6654   0.000100  (3.8s)
    30      1.0134     0.7063     1.1515    0.7143   0.6844   0.000100  (4.1s)
    31      0.9393     0.7500     1.1437    0.7143   0.7129   0.000100  (3.9s)
    32      0.9160     0.7625     1.0860    0.6429   0.6218   0.000100  (4.1s)
    33      0.8986     0.7625     1.0468    0.6786   0.6558   0.000100  (3.7s)
    34      0.9003     0.7438     1.0332    0.6786   0.6449   0.000100  (3.7s)
    35      0.8554     0.7438     0.9932    0.7143   0.6810   0.000100  (3.7s)
    36      0.8203     0.7875     0.9694    0.7143   0.6857   0.000100  (3.6s)
    37      0.8078     0.8000     0.9555    0.7143   0.6857   0.000100  (3.5s)
    38      0.7476     0.8313     0.9100    0.7857   0.7619   0.000100  (3.6s)
    39      0.6952     0.8375     0.9342    0.7143   0.6853   0.000100  (4.1s)
    40      0.7138     0.8125     0.9094    0.8214   0.8167   0.000100  (3.7s)
    41      0.6764     0.8313     0.8710    0.8214   0.8167   0.000100  (4.0s)
    42      0.6639     0.8500     0.8593    0.7500   0.7251   0.000100  (3.5s)
    43      0.6374     0.8625     0.8274    0.7500   0.7118   0.000100  (3.5s)
    44      0.5990     0.8750     0.8142    0.7500   0.7251   0.000100  (3.4s)
    45      0.5515     0.9125     0.7744    0.7857   0.7611   0.000100  (3.7s)
    46      0.5374     0.9125     0.7766    0.7857   0.7619   0.000100  (3.8s)
    47      0.5409     0.8938     0.7790    0.8214   0.8167   0.000100  (3.7s)
    48      0.5550     0.8938     0.7645    0.7857   0.7611   0.000100  (4.0s)
    49      0.5167     0.9375     0.7618    0.8214   0.8167   0.000100  (3.8s)
    50      0.5331     0.9000     0.7657    0.8214   0.8167   0.000050  (3.7s)

Best: epoch 40, val_acc=0.8214, val_f1=0.8167
Model saved: /mnt/extended-home/fitra_dosen/2025_iris_fer_taufik/MultimodalEmoLearn/models/benchmark/jaffe_randomsplit/_tmp/cnn.pth
 Epoch  Train Loss  Train Acc   Val Loss   Val Acc   Val F1         LR
---------------------------------------------------------------------------
     1      2.0466     0.1437     1.9350    0.2143   0.0504   0.000100  (0.0s)
     2      2.0300     0.1688     1.9348    0.2143   0.0504   0.000100  (0.1s)
     3      1.9481     0.2437     1.9484    0.2143   0.0504   0.000100  (0.1s)
     4      1.9478     0.1812     1.9501    0.2143   0.0504   0.000100  (0.0s)
     5      1.9391     0.1625     1.9455    0.2500   0.0983   0.000100  (0.0s)
     6      1.8337     0.2437     1.9476    0.1429   0.0898   0.000100  (0.0s)
     7      1.8321     0.2812     1.9319    0.1071   0.0745   0.000100  (0.1s)
     8      1.8466     0.2500     1.8705    0.1786   0.1712   0.000100  (0.1s)
     9      1.8928     0.2437     1.7782    0.3571   0.2776   0.000100  (0.0s)
    10      1.8012     0.3187     1.6950    0.5000   0.3904   0.000100  (0.1s)
    11      1.7922     0.2875     1.5834    0.5714   0.4571   0.000100  (0.0s)
    12      1.7694     0.2750     1.6122    0.4643   0.3571   0.000100  (0.1s)
    13      1.7138     0.3563     1.6316    0.4286   0.2902   0.000100  (0.1s)
    14      1.7397     0.3063     1.6126    0.3929   0.2784   0.000100  (0.1s)
    15      1.7066     0.3250     1.5887    0.5357   0.3993   0.000100  (0.1s)
    16      1.6835     0.3312     1.4895    0.5714   0.4143   0.000100  (0.1s)
    17      1.6228     0.4188     1.5313    0.5000   0.3583   0.000100  (0.1s)
    18      1.6345     0.3688     1.5329    0.5357   0.4020   0.000100  (0.1s)
    19      1.6728     0.3875     1.5094    0.5000   0.3853   0.000100  (0.1s)
    20      1.6430     0.4000     1.4604    0.5714   0.4753   0.000100  (0.1s)
    21      1.6563     0.4188     1.4064    0.5357   0.4033   0.000100  (0.0s)
    22      1.5594     0.4313     1.3408    0.5714   0.4143   0.000100  (0.1s)
    23      1.5140     0.4625     1.2956    0.5357   0.4388   0.000100  (0.1s)
    24      1.5470     0.4250     1.2541    0.5000   0.4483   0.000100  (0.1s)
    25      1.5402     0.4375     1.2319    0.5357   0.4687   0.000100  (0.1s)
    26      1.5057     0.5312     1.2145    0.5357   0.5127   0.000100  (0.1s)
    27      1.4668     0.5000     1.2653    0.5000   0.3299   0.000100  (0.1s)
    28      1.4591     0.4625     1.2257    0.5000   0.3941   0.000100  (0.1s)
    29      1.4888     0.4750     1.2174    0.5357   0.4085   0.000100  (0.1s)
    30      1.4095     0.5250     1.1962    0.5357   0.4193   0.000100  (0.1s)
    31      1.3883     0.5125     1.2096    0.5357   0.4062   0.000100  (0.1s)
    32      1.3465     0.5375     1.1998    0.5357   0.4178   0.000100  (0.1s)
    33      1.4059     0.5188     1.2047    0.5714   0.4748   0.000100  (0.1s)
    34      1.3975     0.4375     1.2207    0.5000   0.4264   0.000100  (0.1s)
    35      1.3145     0.5188     1.2980    0.5714   0.4823   0.000100  (0.1s)
    36      1.3584     0.5188     1.3070    0.5357   0.4544   0.000050  (0.1s)
    37      1.3230     0.5563     1.2979    0.5000   0.4147   0.000050  (0.1s)
    38      1.2955     0.5875     1.2944    0.5714   0.4824   0.000050  (0.1s)
    39      1.3529     0.5250     1.3135    0.4643   0.4138   0.000050  (0.1s)
    40      1.3060     0.5437     1.2506    0.5357   0.4797   0.000050  (0.1s)
    41      1.2777     0.5625     1.2298    0.5000   0.4511   0.000050  (0.1s)

Early stopping at epoch 41. Best epoch: 26 (val_f1=0.5127)

Best: epoch 26, val_acc=0.5357, val_f1=0.5127
Model saved: /mnt/extended-home/fitra_dosen/2025_iris_fer_taufik/MultimodalEmoLearn/models/benchmark/jaffe_randomsplit/_tmp/fcnn.pth
    [Late_Fusion fold 1/10] macro_f1=0.5551 acc=0.6364
 Epoch  Train Loss  Train Acc   Val Loss   Val Acc   Val F1         LR
---------------------------------------------------------------------------
     1      2.0759     0.1750     1.9060    0.1786   0.0505   0.000100  (4.2s)
     2      2.0606     0.1437     1.9274    0.1786   0.0505   0.000100  (3.8s)
     3      2.0119     0.1875     1.9531    0.2143   0.0997   0.000100  (3.3s)
     4      1.9562     0.2125     1.9673    0.2143   0.0954   0.000100  (4.7s)
     5      1.8833     0.2562     2.0299    0.2500   0.1201   0.000100  (3.7s)
     6      1.8717     0.2375     1.9734    0.1786   0.0847   0.000100  (3.7s)
     7      1.7958     0.3375     1.9205    0.1429   0.0607   0.000100  (3.4s)
     8      1.7764     0.3125     1.8785    0.1786   0.0752   0.000100  (4.0s)
     9      1.7960     0.3125     1.8560    0.1071   0.0583   0.000100  (3.7s)
    10      1.7440     0.3375     1.8338    0.1786   0.0899   0.000100  (3.6s)
    11      1.6966     0.3438     1.7803    0.1786   0.1076   0.000100  (3.5s)
    12      1.6764     0.3937     1.7932    0.2143   0.1807   0.000100  (3.5s)
    13      1.6351     0.4188     1.7733    0.2857   0.2548   0.000100  (3.9s)
    14      1.5914     0.4188     1.7587    0.3214   0.2381   0.000100  (4.1s)
    15      1.6162     0.3750     1.7434    0.3571   0.2560   0.000100  (3.6s)
    16      1.5004     0.4813     1.7249    0.3929   0.3363   0.000100  (4.1s)
    17      1.5518     0.4500     1.6800    0.3571   0.2955   0.000100  (3.7s)
    18      1.5153     0.4313     1.6039    0.3929   0.3031   0.000100  (3.5s)
    19      1.4372     0.4938     1.5801    0.5000   0.4319   0.000100  (3.6s)
    20      1.4220     0.4875     1.5243    0.5714   0.4751   0.000100  (3.9s)
    21      1.4234     0.5188     1.4748    0.5714   0.4866   0.000100  (3.9s)
    22      1.3429     0.5500     1.4686    0.5357   0.4702   0.000100  (4.1s)
    23      1.2785     0.5813     1.4346    0.6071   0.5282   0.000100  (3.5s)
    24      1.3023     0.5250     1.4085    0.5714   0.4990   0.000100  (3.9s)
    25      1.2430     0.6000     1.3761    0.6071   0.5258   0.000100  (3.6s)
    26      1.2650     0.6000     1.3349    0.5714   0.4800   0.000100  (3.5s)
    27      1.1207     0.6562     1.3394    0.6429   0.5736   0.000100  (3.5s)
    28      1.1491     0.6188     1.3122    0.5714   0.5446   0.000100  (4.0s)
    29      1.1480     0.6062     1.2916    0.5714   0.5107   0.000100  (3.8s)
    30      1.1066     0.6687     1.2584    0.6071   0.5240   0.000100  (3.6s)
    31      1.0099     0.7063     1.2839    0.6429   0.5722   0.000100  (3.6s)
    32      1.0085     0.7125     1.2268    0.6429   0.5861   0.000100  (3.6s)
    33      1.0092     0.7063     1.1995    0.7143   0.6361   0.000100  (3.9s)
    34      0.9867     0.6625     1.1558    0.6429   0.5562   0.000100  (4.1s)
    35      0.8628     0.7812     1.1168    0.6429   0.5714   0.000100  (3.6s)
    36      0.9030     0.7688     1.0870    0.6429   0.5714   0.000100  (3.5s)
    37      0.8772     0.7625     1.1167    0.6786   0.6160   0.000100  (3.4s)
    38      0.8034     0.8000     1.0536    0.6786   0.6296   0.000100  (3.6s)
    39      0.7945     0.7937     1.0327    0.7143   0.6349   0.000100  (3.5s)
    40      0.7749     0.7937     0.9989    0.7143   0.6349   0.000100  (3.4s)
    41      0.7367     0.8000     0.9751    0.7143   0.6275   0.000100  (3.4s)
    42      0.7406     0.8250     0.9399    0.7500   0.6588   0.000100  (3.5s)
    43      0.7536     0.7875     0.9418    0.7143   0.6112   0.000100  (3.9s)
    44      0.6503     0.8500     0.9628    0.6429   0.5458   0.000100  (3.6s)
    45      0.6281     0.8688     0.9387    0.7143   0.5996   0.000100  (3.6s)
    46      0.6108     0.8688     0.9167    0.6786   0.5772   0.000100  (3.8s)
    47      0.5968     0.9187     0.9400    0.6786   0.5933   0.000100  (3.7s)
    48      0.5943     0.8750     0.9057    0.7143   0.6107   0.000100  (3.6s)
    49      0.6123     0.8500     0.8857    0.6071   0.5102   0.000100  (3.6s)
    50      0.5595     0.9062     0.8608    0.7500   0.6328   0.000100  (3.5s)

Best: epoch 42, val_acc=0.7500, val_f1=0.6588
Model saved: /mnt/extended-home/fitra_dosen/2025_iris_fer_taufik/MultimodalEmoLearn/models/benchmark/jaffe_randomsplit/_tmp/cnn.pth
 Epoch  Train Loss  Train Acc   Val Loss   Val Acc   Val F1         LR
---------------------------------------------------------------------------
     1      2.0363     0.1500     1.9449    0.2143   0.0588   0.000100  (0.1s)
     2      2.0069     0.1500     1.9500    0.2143   0.0588   0.000100  (0.0s)
     3      1.9326     0.2437     1.9638    0.2143   0.0588   0.000100  (0.0s)
     4      1.9342     0.2125     1.9741    0.2143   0.0588   0.000100  (0.0s)
     5      1.9399     0.2062     1.9828    0.0714   0.0571   0.000100  (0.1s)
     6      1.8608     0.2562     1.9869    0.0714   0.0714   0.000100  (0.1s)
     7      1.8791     0.2250     1.9761    0.0000   0.0000   0.000100  (0.0s)
     8      1.8371     0.2500     1.9379    0.1071   0.0779   0.000100  (0.1s)
     9      1.8905     0.2062     1.8957    0.1429   0.1068   0.000100  (0.1s)
    10      1.8255     0.2625     1.8072    0.2857   0.2163   0.000100  (0.1s)
    11      1.8294     0.2562     1.7714    0.2857   0.1856   0.000100  (0.1s)
    12      1.7926     0.3438     1.7024    0.4286   0.2666   0.000100  (0.1s)
    13      1.7275     0.3563     1.6760    0.4643   0.3124   0.000100  (0.1s)
    14      1.7526     0.3312     1.6879    0.5000   0.3000   0.000100  (0.1s)
    15      1.6725     0.3688     1.6951    0.4643   0.2722   0.000100  (0.0s)
    16      1.7061     0.2938     1.6604    0.5000   0.2834   0.000100  (0.0s)
    17      1.6602     0.4250     1.6585    0.5000   0.3034   0.000100  (0.0s)
    18      1.6078     0.4188     1.6478    0.4643   0.3004   0.000100  (0.1s)
    19      1.6525     0.3187     1.5959    0.5000   0.3118   0.000100  (0.1s)
    20      1.6028     0.4375     1.6146    0.4286   0.2955   0.000100  (0.0s)
    21      1.6185     0.3937     1.6740    0.3571   0.2672   0.000100  (0.0s)
    22      1.5549     0.4625     1.5736    0.4286   0.2842   0.000100  (0.1s)
    23      1.5684     0.3688     1.5411    0.3929   0.2747   0.000050  (0.1s)
    24      1.5534     0.4000     1.5099    0.3929   0.2604   0.000050  (0.0s)
    25      1.5078     0.5125     1.5010    0.4286   0.3050   0.000050  (0.0s)
    26      1.5281     0.4062     1.4676    0.4643   0.3137   0.000050  (0.0s)
    27      1.5331     0.4188     1.4533    0.4643   0.3241   0.000050  (0.0s)
    28      1.5127     0.4437     1.4523    0.4643   0.3150   0.000050  (0.1s)
    29      1.4978     0.4625     1.4672    0.4286   0.2993   0.000050  (0.1s)
    30      1.4803     0.5000     1.4737    0.4286   0.2993   0.000050  (0.1s)
    31      1.4639     0.4500     1.4492    0.4286   0.2985   0.000050  (0.0s)
    32      1.4724     0.4938     1.4494    0.4643   0.3700   0.000050  (0.0s)
    33      1.4894     0.4875     1.4589    0.4286   0.2993   0.000050  (0.0s)
    34      1.4896     0.4375     1.4649    0.3929   0.2747   0.000050  (0.1s)
    35      1.3999     0.5250     1.4936    0.4286   0.3102   0.000050  (0.1s)
    36      1.4033     0.5375     1.4776    0.4286   0.3182   0.000050  (0.0s)
    37      1.5010     0.4437     1.3989    0.4643   0.3319   0.000050  (0.0s)
    38      1.4047     0.5000     1.3823    0.5000   0.3858   0.000050  (0.0s)
    39      1.4261     0.4813     1.3557    0.5000   0.3688   0.000050  (0.0s)
    40      1.4593     0.4938     1.3298    0.5000   0.3096   0.000050  (0.1s)
    41      1.4269     0.5000     1.3502    0.4643   0.2974   0.000050  (0.1s)
    42      1.3837     0.5312     1.3652    0.3929   0.2669   0.000050  (0.1s)
    43      1.3883     0.5250     1.3945    0.4286   0.3072   0.000050  (0.1s)
    44      1.4018     0.5062     1.4439    0.4286   0.3072   0.000050  (0.1s)
    45      1.3760     0.4562     1.4595    0.3929   0.2811   0.000050  (0.1s)
    46      1.3335     0.5375     1.3682    0.4643   0.3053   0.000050  (0.1s)
    47      1.3508     0.5188     1.3232    0.5000   0.3178   0.000050  (0.1s)
    48      1.3050     0.5813     1.3225    0.5000   0.3846   0.000025  (0.0s)
    49      1.3476     0.4875     1.3659    0.4643   0.3132   0.000025  (0.0s)
    50      1.3074     0.5188     1.3991    0.4286   0.3072   0.000025  (0.0s)

Best: epoch 38, val_acc=0.5000, val_f1=0.3858
Model saved: /mnt/extended-home/fitra_dosen/2025_iris_fer_taufik/MultimodalEmoLearn/models/benchmark/jaffe_randomsplit/_tmp/fcnn.pth
    [Late_Fusion fold 2/10] macro_f1=0.8044 acc=0.8182
 Epoch  Train Loss  Train Acc   Val Loss   Val Acc   Val F1         LR
---------------------------------------------------------------------------
     1      2.1432     0.1375     1.9735    0.1429   0.0357   0.000100  (4.0s)
     2      2.0639     0.1625     2.0104    0.1429   0.0357   0.000100  (4.0s)
     3      2.0188     0.1750     2.0111    0.1429   0.0357   0.000100  (3.4s)
     4      1.9485     0.1875     2.0165    0.1429   0.0357   0.000100  (3.4s)
     5      1.9420     0.2375     1.9889    0.1071   0.0276   0.000100  (3.6s)
     6      1.9065     0.2313     1.9211    0.2143   0.1332   0.000100  (3.8s)
     7      1.8387     0.2625     1.8821    0.2143   0.1837   0.000100  (4.1s)
     8      1.8744     0.2938     1.8507    0.2500   0.1683   0.000100  (3.8s)
     9      1.7986     0.2812     1.8055    0.2500   0.1683   0.000100  (3.6s)
    10      1.7448     0.3063     1.7636    0.2857   0.2359   0.000100  (3.4s)
    11      1.6679     0.3625     1.7409    0.3571   0.3018   0.000100  (4.1s)
    12      1.6737     0.2938     1.6957    0.3929   0.2631   0.000100  (4.0s)
    13      1.6640     0.3750     1.6698    0.4286   0.3162   0.000100  (3.4s)
    14      1.5494     0.4688     1.6279    0.4643   0.3396   0.000100  (3.8s)
    15      1.5368     0.4437     1.5970    0.5000   0.4210   0.000100  (3.8s)
    16      1.4835     0.4688     1.5837    0.5357   0.4519   0.000100  (4.0s)
    17      1.4299     0.5125     1.5258    0.5357   0.4519   0.000100  (3.9s)
    18      1.4633     0.4437     1.5105    0.5357   0.4615   0.000100  (3.7s)
    19      1.3570     0.5188     1.4499    0.5714   0.4850   0.000100  (4.0s)
    20      1.3777     0.4813     1.4240    0.5714   0.4727   0.000100  (4.1s)
    21      1.2995     0.5000     1.4263    0.5714   0.4857   0.000100  (3.5s)
    22      1.2938     0.5563     1.4095    0.5714   0.4892   0.000100  (3.9s)
    23      1.2592     0.5563     1.3907    0.5714   0.4892   0.000100  (3.8s)
    24      1.1955     0.5938     1.3843    0.5714   0.4922   0.000100  (3.5s)
    25      1.1428     0.6188     1.3707    0.5000   0.4381   0.000100  (4.6s)
    26      1.1845     0.6000     1.3456    0.5000   0.4381   0.000100  (3.6s)
    27      1.1239     0.6000     1.3722    0.5714   0.4905   0.000100  (3.6s)
    28      1.1327     0.6375     1.3463    0.5714   0.4905   0.000100  (3.5s)
    29      1.0743     0.7000     1.2957    0.5714   0.4905   0.000100  (3.7s)
    30      1.1153     0.6375     1.2714    0.5714   0.4970   0.000100  (3.7s)
    31      0.9566     0.6937     1.2640    0.6071   0.5143   0.000100  (4.1s)
    32      0.9630     0.7063     1.2261    0.6786   0.5502   0.000100  (4.1s)
    33      0.9844     0.6875     1.1832    0.6786   0.5502   0.000100  (4.0s)
    34      0.8616     0.7812     1.1378    0.6429   0.5415   0.000100  (3.5s)
    35      0.8942     0.7688     1.1053    0.6786   0.5605   0.000100  (3.4s)
    36      0.8527     0.7812     1.1032    0.7143   0.5748   0.000100  (4.1s)
    37      0.9220     0.7688     1.0584    0.7500   0.5976   0.000100  (4.1s)
    38      0.7873     0.8063     1.0180    0.7143   0.5638   0.000100  (4.2s)
    39      0.7299     0.8375     0.9816    0.6786   0.5391   0.000100  (3.7s)
    40      0.7988     0.7812     0.9785    0.6429   0.5209   0.000100  (3.7s)
    41      0.7346     0.8438     0.9537    0.6786   0.5548   0.000100  (3.6s)
    42      0.7171     0.8562     0.9384    0.7500   0.5976   0.000100  (3.6s)
    43      0.7425     0.8063     0.9003    0.6786   0.5424   0.000100  (3.5s)
    44      0.6584     0.8562     0.8455    0.7857   0.6104   0.000100  (3.5s)
    45      0.5646     0.9250     0.8631    0.7500   0.5828   0.000100  (4.1s)
    46      0.6485     0.8313     0.8990    0.7143   0.5825   0.000100  (3.8s)
    47      0.6191     0.8688     0.8766    0.7143   0.5700   0.000100  (3.7s)
    48      0.6545     0.8688     0.7989    0.7500   0.6462   0.000100  (3.5s)
    49      0.6116     0.8375     0.7615    0.7500   0.6096   0.000100  (4.1s)
    50      0.5605     0.8812     0.7382    0.7857   0.6543   0.000100  (3.8s)

Best: epoch 50, val_acc=0.7857, val_f1=0.6543
Model saved: /mnt/extended-home/fitra_dosen/2025_iris_fer_taufik/MultimodalEmoLearn/models/benchmark/jaffe_randomsplit/_tmp/cnn.pth
 Epoch  Train Loss  Train Acc   Val Loss   Val Acc   Val F1         LR
---------------------------------------------------------------------------
     1      2.0657     0.1187     1.9341    0.1071   0.0276   0.000100  (0.0s)
     2      2.0531     0.1375     1.9469    0.1071   0.0276   0.000100  (0.1s)
     3      1.9450     0.2313     1.9654    0.1071   0.0276   0.000100  (0.1s)
     4      1.9449     0.1562     1.9805    0.1071   0.0276   0.000100  (0.1s)
     5      1.9457     0.1875     1.9812    0.1429   0.0357   0.000100  (0.0s)
     6      1.8864     0.2313     1.9837    0.1429   0.0357   0.000100  (0.0s)
     7      1.8740     0.2000     1.9747    0.1786   0.1083   0.000100  (0.1s)
     8      1.8652     0.2062     1.9504    0.2143   0.1810   0.000100  (0.0s)
     9      1.8387     0.2812     1.8544    0.2500   0.2251   0.000100  (0.0s)
    10      1.8460     0.1938     1.7418    0.3571   0.2993   0.000100  (0.0s)
    11      1.7996     0.3125     1.6639    0.4643   0.3916   0.000100  (0.0s)
    12      1.7839     0.2812     1.6771    0.4643   0.3939   0.000100  (0.1s)
    13      1.7563     0.3000     1.6642    0.4643   0.3869   0.000100  (0.1s)
    14      1.6976     0.3625     1.6270    0.4643   0.3849   0.000100  (0.0s)
    15      1.7282     0.3563     1.5711    0.5357   0.4377   0.000100  (0.0s)
    16      1.6945     0.3500     1.5271    0.6071   0.4641   0.000100  (0.1s)
    17      1.6774     0.3250     1.4695    0.7143   0.5510   0.000100  (0.0s)
    18      1.6211     0.3875     1.4319    0.7143   0.5775   0.000100  (0.0s)
    19      1.6342     0.4062     1.4355    0.6786   0.5405   0.000100  (0.0s)
    20      1.6465     0.3937     1.4799    0.6786   0.5383   0.000100  (0.1s)
    21      1.5963     0.4562     1.4324    0.6429   0.5024   0.000100  (0.1s)
    22      1.5693     0.4625     1.4386    0.6071   0.5078   0.000100  (0.0s)
    23      1.5791     0.4313     1.4062    0.6429   0.5404   0.000100  (0.1s)
    24      1.5658     0.4688     1.3824    0.5357   0.4645   0.000100  (0.1s)
    25      1.4908     0.4750     1.3126    0.6786   0.5506   0.000100  (0.0s)
    26      1.4933     0.4625     1.2937    0.6786   0.5419   0.000100  (0.0s)
    27      1.4486     0.5312     1.2451    0.6429   0.5361   0.000100  (0.0s)
    28      1.4577     0.4938     1.2915    0.6429   0.5371   0.000050  (0.0s)
    29      1.4702     0.4875     1.2826    0.5714   0.4652   0.000050  (0.1s)
    30      1.4253     0.5188     1.2662    0.6786   0.5970   0.000050  (0.1s)
    31      1.4175     0.5188     1.2576    0.6429   0.5612   0.000050  (0.0s)
    32      1.4127     0.5250     1.2358    0.7143   0.6398   0.000050  (0.1s)
    33      1.4240     0.5062     1.2097    0.6071   0.5096   0.000050  (0.0s)
    34      1.4639     0.4750     1.1968    0.5714   0.4476   0.000050  (0.0s)
    35      1.3642     0.5500     1.2315    0.6429   0.5358   0.000050  (0.0s)
    36      1.4220     0.5000     1.2339    0.6429   0.5358   0.000050  (0.0s)
    37      1.4642     0.4375     1.2352    0.6429   0.5358   0.000050  (0.1s)
    38      1.3540     0.5250     1.2152    0.6429   0.5731   0.000050  (0.1s)
    39      1.4043     0.4750     1.1813    0.6786   0.5423   0.000050  (0.1s)
    40      1.3636     0.5000     1.1149    0.6429   0.4915   0.000050  (0.0s)
    41      1.3558     0.5437     1.1059    0.7143   0.5766   0.000050  (0.0s)
    42      1.2821     0.6000     1.1698    0.7500   0.6495   0.000025  (0.1s)
    43      1.3155     0.5375     1.1981    0.7143   0.6300   0.000025  (0.1s)
    44      1.3232     0.5000     1.2163    0.6429   0.5358   0.000025  (0.0s)
    45      1.3087     0.5687     1.1742    0.7143   0.6602   0.000025  (0.0s)
    46      1.3488     0.4750     1.1588    0.6786   0.6298   0.000025  (0.0s)
    47      1.2891     0.5625     1.1853    0.7143   0.6466   0.000025  (0.0s)
    48      1.2353     0.6250     1.2002    0.7143   0.6398   0.000025  (0.0s)
    49      1.2734     0.5563     1.2009    0.6786   0.5970   0.000025  (0.0s)
    50      1.3054     0.5938     1.1447    0.7143   0.6300   0.000025  (0.1s)

Best: epoch 45, val_acc=0.7143, val_f1=0.6602
Model saved: /mnt/extended-home/fitra_dosen/2025_iris_fer_taufik/MultimodalEmoLearn/models/benchmark/jaffe_randomsplit/_tmp/fcnn.pth
    [Late_Fusion fold 3/10] macro_f1=0.6677 acc=0.6818
 Epoch  Train Loss  Train Acc   Val Loss   Val Acc   Val F1         LR
---------------------------------------------------------------------------
     1      2.0559     0.1875     1.9344    0.1071   0.0276   0.000100  (4.2s)
     2      1.9905     0.1938     1.9319    0.2500   0.0571   0.000100  (3.9s)
     3      2.0183     0.1625     1.9406    0.2500   0.0571   0.000100  (4.0s)
     4      1.9198     0.2313     1.9474    0.2500   0.0571   0.000100  (3.7s)
     5      1.9035     0.2437     1.9437    0.2500   0.0571   0.000100  (3.5s)
     6      1.8987     0.2188     1.9397    0.1071   0.0603   0.000100  (3.6s)
     7      1.8098     0.3125     1.8922    0.1429   0.1104   0.000100  (3.8s)
     8      1.8152     0.2687     1.8810    0.1071   0.0306   0.000100  (3.9s)
     9      1.7829     0.2750     1.8774    0.1429   0.0878   0.000100  (3.4s)
    10      1.7712     0.3250     1.8525    0.1786   0.1190   0.000100  (3.5s)
    11      1.7693     0.3000     1.8323    0.1429   0.1011   0.000100  (4.1s)
    12      1.6596     0.3688     1.8383    0.2143   0.1507   0.000100  (3.7s)
    13      1.5902     0.3750     1.8263    0.2143   0.1701   0.000100  (4.3s)
    14      1.5598     0.4313     1.7914    0.3214   0.3118   0.000100  (4.3s)
    15      1.6291     0.3937     1.7884    0.3214   0.3032   0.000100  (4.1s)
    16      1.4757     0.4875     1.7285    0.3571   0.3679   0.000100  (3.7s)
    17      1.4733     0.4562     1.6859    0.3929   0.4028   0.000100  (3.8s)
    18      1.4315     0.4938     1.6345    0.3571   0.3717   0.000100  (4.3s)
    19      1.4384     0.4375     1.6237    0.3571   0.4238   0.000100  (3.6s)
    20      1.4069     0.5125     1.5919    0.3571   0.4125   0.000100  (3.9s)
    21      1.4074     0.4688     1.5161    0.4286   0.4678   0.000100  (3.4s)
    22      1.2694     0.5250     1.5087    0.3571   0.4077   0.000100  (3.8s)
    23      1.3153     0.5188     1.4963    0.3929   0.4410   0.000100  (3.5s)
    24      1.3052     0.5437     1.4599    0.3571   0.4061   0.000100  (3.4s)
    25      1.2228     0.5875     1.4150    0.5000   0.4984   0.000100  (4.1s)
    26      1.1991     0.5938     1.3853    0.5357   0.5412   0.000100  (3.9s)
    27      1.2717     0.5000     1.3625    0.5357   0.5444   0.000100  (4.0s)
    28      1.1351     0.6188     1.3312    0.5357   0.5514   0.000100  (3.9s)
    29      1.0781     0.6750     1.2786    0.5714   0.5895   0.000100  (4.0s)
    30      1.1156     0.6000     1.2541    0.6429   0.6252   0.000100  (3.8s)
    31      1.0264     0.6750     1.2374    0.7143   0.7112   0.000100  (3.9s)
    32      1.0913     0.6125     1.2165    0.6071   0.6051   0.000100  (4.5s)
    33      0.9493     0.7562     1.1840    0.6429   0.6450   0.000100  (3.6s)
    34      0.9829     0.6687     1.1644    0.6071   0.6286   0.000100  (3.4s)
    35      0.9523     0.7250     1.1366    0.6071   0.6286   0.000100  (3.6s)
    36      0.8634     0.7812     1.1503    0.6786   0.6992   0.000100  (3.6s)
    37      0.9186     0.7375     1.1147    0.6786   0.6968   0.000100  (3.5s)
    38      0.8316     0.7688     1.0935    0.6786   0.6983   0.000100  (3.4s)
    39      0.8570     0.7375     1.0482    0.6786   0.7132   0.000100  (3.3s)
    40      0.7478     0.8500     0.9427    0.7500   0.7462   0.000100  (4.0s)
    41      0.7652     0.7875     0.9253    0.7857   0.7892   0.000100  (3.9s)
    42      0.7591     0.7937     0.9059    0.7857   0.7892   0.000100  (4.2s)
    43      0.8161     0.7562     0.9165    0.8214   0.8319   0.000100  (3.6s)
    44      0.7030     0.8250     0.8735    0.8214   0.8319   0.000100  (4.1s)
    45      0.7423     0.8125     0.8459    0.8214   0.8319   0.000100  (3.7s)
    46      0.6315     0.8688     0.8365    0.8214   0.8319   0.000100  (3.8s)
    47      0.6615     0.8313     0.8186    0.8214   0.8319   0.000100  (3.5s)
    48      0.6145     0.8562     0.7489    0.8214   0.8319   0.000100  (3.4s)
    49      0.6352     0.8250     0.7562    0.8214   0.8319   0.000100  (3.4s)
    50      0.6289     0.8938     0.7561    0.8214   0.8319   0.000100  (3.5s)

Best: epoch 43, val_acc=0.8214, val_f1=0.8319
Model saved: /mnt/extended-home/fitra_dosen/2025_iris_fer_taufik/MultimodalEmoLearn/models/benchmark/jaffe_randomsplit/_tmp/cnn.pth
 Epoch  Train Loss  Train Acc   Val Loss   Val Acc   Val F1         LR
---------------------------------------------------------------------------
     1      2.0288     0.1875     1.9788    0.1071   0.0276   0.000100  (0.0s)
     2      1.9746     0.1437     2.0213    0.1071   0.0276   0.000100  (0.0s)
     3      1.9869     0.1812     2.0477    0.1071   0.0276   0.000100  (0.0s)
     4      1.9864     0.1562     2.0510    0.1071   0.0276   0.000100  (0.0s)
     5      1.8925     0.2375     2.0482    0.1071   0.0559   0.000100  (0.0s)
     6      1.8783     0.2437     2.0372    0.1429   0.0748   0.000100  (0.1s)
     7      1.9051     0.2000     2.0156    0.1786   0.0861   0.000100  (0.0s)
     8      1.8341     0.2938     1.9308    0.2500   0.2377   0.000100  (0.0s)
     9      1.8853     0.1875     1.8700    0.2500   0.2087   0.000100  (0.1s)
    10      1.7980     0.2500     1.7834    0.3214   0.2849   0.000100  (0.0s)
    11      1.8032     0.2875     1.6639    0.3214   0.3293   0.000100  (0.0s)
    12      1.7680     0.3563     1.6563    0.4643   0.4653   0.000100  (0.0s)
    13      1.7462     0.3500     1.6606    0.4286   0.4173   0.000100  (0.0s)
    14      1.6891     0.3125     1.6591    0.3929   0.3695   0.000100  (0.0s)
    15      1.7278     0.3375     1.5756    0.4643   0.4064   0.000100  (0.1s)
    16      1.7333     0.3250     1.5248    0.5000   0.4476   0.000100  (0.1s)
    17      1.6489     0.4125     1.5018    0.4286   0.4107   0.000100  (0.0s)
    18      1.7346     0.3250     1.4979    0.3929   0.3786   0.000100  (0.0s)
    19      1.7026     0.3250     1.4467    0.5000   0.4717   0.000100  (0.0s)
    20      1.5928     0.4125     1.4316    0.5357   0.4658   0.000100  (0.1s)
    21      1.5922     0.4000     1.4414    0.5000   0.4381   0.000100  (0.0s)
    22      1.5955     0.4125     1.4125    0.5714   0.4930   0.000100  (0.0s)
    23      1.6036     0.3688     1.4186    0.5000   0.4507   0.000100  (0.0s)
    24      1.6242     0.3812     1.3476    0.5714   0.4796   0.000100  (0.0s)
    25      1.5551     0.4750     1.3748    0.5000   0.4596   0.000100  (0.0s)
    26      1.5111     0.4562     1.3154    0.5714   0.5139   0.000100  (0.0s)
    27      1.4943     0.4562     1.3200    0.5714   0.5139   0.000100  (0.1s)
    28      1.4969     0.4313     1.2687    0.5357   0.4619   0.000100  (0.0s)
    29      1.4857     0.4938     1.2480    0.5714   0.4927   0.000100  (0.0s)
    30      1.4683     0.4750     1.2449    0.5000   0.4353   0.000100  (0.0s)
    31      1.4105     0.5062     1.2207    0.5357   0.4719   0.000100  (0.1s)
    32      1.4391     0.4375     1.2425    0.4643   0.4491   0.000100  (0.0s)
    33      1.4131     0.5000     1.2102    0.6071   0.5043   0.000100  (0.0s)
    34      1.3825     0.5563     1.2002    0.5714   0.4650   0.000100  (0.0s)
    35      1.3571     0.5750     1.1768    0.5714   0.5605   0.000100  (0.0s)
    36      1.3543     0.5500     1.2053    0.5357   0.5514   0.000100  (0.0s)
    37      1.3039     0.5750     1.1667    0.6429   0.6206   0.000100  (0.0s)
    38      1.3160     0.5500     1.2072    0.6071   0.6112   0.000100  (0.1s)
    39      1.3388     0.4813     1.1939    0.6071   0.6348   0.000100  (0.1s)
    40      1.3333     0.5375     1.1549    0.6071   0.6151   0.000100  (0.0s)
    41      1.3991     0.4875     1.1550    0.5000   0.4490   0.000100  (0.1s)
    42      1.2845     0.6000     1.2257    0.4643   0.4590   0.000100  (0.1s)
    43      1.3064     0.5375     1.4045    0.4286   0.4421   0.000100  (0.0s)
    44      1.2118     0.6000     1.1037    0.5714   0.5930   0.000100  (0.0s)
    45      1.2175     0.6438     1.0864    0.7143   0.7381   0.000100  (0.0s)
    46      1.2322     0.5813     1.0789    0.5714   0.5801   0.000100  (0.0s)
    47      1.2157     0.5625     1.0378    0.6071   0.5565   0.000100  (0.0s)
    48      1.2161     0.5875     1.1001    0.5000   0.5090   0.000100  (0.1s)
    49      1.1961     0.6125     1.2182    0.4643   0.4859   0.000100  (0.1s)
    50      1.1339     0.6312     1.2799    0.5000   0.4939   0.000100  (0.0s)

Best: epoch 45, val_acc=0.7143, val_f1=0.7381
Model saved: /mnt/extended-home/fitra_dosen/2025_iris_fer_taufik/MultimodalEmoLearn/models/benchmark/jaffe_randomsplit/_tmp/fcnn.pth
    [Late_Fusion fold 4/10] macro_f1=0.7963 acc=0.8095
 Epoch  Train Loss  Train Acc   Val Loss   Val Acc   Val F1         LR
---------------------------------------------------------------------------
     1      2.1430     0.1500     1.9499    0.2500   0.0571   0.000100  (4.2s)
     2      1.9232     0.2125     1.9911    0.1429   0.0690   0.000100  (4.3s)
     3      2.0465     0.1562     2.0251    0.0357   0.0099   0.000100  (4.0s)
     4      1.9204     0.1938     2.0234    0.0357   0.0099   0.000100  (3.6s)
     5      1.8480     0.2437     1.9639    0.2857   0.1312   0.000100  (3.4s)
     6      1.8639     0.2375     1.9318    0.2143   0.0964   0.000100  (3.9s)
     7      1.8528     0.2500     1.8878    0.2143   0.1565   0.000100  (3.7s)
     8      1.8912     0.2188     1.8565    0.2143   0.1421   0.000100  (4.0s)
     9      1.7770     0.2938     1.8430    0.1429   0.0895   0.000100  (3.5s)
    10      1.7378     0.3125     1.8161    0.3214   0.1889   0.000100  (3.4s)
    11      1.7435     0.3250     1.8153    0.2143   0.1212   0.000100  (4.0s)
    12      1.6114     0.4125     1.8036    0.2857   0.1709   0.000100  (3.8s)
    13      1.5479     0.4250     1.7715    0.3214   0.1875   0.000100  (3.6s)
    14      1.5280     0.4688     1.7535    0.3571   0.2574   0.000100  (3.6s)
    15      1.5243     0.4125     1.7339    0.3929   0.2679   0.000100  (4.1s)
    16      1.3973     0.5188     1.6884    0.3929   0.2668   0.000100  (4.0s)
    17      1.4397     0.4750     1.6522    0.3929   0.2908   0.000100  (3.6s)
    18      1.4071     0.5500     1.6039    0.4286   0.3407   0.000100  (3.9s)
    19      1.3652     0.5125     1.5707    0.4286   0.3765   0.000100  (3.9s)
    20      1.3465     0.5437     1.5523    0.3929   0.3416   0.000100  (3.8s)
    21      1.3546     0.5687     1.5217    0.3929   0.3304   0.000100  (3.6s)
    22      1.2435     0.5813     1.5027    0.3929   0.3336   0.000100  (3.8s)
    23      1.2616     0.5938     1.4589    0.4286   0.3430   0.000100  (3.8s)
    24      1.2121     0.6125     1.4408    0.3929   0.3082   0.000100  (3.5s)
    25      1.1934     0.6500     1.4536    0.5000   0.3879   0.000100  (3.5s)
    26      1.1754     0.6000     1.4144    0.5357   0.4380   0.000100  (3.9s)
    27      1.1306     0.6438     1.4134    0.5000   0.4031   0.000100  (3.8s)
    28      1.0809     0.6312     1.4061    0.5357   0.5853   0.000100  (3.6s)
    29      1.0604     0.6125     1.3577    0.4643   0.5101   0.000100  (4.0s)
    30      1.0169     0.7125     1.3271    0.4643   0.3931   0.000100  (3.4s)
    31      0.9290     0.7438     1.3056    0.5357   0.5958   0.000100  (3.6s)
    32      0.9674     0.7063     1.2759    0.5714   0.6309   0.000100  (4.3s)
    33      0.9465     0.7438     1.2479    0.5714   0.6339   0.000100  (4.1s)
    34      0.9016     0.7562     1.2367    0.6071   0.6456   0.000100  (4.1s)
    35      0.9591     0.7063     1.2291    0.5714   0.6185   0.000100  (3.9s)
    36      0.8084     0.8125     1.2183    0.5714   0.6472   0.000100  (3.5s)
    37      0.7798     0.8562     1.2089    0.5357   0.6288   0.000100  (4.0s)
    38      0.8252     0.7438     1.1718    0.5714   0.6400   0.000100  (3.5s)
    39      0.7675     0.8000     1.1127    0.7143   0.7260   0.000100  (3.8s)
    40      0.6966     0.8438     1.0975    0.7143   0.7367   0.000100  (4.2s)
    41      0.6578     0.8812     1.1224    0.6071   0.6571   0.000100  (4.0s)
    42      0.6561     0.8375     1.1314    0.6429   0.6797   0.000100  (3.6s)
    43      0.7293     0.8500     1.1073    0.7500   0.7851   0.000100  (3.5s)
    44      0.6351     0.8875     1.0751    0.7500   0.7955   0.000100  (4.0s)
    45      0.6540     0.8562     1.0345    0.7857   0.6714   0.000100  (3.9s)
    46      0.5950     0.9000     0.9988    0.7500   0.6372   0.000100  (3.6s)
    47      0.6093     0.8875     0.9707    0.7500   0.7644   0.000100  (3.4s)
    48      0.5933     0.8938     0.9657    0.7500   0.7644   0.000100  (3.9s)
    49      0.6298     0.8125     1.0160    0.6786   0.7099   0.000100  (3.8s)
    50      0.5987     0.8688     1.0027    0.7500   0.7675   0.000100  (3.3s)

Best: epoch 44, val_acc=0.7500, val_f1=0.7955
Model saved: /mnt/extended-home/fitra_dosen/2025_iris_fer_taufik/MultimodalEmoLearn/models/benchmark/jaffe_randomsplit/_tmp/cnn.pth
 Epoch  Train Loss  Train Acc   Val Loss   Val Acc   Val F1         LR
---------------------------------------------------------------------------
     1      2.0350     0.1688     1.9612    0.1071   0.0276   0.000100  (0.0s)
     2      2.0153     0.1437     2.0015    0.1071   0.0276   0.000100  (0.0s)
     3      2.0000     0.1500     2.0208    0.1071   0.0276   0.000100  (0.0s)
     4      1.9545     0.2062     2.0305    0.1071   0.0276   0.000100  (0.0s)
     5      1.9120     0.2188     2.0346    0.1429   0.0725   0.000100  (0.0s)
     6      1.8755     0.1875     2.0156    0.0714   0.0204   0.000100  (0.0s)
     7      1.8967     0.2250     2.0172    0.0714   0.0212   0.000100  (0.0s)
     8      1.8224     0.3063     2.0015    0.1071   0.0911   0.000100  (0.0s)
     9      1.8427     0.2500     1.9140    0.1786   0.1362   0.000100  (0.0s)
    10      1.7957     0.2875     1.8380    0.2857   0.1732   0.000100  (0.0s)
    11      1.7760     0.3438     1.8121    0.3214   0.2976   0.000100  (0.0s)
    12      1.7780     0.3500     1.8346    0.4286   0.2925   0.000100  (0.0s)
    13      1.7268     0.3812     1.7558    0.3214   0.2352   0.000100  (0.1s)
    14      1.6736     0.3750     1.7212    0.3214   0.2362   0.000100  (0.1s)
    15      1.7144     0.3187     1.7171    0.3929   0.2898   0.000100  (0.0s)
    16      1.7249     0.3187     1.6518    0.4286   0.2979   0.000100  (0.0s)
    17      1.6844     0.3563     1.6385    0.3929   0.2829   0.000100  (0.0s)
    18      1.6888     0.3625     1.5855    0.3929   0.2785   0.000100  (0.0s)
    19      1.6178     0.3812     1.5788    0.4286   0.2810   0.000100  (0.0s)
    20      1.6008     0.4437     1.5343    0.4643   0.3559   0.000100  (0.0s)
    21      1.5780     0.4062     1.4773    0.4643   0.3106   0.000100  (0.0s)
    22      1.5367     0.4313     1.4389    0.4643   0.3116   0.000100  (0.0s)
    23      1.6050     0.3688     1.4327    0.4286   0.3175   0.000100  (0.0s)
    24      1.5447     0.4437     1.4736    0.5000   0.3810   0.000100  (0.1s)
    25      1.5411     0.4250     1.4498    0.5000   0.3375   0.000100  (0.1s)
    26      1.5196     0.4188     1.3855    0.4643   0.3360   0.000100  (0.1s)
    27      1.4426     0.4750     1.4003    0.4643   0.3789   0.000100  (0.1s)
    28      1.4372     0.4875     1.3757    0.4643   0.3115   0.000100  (0.1s)
    29      1.4555     0.4813     1.3607    0.4643   0.3000   0.000100  (0.1s)
    30      1.4281     0.4938     1.3430    0.5357   0.3632   0.000100  (0.1s)
    31      1.4108     0.5188     1.3624    0.4643   0.3178   0.000100  (0.1s)
    32      1.4226     0.4875     1.3214    0.6071   0.4173   0.000100  (0.1s)
    33      1.3792     0.5188     1.2776    0.5357   0.3671   0.000100  (0.0s)
    34      1.3798     0.5375     1.2548    0.5000   0.3372   0.000100  (0.0s)
    35      1.3257     0.5625     1.3098    0.4643   0.3154   0.000100  (0.0s)
    36      1.3510     0.5375     1.2577    0.5357   0.3342   0.000100  (0.0s)
    37      1.2862     0.5625     1.2198    0.5357   0.3539   0.000100  (0.0s)
    38      1.3087     0.5500     1.2535    0.4643   0.3602   0.000100  (0.0s)
    39      1.3274     0.5062     1.1796    0.6071   0.3899   0.000100  (0.0s)
    40      1.2755     0.5625     1.2034    0.5357   0.3575   0.000100  (0.0s)
    41      1.3206     0.4813     1.1402    0.5714   0.3816   0.000100  (0.0s)
    42      1.2732     0.5500     1.1778    0.5000   0.3359   0.000050  (0.0s)
    43      1.2422     0.6000     1.1856    0.5357   0.3861   0.000050  (0.0s)
    44      1.2165     0.5687     1.1449    0.5357   0.3483   0.000050  (0.0s)
    45      1.2141     0.5813     1.1750    0.5357   0.3614   0.000050  (0.1s)
    46      1.2906     0.5375     1.1937    0.4643   0.3451   0.000050  (0.1s)
    47      1.2097     0.6062     1.2351    0.4286   0.3000   0.000050  (0.0s)

Early stopping at epoch 47. Best epoch: 32 (val_f1=0.4173)

Best: epoch 32, val_acc=0.6071, val_f1=0.4173
Model saved: /mnt/extended-home/fitra_dosen/2025_iris_fer_taufik/MultimodalEmoLearn/models/benchmark/jaffe_randomsplit/_tmp/fcnn.pth
    [Late_Fusion fold 5/10] macro_f1=0.6861 acc=0.7143
 Epoch  Train Loss  Train Acc   Val Loss   Val Acc   Val F1         LR
---------------------------------------------------------------------------
     1      2.1286     0.1375     1.9128    0.1071   0.0276   0.000100  (4.7s)
     2      1.9677     0.2125     1.9532    0.1071   0.0276   0.000100  (3.9s)
     3      1.9828     0.2062     1.9953    0.1071   0.0276   0.000100  (3.5s)
     4      1.9252     0.2250     2.0203    0.1071   0.0296   0.000100  (3.5s)
     5      1.9199     0.2500     2.0108    0.1071   0.0276   0.000100  (3.8s)
     6      1.8625     0.2687     1.9805    0.1071   0.0306   0.000100  (3.4s)
     7      1.8308     0.2687     1.9222    0.2143   0.1293   0.000100  (3.9s)
     8      1.8797     0.2750     1.8792    0.1071   0.0805   0.000100  (4.1s)
     9      1.7922     0.2562     1.8319    0.2143   0.1760   0.000100  (3.5s)
    10      1.7540     0.3438     1.8034    0.2500   0.2082   0.000100  (4.3s)
    11      1.6768     0.3375     1.8016    0.2500   0.1778   0.000100  (4.0s)
    12      1.6697     0.3625     1.8376    0.2143   0.1507   0.000100  (3.4s)
    13      1.6469     0.3750     1.8061    0.2500   0.2128   0.000100  (3.4s)
    14      1.6092     0.3688     1.7675    0.2500   0.2225   0.000100  (3.9s)
    15      1.6428     0.3875     1.7389    0.2143   0.2078   0.000100  (4.1s)
    16      1.4920     0.4562     1.6818    0.3929   0.3643   0.000100  (3.8s)
    17      1.5579     0.4375     1.6466    0.3571   0.3159   0.000100  (4.2s)
    18      1.5138     0.4313     1.5851    0.5357   0.5142   0.000100  (3.6s)
    19      1.5028     0.4188     1.5458    0.5714   0.5346   0.000100  (4.0s)
    20      1.4051     0.4688     1.5002    0.6071   0.6335   0.000100  (4.3s)
    21      1.4275     0.5062     1.4637    0.5714   0.6065   0.000100  (4.3s)
    22      1.4090     0.5125     1.4551    0.4643   0.4796   0.000100  (3.7s)
    23      1.3813     0.5188     1.4446    0.5357   0.5382   0.000100  (3.6s)
    24      1.3664     0.5437     1.4565    0.6071   0.6024   0.000100  (3.9s)
    25      1.2689     0.5625     1.4079    0.6071   0.6024   0.000100  (3.6s)
    26      1.2650     0.6375     1.3100    0.6786   0.7016   0.000100  (3.5s)
    27      1.2245     0.6188     1.2750    0.6786   0.7016   0.000100  (4.2s)
    28      1.0805     0.6875     1.2629    0.6786   0.6678   0.000100  (3.6s)
    29      1.1211     0.6062     1.2142    0.7143   0.7163   0.000100  (3.8s)
    30      1.1324     0.6500     1.1806    0.6429   0.6187   0.000100  (4.0s)
    31      1.0303     0.6375     1.1391    0.7143   0.6704   0.000100  (3.7s)
    32      1.0617     0.6875     1.1058    0.7143   0.6597   0.000100  (3.5s)
    33      0.9769     0.7063     1.0748    0.7857   0.7621   0.000100  (3.9s)
    34      0.9634     0.7188     1.0446    0.7857   0.7510   0.000100  (4.0s)
    35      0.9723     0.7125     1.0370    0.7857   0.7510   0.000100  (3.7s)
    36      0.8905     0.7812     1.0415    0.7500   0.7156   0.000100  (3.7s)
    37      0.8480     0.7875     0.9923    0.7500   0.7156   0.000100  (3.5s)
    38      0.8435     0.7937     0.9758    0.6429   0.5993   0.000100  (3.6s)
    39      0.8724     0.7500     0.9536    0.7143   0.6902   0.000100  (3.7s)
    40      0.7979     0.8313     0.9436    0.7500   0.7354   0.000100  (3.5s)
    41      0.7137     0.8625     0.9043    0.7857   0.7558   0.000100  (3.4s)
    42      0.7020     0.8375     0.8502    0.8214   0.7923   0.000100  (3.4s)
    43      0.7915     0.7812     0.8450    0.7857   0.7719   0.000100  (3.9s)
    44      0.6880     0.8625     0.8314    0.7500   0.7209   0.000100  (3.6s)
    45      0.6824     0.8438     0.8100    0.7857   0.7719   0.000100  (3.7s)
    46      0.6120     0.9062     0.8010    0.7857   0.7548   0.000100  (3.7s)
    47      0.6347     0.8500     0.7775    0.7500   0.7354   0.000100  (3.7s)
    48      0.6131     0.8688     0.7703    0.7857   0.7548   0.000100  (3.6s)
    49      0.6006     0.8438     0.7668    0.7857   0.7548   0.000100  (3.7s)
    50      0.6216     0.9000     0.7343    0.8214   0.7923   0.000100  (3.6s)

Best: epoch 42, val_acc=0.8214, val_f1=0.7923
Model saved: /mnt/extended-home/fitra_dosen/2025_iris_fer_taufik/MultimodalEmoLearn/models/benchmark/jaffe_randomsplit/_tmp/cnn.pth
 Epoch  Train Loss  Train Acc   Val Loss   Val Acc   Val F1         LR
---------------------------------------------------------------------------
     1      2.0602     0.1750     1.9724    0.1071   0.0276   0.000100  (0.0s)
     2      2.0024     0.1625     2.0041    0.1071   0.0276   0.000100  (0.0s)
     3      1.9888     0.1625     2.0328    0.1071   0.0276   0.000100  (0.0s)
     4      1.9198     0.1750     2.0524    0.1071   0.0276   0.000100  (0.0s)
     5      1.9252     0.2188     2.0396    0.1071   0.0296   0.000100  (0.0s)
     6      1.9243     0.2062     2.0359    0.1071   0.0656   0.000100  (0.0s)
     7      1.9185     0.1875     2.0068    0.0714   0.0677   0.000100  (0.0s)
     8      1.8417     0.2313     1.9099    0.1786   0.2029   0.000100  (0.0s)
     9      1.9415     0.1688     1.8466    0.2143   0.2500   0.000100  (0.0s)
    10      1.7933     0.2875     1.7487    0.3571   0.3468   0.000100  (0.0s)
    11      1.7866     0.3375     1.6164    0.5000   0.4008   0.000100  (0.0s)
    12      1.8075     0.3000     1.6287    0.5000   0.4024   0.000100  (0.0s)
    13      1.7478     0.3063     1.6110    0.5714   0.4071   0.000100  (0.0s)
    14      1.7193     0.3438     1.5752    0.5357   0.4419   0.000100  (0.0s)
    15      1.7240     0.3312     1.5231    0.6429   0.5884   0.000100  (0.0s)
    16      1.7200     0.3500     1.5299    0.5000   0.4342   0.000100  (0.0s)
    17      1.7085     0.3875     1.4991    0.6071   0.4908   0.000100  (0.0s)
    18      1.6950     0.3125     1.4922    0.6071   0.4903   0.000100  (0.0s)
    19      1.6594     0.3812     1.4892    0.6071   0.5003   0.000100  (0.0s)
    20      1.6321     0.3625     1.4294    0.5714   0.4873   0.000100  (0.0s)
    21      1.6259     0.3937     1.3681    0.5357   0.4549   0.000100  (0.0s)
    22      1.6058     0.4062     1.3117    0.6071   0.5037   0.000100  (0.1s)
    23      1.6604     0.3937     1.3692    0.5357   0.4345   0.000100  (0.0s)
    24      1.6093     0.4062     1.3781    0.5714   0.4837   0.000100  (0.0s)
    25      1.6062     0.3875     1.2742    0.5714   0.5115   0.000050  (0.1s)
    26      1.5305     0.4562     1.2501    0.6071   0.4954   0.000050  (0.1s)
    27      1.4998     0.4750     1.2533    0.5357   0.4377   0.000050  (0.1s)
    28      1.5107     0.4813     1.2204    0.5714   0.5060   0.000050  (0.1s)
    29      1.4595     0.5125     1.2094    0.5357   0.4633   0.000050  (0.1s)
    30      1.5120     0.4500     1.2005    0.5714   0.5266   0.000050  (0.1s)

Early stopping at epoch 30. Best epoch: 15 (val_f1=0.5884)

Best: epoch 15, val_acc=0.6429, val_f1=0.5884
Model saved: /mnt/extended-home/fitra_dosen/2025_iris_fer_taufik/MultimodalEmoLearn/models/benchmark/jaffe_randomsplit/_tmp/fcnn.pth
    [Late_Fusion fold 6/10] macro_f1=0.8388 acc=0.8571
 Epoch  Train Loss  Train Acc   Val Loss   Val Acc   Val F1         LR
---------------------------------------------------------------------------
     1      2.0782     0.1437     1.9311    0.1071   0.0276   0.000100  (4.1s)
     2      1.9950     0.1750     1.9847    0.1071   0.0276   0.000100  (4.2s)
     3      2.0605     0.1812     2.0478    0.1071   0.0276   0.000100  (3.7s)
     4      1.9050     0.2562     2.0474    0.1071   0.0276   0.000100  (3.7s)
     5      1.9192     0.2313     2.0880    0.1071   0.0276   0.000100  (3.5s)
     6      1.9115     0.2750     2.0783    0.1429   0.1010   0.000100  (3.6s)
     7      1.8846     0.2313     2.0096    0.2143   0.1481   0.000100  (3.8s)
     8      1.8128     0.3250     1.9811    0.2500   0.1488   0.000100  (4.0s)
     9      1.8135     0.2687     1.9079    0.2857   0.2599   0.000100  (3.9s)
    10      1.7601     0.3187     1.8611    0.2857   0.2737   0.000100  (3.9s)
    11      1.7376     0.3250     1.8851    0.2143   0.1714   0.000100  (4.1s)
    12      1.6642     0.3312     1.8978    0.2500   0.2571   0.000100  (3.6s)
    13      1.5976     0.3750     1.8619    0.3571   0.3745   0.000100  (3.4s)
    14      1.5556     0.4188     1.8211    0.3929   0.3799   0.000100  (3.9s)
    15      1.5543     0.4062     1.8034    0.3929   0.3799   0.000100  (3.8s)
    16      1.5135     0.4938     1.7660    0.3929   0.3989   0.000100  (3.6s)
    17      1.4395     0.4688     1.6892    0.3929   0.3853   0.000100  (3.8s)
    18      1.4398     0.4813     1.6398    0.4643   0.4957   0.000100  (3.6s)
    19      1.3723     0.5188     1.6230    0.4643   0.4845   0.000100  (4.0s)
    20      1.3868     0.5312     1.6172    0.4643   0.4641   0.000100  (3.7s)
    21      1.3990     0.4938     1.5937    0.4643   0.4605   0.000100  (3.7s)
    22      1.3047     0.5062     1.5628    0.4643   0.4732   0.000100  (3.5s)
    23      1.3486     0.5312     1.5061    0.5000   0.5235   0.000100  (3.8s)
    24      1.2684     0.5625     1.4947    0.5000   0.5085   0.000100  (3.8s)
    25      1.2444     0.6062     1.5047    0.5000   0.4824   0.000100  (3.5s)
    26      1.1632     0.6125     1.4658    0.5000   0.4792   0.000100  (4.2s)
    27      1.1673     0.6375     1.4503    0.4643   0.4430   0.000100  (3.5s)
    28      1.1277     0.6250     1.4225    0.4643   0.4593   0.000100  (3.4s)
    29      1.0508     0.6813     1.3759    0.5357   0.5214   0.000100  (3.5s)
    30      1.0535     0.6562     1.3583    0.5714   0.5622   0.000100  (4.1s)
    31      1.0164     0.7063     1.3383    0.6071   0.6124   0.000100  (3.7s)
    32      0.9833     0.7250     1.3454    0.5714   0.5879   0.000100  (3.8s)
    33      0.9865     0.6937     1.3343    0.5357   0.5521   0.000100  (4.1s)
    34      0.9000     0.7500     1.3140    0.6071   0.6124   0.000100  (3.3s)
    35      0.8762     0.8063     1.2547    0.6071   0.6146   0.000100  (3.4s)
    36      0.8226     0.7750     1.2361    0.6071   0.6219   0.000100  (4.5s)
    37      0.8236     0.7875     1.2638    0.5714   0.5655   0.000100  (4.1s)
    38      0.8522     0.7875     1.2394    0.5357   0.5124   0.000100  (3.7s)
    39      0.7863     0.8500     1.2121    0.6071   0.6214   0.000100  (3.6s)
    40      0.7511     0.8438     1.1867    0.6071   0.6219   0.000100  (3.7s)
    41      0.6943     0.8688     1.1296    0.6071   0.6214   0.000100  (3.7s)
    42      0.6640     0.8562     1.0826    0.6071   0.6283   0.000100  (3.5s)
    43      0.7464     0.8313     1.0683    0.6429   0.6728   0.000100  (3.8s)
    44      0.6391     0.8625     1.0737    0.6786   0.7038   0.000100  (3.8s)
    45      0.6423     0.8812     1.0641    0.6786   0.6832   0.000100  (3.6s)
    46      0.5763     0.8625     1.0136    0.6429   0.6705   0.000100  (3.5s)
    47      0.5422     0.9062     0.9781    0.6786   0.7013   0.000100  (3.6s)
    48      0.6103     0.8625     0.9805    0.6429   0.6705   0.000100  (3.6s)
    49      0.5447     0.8812     1.0160    0.6071   0.6208   0.000100  (3.5s)
    50      0.6195     0.8313     0.9988    0.6071   0.6061   0.000100  (3.5s)

Best: epoch 44, val_acc=0.6786, val_f1=0.7038
Model saved: /mnt/extended-home/fitra_dosen/2025_iris_fer_taufik/MultimodalEmoLearn/models/benchmark/jaffe_randomsplit/_tmp/cnn.pth
 Epoch  Train Loss  Train Acc   Val Loss   Val Acc   Val F1         LR
---------------------------------------------------------------------------
     1      2.0832     0.1500     1.9623    0.0714   0.0190   0.000100  (0.0s)
     2      2.0190     0.1625     2.0018    0.0714   0.0190   0.000100  (0.0s)
     3      2.0591     0.1062     2.0361    0.0714   0.0190   0.000100  (0.1s)
     4      1.9563     0.1437     2.0461    0.0714   0.0190   0.000100  (0.0s)
     5      1.9507     0.2687     2.0539    0.1071   0.0595   0.000100  (0.0s)
     6      1.9033     0.2375     2.0528    0.1071   0.0566   0.000100  (0.0s)
     7      1.9283     0.1750     2.0309    0.0714   0.0190   0.000100  (0.0s)
     8      1.8559     0.2625     1.9430    0.1786   0.1640   0.000100  (0.0s)
     9      1.9127     0.2250     1.8482    0.2857   0.2403   0.000100  (0.1s)
    10      1.7669     0.3187     1.7636    0.3571   0.3240   0.000100  (0.0s)
    11      1.7701     0.2812     1.6837    0.4286   0.3868   0.000100  (0.1s)
    12      1.7935     0.2687     1.6823    0.4643   0.4039   0.000100  (0.1s)
    13      1.7970     0.2938     1.6824    0.4643   0.3952   0.000100  (0.1s)
    14      1.7327     0.3375     1.6797    0.5000   0.4308   0.000100  (0.0s)
    15      1.7212     0.3250     1.6064    0.3571   0.3082   0.000100  (0.0s)
    16      1.7616     0.3250     1.5939    0.3571   0.3265   0.000100  (0.0s)
    17      1.7084     0.3937     1.5951    0.4643   0.4127   0.000100  (0.1s)
    18      1.7224     0.2687     1.5432    0.4643   0.4000   0.000100  (0.1s)
    19      1.6525     0.3937     1.5164    0.5000   0.4238   0.000100  (0.1s)
    20      1.6564     0.4000     1.4912    0.4643   0.3968   0.000100  (0.1s)
    21      1.5761     0.5000     1.4434    0.4643   0.3895   0.000100  (0.1s)
    22      1.5925     0.4188     1.3863    0.5357   0.4417   0.000100  (0.1s)
    23      1.6438     0.3875     1.4018    0.5000   0.4703   0.000100  (0.1s)
    24      1.5811     0.4000     1.3541    0.3929   0.3563   0.000100  (0.1s)
    25      1.5337     0.4688     1.3429    0.4643   0.3836   0.000100  (0.1s)
    26      1.5574     0.4562     1.3481    0.4643   0.3850   0.000100  (0.1s)
    27      1.4549     0.4938     1.3746    0.4643   0.3974   0.000100  (0.1s)
    28      1.4865     0.4688     1.2426    0.5000   0.4137   0.000100  (0.1s)
    29      1.4715     0.5125     1.2653    0.5000   0.3870   0.000100  (0.1s)
    30      1.4434     0.5000     1.2293    0.5000   0.3397   0.000100  (0.1s)
    31      1.4442     0.4938     1.2751    0.3929   0.2954   0.000100  (0.1s)
    32      1.4537     0.4938     1.2637    0.5357   0.4499   0.000100  (0.1s)
    33      1.4146     0.5062     1.2100    0.5714   0.4751   0.000050  (0.1s)
    34      1.4082     0.5000     1.2013    0.6429   0.5046   0.000050  (0.1s)
    35      1.3828     0.5062     1.3095    0.4286   0.3929   0.000050  (0.1s)
    36      1.3867     0.4688     1.3219    0.4286   0.3563   0.000050  (0.1s)
    37      1.4008     0.5312     1.2473    0.4286   0.3340   0.000050  (0.1s)
    38      1.3432     0.5188     1.2637    0.4286   0.3403   0.000050  (0.1s)
    39      1.3913     0.5000     1.3721    0.3571   0.3175   0.000050  (0.1s)
    40      1.3853     0.5062     1.3173    0.4286   0.3420   0.000050  (0.1s)
    41      1.3646     0.5188     1.2323    0.4643   0.4316   0.000050  (0.1s)
    42      1.3814     0.5437     1.1484    0.6786   0.5662   0.000050  (0.1s)
    43      1.3708     0.5188     1.2344    0.4286   0.4112   0.000050  (0.0s)
    44      1.3123     0.5250     1.2309    0.5000   0.4744   0.000050  (0.1s)
    45      1.3127     0.4688     1.2040    0.5714   0.4923   0.000050  (0.1s)
    46      1.2899     0.5125     1.1735    0.6071   0.5034   0.000050  (0.1s)
    47      1.2824     0.6188     1.0727    0.6429   0.5578   0.000050  (0.1s)
    48      1.2936     0.5813     1.0699    0.6429   0.5273   0.000050  (0.1s)
    49      1.3289     0.5062     1.1639    0.5714   0.5281   0.000050  (0.1s)
    50      1.2568     0.5687     1.2306    0.5357   0.4804   0.000050  (0.1s)

Best: epoch 42, val_acc=0.6786, val_f1=0.5662
Model saved: /mnt/extended-home/fitra_dosen/2025_iris_fer_taufik/MultimodalEmoLearn/models/benchmark/jaffe_randomsplit/_tmp/fcnn.pth
    [Late_Fusion fold 7/10] macro_f1=0.7595 acc=0.7619
 Epoch  Train Loss  Train Acc   Val Loss   Val Acc   Val F1         LR
---------------------------------------------------------------------------
     1      2.0347     0.1625     1.9933    0.1429   0.0357   0.000100  (4.0s)
     2      2.0422     0.1938     2.0707    0.1429   0.0357   0.000100  (4.0s)
     3      1.9877     0.2000     2.0475    0.1071   0.0564   0.000100  (3.8s)
     4      1.9923     0.2125     1.9996    0.1429   0.0357   0.000100  (3.8s)
     5      1.9201     0.2125     1.9601    0.1429   0.0357   0.000100  (3.5s)
     6      1.9710     0.1812     1.9665    0.1786   0.0857   0.000100  (3.6s)
     7      1.8059     0.2875     1.9618    0.1429   0.0653   0.000100  (4.1s)
     8      1.8194     0.2875     1.9403    0.0714   0.0301   0.000100  (3.7s)
     9      1.7963     0.3000     1.9104    0.1429   0.0658   0.000100  (3.5s)
    10      1.7694     0.2875     1.9158    0.1429   0.0658   0.000100  (3.7s)
    11      1.7211     0.3125     1.8716    0.1786   0.0892   0.000100  (3.9s)
    12      1.6550     0.3375     1.8253    0.3214   0.2499   0.000100  (4.1s)
    13      1.5935     0.3937     1.8286    0.1429   0.0714   0.000100  (4.0s)
    14      1.5504     0.4125     1.8120    0.2500   0.1218   0.000100  (3.7s)
    15      1.5202     0.4500     1.8178    0.1786   0.0859   0.000100  (3.7s)
    16      1.4648     0.4750     1.7671    0.3214   0.2457   0.000100  (3.7s)
    17      1.5228     0.4125     1.7097    0.3929   0.3457   0.000100  (3.5s)
    18      1.4504     0.4562     1.6478    0.5357   0.4116   0.000100  (3.9s)
    19      1.4252     0.4938     1.6096    0.5714   0.5024   0.000100  (4.1s)
    20      1.3605     0.4938     1.5746    0.5714   0.5113   0.000100  (3.8s)
    21      1.3862     0.4750     1.5487    0.5714   0.3881   0.000100  (3.9s)
    22      1.3119     0.5375     1.5422    0.4643   0.3366   0.000100  (3.5s)
    23      1.2631     0.5750     1.4783    0.4643   0.3262   0.000100  (3.6s)
    24      1.2353     0.5687     1.4430    0.3929   0.2820   0.000100  (3.6s)
    25      1.2152     0.5750     1.4462    0.4643   0.3310   0.000100  (3.7s)
    26      1.1401     0.6438     1.4098    0.6071   0.4433   0.000100  (3.6s)
    27      1.1740     0.6312     1.3419    0.6786   0.5340   0.000100  (3.5s)
    28      1.0995     0.6375     1.3471    0.6429   0.5241   0.000100  (3.9s)
    29      1.0628     0.6937     1.2715    0.6429   0.5067   0.000100  (3.8s)
    30      1.0922     0.6438     1.2168    0.7500   0.6156   0.000100  (3.5s)
    31      0.9631     0.7125     1.1568    0.6786   0.5290   0.000100  (4.0s)
    32      0.9908     0.6813     1.1226    0.7857   0.7620   0.000100  (3.6s)
    33      0.9743     0.6625     1.1155    0.7857   0.7613   0.000100  (3.8s)
    34      0.9361     0.7438     1.1088    0.7143   0.6589   0.000100  (3.4s)
    35      0.8608     0.7750     1.0876    0.7500   0.6953   0.000100  (3.6s)
    36      0.7960     0.8187     1.0870    0.7857   0.7127   0.000100  (3.4s)
    37      0.8393     0.7812     1.0777    0.8571   0.8294   0.000100  (3.7s)
    38      0.8070     0.7937     1.0281    0.8571   0.7926   0.000100  (4.0s)
    39      0.8495     0.7625     0.9872    0.8571   0.7926   0.000100  (3.6s)
    40      0.7705     0.8125     0.9647    0.8571   0.7926   0.000100  (3.5s)
    41      0.6939     0.8313     0.9345    0.8571   0.7926   0.000100  (3.6s)
    42      0.6495     0.9000     0.9162    0.8214   0.7634   0.000100  (3.7s)
    43      0.7258     0.8125     0.9200    0.7857   0.6619   0.000100  (3.6s)
    44      0.6619     0.8313     0.8957    0.7500   0.6311   0.000100  (3.5s)
    45      0.6737     0.8375     0.8480    0.8214   0.7636   0.000100  (3.7s)
    46      0.6103     0.8938     0.8431    0.8571   0.7900   0.000100  (3.6s)
    47      0.6896     0.8500     0.8500    0.8571   0.7900   0.000050  (3.7s)
    48      0.6033     0.8875     0.8143    0.8571   0.7900   0.000050  (3.5s)
    49      0.6245     0.8562     0.7954    0.8571   0.7900   0.000050  (3.5s)
    50      0.6106     0.8875     0.7726    0.8571   0.7900   0.000050  (4.2s)

Best: epoch 37, val_acc=0.8571, val_f1=0.8294
Model saved: /mnt/extended-home/fitra_dosen/2025_iris_fer_taufik/MultimodalEmoLearn/models/benchmark/jaffe_randomsplit/_tmp/cnn.pth
 Epoch  Train Loss  Train Acc   Val Loss   Val Acc   Val F1         LR
---------------------------------------------------------------------------
     1      2.0887     0.1437     1.9306    0.1429   0.0357   0.000100  (0.1s)
     2      1.9866     0.1812     1.9438    0.1429   0.0357   0.000100  (0.0s)
     3      1.9766     0.1562     1.9693    0.1429   0.0357   0.000100  (0.0s)
     4      1.9411     0.1938     1.9817    0.1429   0.0357   0.000100  (0.1s)
     5      1.9482     0.2062     2.0063    0.1429   0.0357   0.000100  (0.0s)
     6      1.9370     0.1812     1.9804    0.2143   0.0959   0.000100  (0.0s)
     7      1.9287     0.1625     1.9624    0.2143   0.1136   0.000100  (0.0s)
     8      1.8960     0.2188     1.8881    0.2143   0.0987   0.000100  (0.0s)
     9      1.8903     0.1812     1.8096    0.3571   0.2088   0.000100  (0.0s)
    10      1.7888     0.3125     1.7629    0.4286   0.2474   0.000100  (0.1s)
    11      1.8240     0.2500     1.6900    0.5357   0.4439   0.000100  (0.1s)
    12      1.7966     0.2750     1.7151    0.5357   0.4136   0.000100  (0.1s)
    13      1.7377     0.3625     1.6833    0.5714   0.3612   0.000100  (0.1s)
    14      1.7402     0.3625     1.6738    0.5357   0.4219   0.000100  (0.0s)
    15      1.7279     0.3125     1.6114    0.5714   0.4436   0.000100  (0.0s)
    16      1.7423     0.3250     1.5703    0.6071   0.5023   0.000100  (0.0s)
    17      1.6619     0.3125     1.5722    0.4643   0.3244   0.000100  (0.1s)
    18      1.6869     0.3688     1.5430    0.5714   0.4349   0.000100  (0.0s)
    19      1.6308     0.3688     1.5475    0.5357   0.4043   0.000100  (0.0s)
    20      1.6431     0.3625     1.5386    0.5714   0.3578   0.000100  (0.0s)
    21      1.6080     0.4500     1.5442    0.5714   0.3659   0.000100  (0.0s)
    22      1.6137     0.3750     1.4632    0.5357   0.3690   0.000100  (0.0s)
    23      1.6046     0.3500     1.4131    0.5000   0.3092   0.000100  (0.0s)
    24      1.6393     0.3812     1.4228    0.4643   0.3309   0.000100  (0.1s)
    25      1.5966     0.3438     1.3330    0.5000   0.3516   0.000100  (0.1s)
    26      1.4903     0.4938     1.2965    0.6429   0.5272   0.000050  (0.1s)
    27      1.5220     0.4562     1.3214    0.5714   0.4409   0.000050  (0.0s)
    28      1.5313     0.4750     1.3398    0.5714   0.4488   0.000050  (0.0s)
    29      1.5123     0.4437     1.3262    0.5714   0.4488   0.000050  (0.1s)
    30      1.5458     0.3812     1.3041    0.5714   0.4524   0.000050  (0.1s)
    31      1.5249     0.4875     1.2842    0.6071   0.5041   0.000050  (0.1s)
    32      1.4782     0.4625     1.2736    0.6071   0.5041   0.000050  (0.1s)
    33      1.4518     0.4750     1.2609    0.5714   0.4734   0.000050  (0.0s)
    34      1.4677     0.4625     1.2462    0.6071   0.4965   0.000050  (0.0s)
    35      1.4129     0.5125     1.2136    0.6071   0.5063   0.000050  (0.1s)
    36      1.3794     0.5188     1.2402    0.5714   0.4565   0.000025  (0.1s)
    37      1.4211     0.5125     1.2339    0.5714   0.4565   0.000025  (0.1s)
    38      1.4695     0.4437     1.2132    0.5714   0.4565   0.000025  (0.1s)
    39      1.4138     0.5062     1.2357    0.5714   0.4524   0.000025  (0.0s)
    40      1.3950     0.5125     1.2312    0.5714   0.4524   0.000025  (0.1s)
    41      1.4363     0.5000     1.2263    0.5714   0.4607   0.000025  (0.1s)

Early stopping at epoch 41. Best epoch: 26 (val_f1=0.5272)

Best: epoch 26, val_acc=0.6429, val_f1=0.5272
Model saved: /mnt/extended-home/fitra_dosen/2025_iris_fer_taufik/MultimodalEmoLearn/models/benchmark/jaffe_randomsplit/_tmp/fcnn.pth
    [Late_Fusion fold 8/10] macro_f1=0.9071 acc=0.9048
 Epoch  Train Loss  Train Acc   Val Loss   Val Acc   Val F1         LR
---------------------------------------------------------------------------
     1      2.1198     0.1437     1.9351    0.2143   0.0504   0.000100  (4.1s)
     2      1.9984     0.1938     1.9653    0.2143   0.0504   0.000100  (4.0s)
     3      1.9613     0.1812     2.0043    0.2500   0.1107   0.000100  (3.6s)
     4      1.9683     0.1938     1.9995    0.2143   0.0504   0.000100  (4.1s)
     5      1.8786     0.2625     2.0037    0.2857   0.1388   0.000100  (3.5s)
     6      1.8964     0.2313     1.9740    0.1429   0.0624   0.000100  (3.8s)
     7      1.8493     0.2687     1.9624    0.2143   0.1286   0.000100  (3.5s)
     8      1.8496     0.2812     1.9604    0.2143   0.1322   0.000100  (4.2s)
     9      1.7855     0.3312     1.9350    0.2143   0.1954   0.000100  (4.0s)
    10      1.8063     0.2375     1.9043    0.2143   0.2078   0.000100  (3.9s)
    11      1.7175     0.3187     1.8974    0.1786   0.1690   0.000100  (3.8s)
    12      1.6426     0.3688     1.9027    0.2143   0.2115   0.000100  (3.7s)
    13      1.6099     0.3812     1.8723    0.2500   0.2379   0.000100  (3.9s)
    14      1.5618     0.4000     1.8279    0.2857   0.2611   0.000100  (4.0s)
    15      1.5413     0.4500     1.8195    0.2143   0.2051   0.000100  (4.0s)
    16      1.4778     0.4250     1.7969    0.1429   0.1173   0.000100  (3.5s)
    17      1.5156     0.4250     1.7424    0.2143   0.2170   0.000100  (3.5s)
    18      1.4513     0.4688     1.6928    0.3214   0.3983   0.000100  (3.4s)
    19      1.4239     0.5062     1.7006    0.2500   0.3010   0.000100  (4.0s)
    20      1.4058     0.4813     1.6721    0.3571   0.3658   0.000100  (3.4s)
    21      1.4642     0.4313     1.6337    0.3929   0.3937   0.000100  (3.6s)
    22      1.3475     0.5000     1.5838    0.5000   0.4606   0.000100  (3.5s)
    23      1.3259     0.5563     1.5442    0.4643   0.4081   0.000100  (3.7s)
    24      1.2600     0.5750     1.5613    0.3571   0.3416   0.000100  (4.0s)
    25      1.1995     0.6000     1.5440    0.3929   0.3586   0.000100  (3.6s)
    26      1.2367     0.5938     1.5175    0.4286   0.4662   0.000100  (3.6s)
    27      1.2299     0.5938     1.4721    0.5000   0.5079   0.000100  (4.0s)
    28      1.1595     0.6250     1.4425    0.5000   0.5079   0.000100  (4.0s)
    29      1.1212     0.6438     1.3895    0.5357   0.5052   0.000100  (3.4s)
    30      1.1582     0.6125     1.3434    0.5714   0.5049   0.000100  (3.7s)
    31      0.9954     0.7125     1.3214    0.6429   0.6041   0.000100  (3.6s)
    32      1.0128     0.6937     1.2618    0.6071   0.6046   0.000100  (3.7s)
    33      1.0300     0.6438     1.2057    0.6071   0.6367   0.000100  (3.8s)
    34      0.9640     0.7188     1.1931    0.6071   0.6256   0.000100  (3.7s)
    35      0.9550     0.7375     1.1636    0.5714   0.5816   0.000100  (3.6s)
    36      0.8869     0.7500     1.1583    0.6071   0.6413   0.000100  (3.7s)
    37      0.8755     0.7688     1.1382    0.6429   0.6599   0.000100  (4.0s)
    38      0.8749     0.7688     1.0697    0.7143   0.7079   0.000100  (3.8s)
    39      0.9089     0.6937     1.0401    0.7500   0.7372   0.000100  (4.0s)
    40      0.8888     0.7438     1.0359    0.7500   0.7342   0.000100  (4.1s)
    41      0.7189     0.8375     1.0032    0.7500   0.7342   0.000100  (3.7s)
    42      0.7270     0.8000     0.9639    0.7857   0.7619   0.000100  (3.7s)
    43      0.7560     0.7875     0.9449    0.8214   0.7924   0.000100  (4.3s)
    44      0.6907     0.8438     0.9311    0.7857   0.7581   0.000100  (4.1s)
    45      0.7169     0.8375     0.9474    0.7500   0.7319   0.000100  (3.7s)
    46      0.6653     0.8438     0.9380    0.7857   0.7745   0.000100  (3.6s)
    47      0.7050     0.8063     0.8846    0.7857   0.7632   0.000100  (3.6s)
    48      0.6486     0.8688     0.8484    0.7857   0.7718   0.000100  (3.6s)
    49      0.6456     0.8688     0.8212    0.8214   0.8197   0.000100  (3.7s)
    50      0.6665     0.8375     0.8348    0.7857   0.7721   0.000100  (4.1s)

Best: epoch 49, val_acc=0.8214, val_f1=0.8197
Model saved: /mnt/extended-home/fitra_dosen/2025_iris_fer_taufik/MultimodalEmoLearn/models/benchmark/jaffe_randomsplit/_tmp/cnn.pth
 Epoch  Train Loss  Train Acc   Val Loss   Val Acc   Val F1         LR
---------------------------------------------------------------------------
     1      2.0224     0.1938     1.9732    0.0714   0.0190   0.000100  (0.1s)
     2      1.9887     0.1688     2.0012    0.0714   0.0190   0.000100  (0.0s)
     3      1.9238     0.1938     2.0142    0.0714   0.0190   0.000100  (0.1s)
     4      1.9372     0.1875     2.0230    0.0714   0.0190   0.000100  (0.1s)
     5      1.9950     0.1250     2.0159    0.0714   0.0190   0.000100  (0.0s)
     6      1.9291     0.2000     2.0075    0.0714   0.0212   0.000100  (0.0s)
     7      1.9512     0.2313     2.0027    0.0357   0.0179   0.000100  (0.0s)
     8      1.8630     0.2437     1.9286    0.1071   0.1253   0.000100  (0.0s)
     9      1.9220     0.2250     1.8343    0.2500   0.2240   0.000100  (0.1s)
    10      1.7924     0.3187     1.7581    0.4286   0.3620   0.000100  (0.1s)
    11      1.8164     0.2938     1.6856    0.4286   0.3923   0.000100  (0.0s)
    12      1.8107     0.3250     1.6435    0.4286   0.3549   0.000100  (0.1s)
    13      1.7536     0.3312     1.6289    0.4286   0.3216   0.000100  (0.0s)
    14      1.7258     0.3375     1.6308    0.5357   0.4137   0.000100  (0.0s)
    15      1.7710     0.2875     1.6623    0.3929   0.3080   0.000100  (0.0s)
    16      1.7232     0.3375     1.5966    0.5000   0.4692   0.000100  (0.0s)
    17      1.6969     0.4062     1.5756    0.5000   0.3661   0.000100  (0.0s)
    18      1.6687     0.3063     1.5544    0.5357   0.5052   0.000100  (0.0s)
    19      1.6130     0.4125     1.5464    0.5000   0.4795   0.000100  (0.1s)
    20      1.6572     0.3688     1.5140    0.5000   0.4335   0.000100  (0.0s)
    21      1.6126     0.4625     1.4281    0.5000   0.3931   0.000100  (0.0s)
    22      1.6279     0.3812     1.4336    0.4286   0.3334   0.000100  (0.0s)
    23      1.6003     0.4375     1.4269    0.4286   0.3246   0.000100  (0.1s)
    24      1.5956     0.4500     1.4030    0.5000   0.3391   0.000100  (0.0s)
    25      1.5455     0.4625     1.3135    0.5357   0.4417   0.000100  (0.0s)
    26      1.5025     0.4750     1.3382    0.4643   0.4082   0.000100  (0.0s)
    27      1.4722     0.5125     1.4218    0.5000   0.3836   0.000100  (0.0s)
    28      1.4872     0.4625     1.3477    0.5714   0.5366   0.000050  (0.0s)
    29      1.4586     0.5000     1.3473    0.5000   0.4361   0.000050  (0.0s)
    30      1.4957     0.4437     1.3232    0.4643   0.3565   0.000050  (0.1s)
    31      1.4509     0.4750     1.2869    0.5000   0.4745   0.000050  (0.1s)
    32      1.5300     0.4500     1.2705    0.5357   0.4727   0.000050  (0.1s)
    33      1.4501     0.4562     1.3076    0.5357   0.5244   0.000050  (0.1s)
    34      1.4003     0.5375     1.2816    0.6071   0.6237   0.000050  (0.1s)
    35      1.3581     0.5250     1.3175    0.5357   0.5517   0.000050  (0.0s)
    36      1.3898     0.5312     1.2853    0.5357   0.5279   0.000050  (0.0s)
    37      1.3404     0.5813     1.2406    0.5357   0.5279   0.000050  (0.1s)
    38      1.4368     0.5125     1.2143    0.5714   0.5714   0.000050  (0.1s)
    39      1.4614     0.4938     1.2081    0.6071   0.5895   0.000050  (0.1s)
    40      1.3773     0.5250     1.1844    0.6071   0.5819   0.000050  (0.0s)
    41      1.3837     0.4688     1.1595    0.5714   0.5057   0.000050  (0.1s)
    42      1.3863     0.4938     1.1584    0.5714   0.5109   0.000050  (0.1s)
    43      1.4072     0.4938     1.2066    0.5714   0.5472   0.000050  (0.0s)
    44      1.3264     0.5625     1.1998    0.5357   0.5349   0.000025  (0.1s)
    45      1.3125     0.5062     1.2161    0.5000   0.4779   0.000025  (0.1s)
    46      1.3347     0.5062     1.2151    0.5000   0.4779   0.000025  (0.1s)
    47      1.3461     0.5312     1.2100    0.5000   0.4779   0.000025  (0.1s)
    48      1.3436     0.5375     1.2005    0.5000   0.4779   0.000025  (0.1s)
    49      1.3641     0.5500     1.2030    0.5000   0.4779   0.000025  (0.1s)

Early stopping at epoch 49. Best epoch: 34 (val_f1=0.6237)

Best: epoch 34, val_acc=0.6071, val_f1=0.6237
Model saved: /mnt/extended-home/fitra_dosen/2025_iris_fer_taufik/MultimodalEmoLearn/models/benchmark/jaffe_randomsplit/_tmp/fcnn.pth
    [Late_Fusion fold 9/10] macro_f1=0.9510 acc=0.9524
 Epoch  Train Loss  Train Acc   Val Loss   Val Acc   Val F1         LR
---------------------------------------------------------------------------
     1      2.0713     0.1313     1.9752    0.1786   0.0433   0.000100  (4.1s)
     2      1.9830     0.1437     2.0081    0.1071   0.0276   0.000100  (4.1s)
     3      1.9665     0.1875     2.0099    0.1071   0.0276   0.000100  (3.7s)
     4      1.9096     0.2437     1.9919    0.1071   0.0276   0.000100  (3.5s)
     5      1.8794     0.2750     1.9575    0.1429   0.0624   0.000100  (3.6s)
     6      1.8642     0.2500     1.9373    0.0714   0.0260   0.000100  (4.0s)
     7      1.7551     0.3063     1.9106    0.1071   0.0556   0.000100  (3.5s)
     8      1.8516     0.2687     1.8889    0.2143   0.1551   0.000100  (3.5s)
     9      1.8015     0.2875     1.8737    0.1429   0.1074   0.000100  (3.9s)
    10      1.7872     0.3375     1.8546    0.1429   0.0726   0.000100  (3.7s)
    11      1.7257     0.3063     1.8529    0.1786   0.0861   0.000100  (3.8s)
    12      1.6803     0.3438     1.8486    0.1429   0.0977   0.000100  (3.7s)
    13      1.5443     0.4437     1.8292    0.1071   0.0992   0.000100  (3.7s)
    14      1.5722     0.4000     1.8182    0.1071   0.0889   0.000100  (3.6s)
    15      1.5858     0.4313     1.8236    0.0357   0.0190   0.000100  (3.6s)
    16      1.4963     0.4625     1.7737    0.1786   0.1177   0.000100  (3.6s)
    17      1.4239     0.4625     1.7243    0.2143   0.2141   0.000100  (3.5s)
    18      1.4385     0.4562     1.6805    0.2143   0.1710   0.000100  (3.8s)
    19      1.4679     0.4625     1.6513    0.2500   0.1527   0.000100  (3.6s)
    20      1.3863     0.4625     1.6604    0.3571   0.3829   0.000100  (3.7s)
    21      1.3875     0.4813     1.6292    0.2143   0.2119   0.000100  (3.9s)
    22      1.3243     0.5375     1.6261    0.1786   0.1596   0.000100  (3.7s)
    23      1.3765     0.4750     1.5824    0.2857   0.2294   0.000100  (3.7s)
    24      1.2895     0.5437     1.5650    0.2857   0.2786   0.000100  (3.5s)
    25      1.2107     0.6188     1.5405    0.2857   0.2786   0.000100  (3.7s)
    26      1.2288     0.5563     1.5002    0.2857   0.2817   0.000100  (3.6s)
    27      1.2322     0.5125     1.4386    0.4286   0.4175   0.000100  (3.4s)
    28      1.1323     0.5938     1.4023    0.4643   0.4362   0.000100  (3.7s)
    29      1.0862     0.6500     1.3722    0.4643   0.4520   0.000100  (4.4s)
    30      1.0948     0.7063     1.3265    0.5357   0.4960   0.000100  (3.8s)
    31      1.0054     0.6875     1.2899    0.5357   0.5101   0.000100  (3.9s)
    32      1.0685     0.6250     1.2531    0.5714   0.5429   0.000100  (4.0s)
    33      0.9704     0.7188     1.2038    0.5357   0.5222   0.000100  (4.4s)
    34      0.9315     0.7500     1.1536    0.5357   0.5155   0.000100  (3.6s)
    35      0.9348     0.6937     1.1291    0.5357   0.5325   0.000100  (3.6s)
    36      0.8718     0.7750     1.1445    0.5714   0.5651   0.000100  (3.4s)
    37      0.8399     0.7688     1.1357    0.5714   0.5689   0.000100  (4.2s)
    38      0.8442     0.7625     1.1049    0.6786   0.6905   0.000100  (4.0s)
    39      0.8443     0.7875     1.0871    0.5714   0.5981   0.000100  (3.9s)
    40      0.7673     0.8063     1.0524    0.6429   0.6375   0.000100  (3.6s)
    41      0.7068     0.8438     1.0228    0.6429   0.6375   0.000100  (3.7s)
    42      0.6708     0.8500     0.9952    0.7143   0.7129   0.000100  (3.6s)
    43      0.7265     0.8562     0.9891    0.6786   0.6778   0.000100  (4.0s)
    44      0.6723     0.8500     0.9734    0.6071   0.6192   0.000100  (3.4s)
    45      0.7015     0.7937     0.9540    0.6786   0.6877   0.000100  (3.4s)
    46      0.6168     0.9000     0.8984    0.6786   0.6877   0.000100  (3.5s)
    47      0.6486     0.8562     0.8852    0.7143   0.7129   0.000100  (3.4s)
    48      0.6018     0.8562     0.8760    0.7143   0.6958   0.000100  (3.6s)
    49      0.6416     0.8500     0.8940    0.7143   0.7129   0.000100  (3.4s)
    50      0.6070     0.8500     0.8696    0.6786   0.6744   0.000100  (3.4s)

Best: epoch 42, val_acc=0.7143, val_f1=0.7129
Model saved: /mnt/extended-home/fitra_dosen/2025_iris_fer_taufik/MultimodalEmoLearn/models/benchmark/jaffe_randomsplit/_tmp/cnn.pth
 Epoch  Train Loss  Train Acc   Val Loss   Val Acc   Val F1         LR
---------------------------------------------------------------------------
     1      2.0528     0.1812     1.9672    0.0714   0.0190   0.000100  (0.0s)
     2      2.0320     0.1250     2.0051    0.0714   0.0190   0.000100  (0.0s)
     3      1.9707     0.1625     2.0415    0.0714   0.0190   0.000100  (0.1s)
     4      1.9198     0.2250     2.0521    0.0714   0.0190   0.000100  (0.0s)
     5      1.9298     0.2125     2.0594    0.0714   0.0190   0.000100  (0.0s)
     6      1.9099     0.2437     2.0474    0.1071   0.0696   0.000100  (0.0s)
     7      1.8818     0.2062     2.0550    0.0714   0.0204   0.000100  (0.0s)
     8      1.8297     0.3000     1.9595    0.1786   0.1760   0.000100  (0.0s)
     9      1.8558     0.2750     1.9111    0.1786   0.1704   0.000100  (0.1s)
    10      1.7984     0.2812     1.8283    0.2143   0.2056   0.000100  (0.1s)
    11      1.7832     0.3250     1.6989    0.5000   0.4456   0.000100  (0.0s)
    12      1.7763     0.3125     1.6884    0.4286   0.3443   0.000100  (0.1s)
    13      1.7218     0.3187     1.6266    0.4286   0.3523   0.000100  (0.1s)
    14      1.6932     0.3875     1.6717    0.3571   0.3071   0.000100  (0.1s)
    15      1.7264     0.3375     1.6493    0.3571   0.3333   0.000100  (0.1s)
    16      1.6886     0.3375     1.5864    0.3929   0.3630   0.000100  (0.1s)
    17      1.7036     0.3625     1.6204    0.3571   0.3264   0.000100  (0.1s)
    18      1.6878     0.3875     1.5992    0.3929   0.3398   0.000100  (0.1s)
    19      1.6805     0.3688     1.5143    0.4286   0.3685   0.000100  (0.1s)
    20      1.5992     0.4062     1.4893    0.5000   0.3771   0.000100  (0.1s)
    21      1.5885     0.4188     1.5095    0.4286   0.3378   0.000050  (0.1s)
    22      1.5910     0.4500     1.4870    0.4286   0.3340   0.000050  (0.0s)
    23      1.6456     0.3812     1.4591    0.4643   0.3561   0.000050  (0.0s)
    24      1.6412     0.3875     1.4304    0.4643   0.3663   0.000050  (0.0s)
    25      1.5769     0.4188     1.4108    0.4643   0.3663   0.000050  (0.1s)
    26      1.4961     0.4750     1.4063    0.5000   0.4667   0.000050  (0.1s)
    27      1.5213     0.4938     1.4191    0.5000   0.4429   0.000050  (0.1s)
    28      1.5745     0.4375     1.3704    0.5000   0.4303   0.000050  (0.1s)
    29      1.5535     0.4250     1.3655    0.5000   0.3714   0.000050  (0.1s)
    30      1.5675     0.4562     1.3528    0.4286   0.3211   0.000050  (0.0s)
    31      1.5697     0.4625     1.3495    0.5000   0.4178   0.000050  (0.1s)
    32      1.5599     0.4062     1.3657    0.4286   0.3361   0.000050  (0.1s)
    33      1.4869     0.4562     1.3756    0.4286   0.3333   0.000050  (0.1s)
    34      1.4870     0.5062     1.3817    0.4643   0.3673   0.000050  (0.1s)
    35      1.4343     0.5250     1.4051    0.4643   0.3633   0.000050  (0.1s)
    36      1.4578     0.5188     1.3890    0.5000   0.4704   0.000025  (0.1s)
    37      1.4595     0.4625     1.3638    0.5000   0.4609   0.000025  (0.1s)
    38      1.4889     0.4188     1.3331    0.5000   0.4599   0.000025  (0.1s)
    39      1.4807     0.4500     1.3575    0.4643   0.4116   0.000025  (0.1s)
    40      1.4906     0.5000     1.3742    0.5000   0.4704   0.000025  (0.0s)
    41      1.4696     0.4437     1.3646    0.4643   0.4211   0.000025  (0.0s)
    42      1.4174     0.5437     1.3413    0.4643   0.4068   0.000025  (0.1s)
    43      1.4618     0.5000     1.3584    0.5000   0.4704   0.000025  (0.0s)
    44      1.4021     0.4813     1.3239    0.5000   0.4466   0.000025  (0.0s)
    45      1.4170     0.4813     1.3334    0.5000   0.4592   0.000025  (0.0s)
    46      1.4347     0.5125     1.3581    0.4643   0.3731   0.000013  (0.1s)
    47      1.4114     0.5250     1.3653    0.4643   0.3731   0.000013  (0.1s)
    48      1.3804     0.4938     1.3741    0.4643   0.3731   0.000013  (0.1s)
    49      1.4587     0.4938     1.3942    0.4286   0.3476   0.000013  (0.1s)
    50      1.3766     0.5687     1.3678    0.4643   0.3731   0.000013  (0.1s)

Best: epoch 36, val_acc=0.5000, val_f1=0.4704
Model saved: /mnt/extended-home/fitra_dosen/2025_iris_fer_taufik/MultimodalEmoLearn/models/benchmark/jaffe_randomsplit/_tmp/fcnn.pth
    [Late_Fusion fold 10/10] macro_f1=0.7558 acc=0.7619
  Late_Fusion        macro_f1=0.7722±0.1105  acc=0.7898±0.0937
  saved /mnt/extended-home/fitra_dosen/2025_iris_fer_taufik/MultimodalEmoLearn/models/benchmark/jaffe_randomsplit/jaffe_7c_cv10_results.json

Done.
