[2026-05-17T11:59:20+07:00] Supervisor: waiting for all chain wrappers (1209680 1687476 1688999 1682398 1687537 1689099 1708586) to finish...
[2026-05-17T16:15:21+07:00] PID 1209680 finished
[2026-05-17T16:58:21+07:00] PID 1687476 finished
[2026-05-17T16:59:21+07:00] PID 1688999 finished
[2026-05-17T22:51:22+07:00] PID 1682398 finished
[2026-05-19T02:13:26+07:00] PID 1687537 finished
[2026-05-19T14:41:40+07:00] PID 1689099 finished
[2026-05-19T14:42:40+07:00] PID 1708586 finished
[2026-05-19T14:42:40+07:00] All chains done. Starting supervisor audit + retry pass.

###################################################################
### SUPERVISOR PASS: audit + retry semua sweep spec ###
###################################################################
[retry_run] Attempt 1/3: CUDA_VISIBLE_DEVICES=2 /mnt/extended-home/fitra_dosen/2025_iris_fer_taufik/miniconda3/envs/2025_iris_fer_taufik/bin/python -u scripts/compute_late_fusion_unified.py --landmark-features raw_136 --landmark-sources mediapipe --scenarios b1 b2 b3 --classes 3 7
Device: cuda
DATA_DIR: /mnt/extended-home/fitra_dosen/2025_iris_fer_taufik/MultimodalEmoLearn/data/dataset_frontonly_conf60
Output prefix: /mnt/extended-home/fitra_dosen/2025_iris_fer_taufik/MultimodalEmoLearn/models/frontonly_conf60
Cache dir: /mnt/extended-home/fitra_dosen/2025_iris_fer_taufik/MultimodalEmoLearn/models/frontonly_conf60/late_fusion_cache

[3c × scratch × B1] Image branch
  [cache hit] cnn_scratch_b1_3c

[3c × scratch × B2] Image branch
  [cache hit] cnn_scratch_b2_3c

[3c × scratch × B3] Image branch
  [cache hit] cnn_scratch_b3_3c

[3c × tl × B1] Image branch
  [cache hit] cnn_tl_b1_3c

[3c × tl × B2] Image branch
  [cache hit] cnn_tl_b2_3c

[3c × tl × B3] Image branch
  [cache hit] cnn_tl_b3_3c

[3c × raw_136/mediapipe × B1] Landmark branch
  [cache hit] fcnn_raw_136_mp_b1_3c

[3c × raw_136/mediapipe × B2] Landmark branch
  [cache hit] fcnn_raw_136_mp_b2_3c

[3c × raw_136/mediapipe × B3] Landmark branch
  [cache hit] fcnn_raw_136_mp_b3_3c

  [3c × scratch × raw_136/mediapipe × B1] Computing late fusion weight sweep...
  best_w_image=0.95  val_mf1=0.5669  TEST mf1=0.4962  wf1=0.7655  acc=0.7966

  [3c × scratch × raw_136/mediapipe × B2] Computing late fusion weight sweep...
  best_w_image=0.75  val_mf1=0.5517  TEST mf1=0.4725  wf1=0.6545  acc=0.6297

  [3c × scratch × raw_136/mediapipe × B3] Computing late fusion weight sweep...
  best_w_image=0.80  val_mf1=0.5866  TEST mf1=0.5974  wf1=0.7589  acc=0.7449

  [3c × tl × raw_136/mediapipe × B1] Computing late fusion weight sweep...
  best_w_image=0.00  val_mf1=0.5010  TEST mf1=0.5087  wf1=0.7867  acc=0.8202

  [3c × tl × raw_136/mediapipe × B2] Computing late fusion weight sweep...
  best_w_image=0.80  val_mf1=0.5499  TEST mf1=0.7090  wf1=0.8329  acc=0.8181

  [3c × tl × raw_136/mediapipe × B3] Computing late fusion weight sweep...
  best_w_image=0.60  val_mf1=0.6167  TEST mf1=0.7067  wf1=0.8190  acc=0.8041

[7c × scratch × B1] Image branch
  [cache hit] cnn_scratch_b1_7c

[7c × scratch × B2] Image branch
  [cache hit] cnn_scratch_b2_7c

[7c × scratch × B3] Image branch
  [cache hit] cnn_scratch_b3_7c

[7c × tl × B1] Image branch
  [cache hit] cnn_tl_b1_7c

[7c × tl × B2] Image branch
  [cache hit] cnn_tl_b2_7c

[7c × tl × B3] Image branch
  [cache hit] cnn_tl_b3_7c

[7c × raw_136/mediapipe × B1] Landmark branch
  [cache hit] fcnn_raw_136_mp_b1_7c

[7c × raw_136/mediapipe × B2] Landmark branch
  [cache hit] fcnn_raw_136_mp_b2_7c

[7c × raw_136/mediapipe × B3] Landmark branch
  [cache hit] fcnn_raw_136_mp_b3_7c

  [7c × scratch × raw_136/mediapipe × B1] Computing late fusion weight sweep...
  best_w_image=0.10  val_mf1=0.2507  TEST mf1=0.2338  wf1=0.7746  acc=0.7858

  [7c × scratch × raw_136/mediapipe × B2] Computing late fusion weight sweep...
  best_w_image=0.00  val_mf1=0.2264  TEST mf1=0.1827  wf1=0.6768  acc=0.6416

  [7c × scratch × raw_136/mediapipe × B3] Computing late fusion weight sweep...
  best_w_image=0.25  val_mf1=0.2832  TEST mf1=0.2551  wf1=0.7676  acc=0.7330

  [7c × tl × raw_136/mediapipe × B1] Computing late fusion weight sweep...
  best_w_image=0.05  val_mf1=0.2505  TEST mf1=0.2325  wf1=0.7738  acc=0.7804

  [7c × tl × raw_136/mediapipe × B2] Computing late fusion weight sweep...
  best_w_image=0.55  val_mf1=0.2523  TEST mf1=0.2828  wf1=0.8122  acc=0.7804

  [7c × tl × raw_136/mediapipe × B3] Computing late fusion weight sweep...
  best_w_image=0.90  val_mf1=0.2936  TEST mf1=0.2902  wf1=0.8030  acc=0.7890
Saved: /mnt/extended-home/fitra_dosen/2025_iris_fer_taufik/MultimodalEmoLearn/models/frontonly_conf60/3class/Unified/fusion_late_scratch/results.json
Saved: /mnt/extended-home/fitra_dosen/2025_iris_fer_taufik/MultimodalEmoLearn/models/frontonly_conf60/3class/Unified/fusion_late_tl/results.json
Saved: /mnt/extended-home/fitra_dosen/2025_iris_fer_taufik/MultimodalEmoLearn/models/frontonly_conf60/7class/Unified/fusion_late_scratch/results.json
Saved: /mnt/extended-home/fitra_dosen/2025_iris_fer_taufik/MultimodalEmoLearn/models/frontonly_conf60/7class/Unified/fusion_late_tl/results.json

====================================================================================================
SUMMARY: Late Fusion Unified Protocol macro_f1
====================================================================================================
  scheme  variant   feature             source            B1        B2        B3
  3c     scratch   raw_136             mediapipe     0.4962    0.4725    0.5974
  3c     tl        raw_136             mediapipe     0.5087    0.7090    0.7067
  7c     scratch   raw_136             mediapipe     0.2338    0.1827    0.2551
  7c     tl        raw_136             mediapipe     0.2325    0.2828    0.2902
[retry_run] ✅ Succeeded on attempt 1
[retry_run] Attempt 1/3: CUDA_VISIBLE_DEVICES=2 /mnt/extended-home/fitra_dosen/2025_iris_fer_taufik/miniconda3/envs/2025_iris_fer_taufik/bin/python -u scripts/compute_late_fusion_unified.py --landmark-features raw_136 facs_28 blendshape_52 facs_plus_bs_80 --landmark-sources mediapipe faceapi --scenarios b1 b2 b3 --classes 3 7
Device: cuda
DATA_DIR: /mnt/extended-home/fitra_dosen/2025_iris_fer_taufik/MultimodalEmoLearn/data/dataset_frontonly_conf60
Output prefix: /mnt/extended-home/fitra_dosen/2025_iris_fer_taufik/MultimodalEmoLearn/models/frontonly_conf60
Cache dir: /mnt/extended-home/fitra_dosen/2025_iris_fer_taufik/MultimodalEmoLearn/models/frontonly_conf60/late_fusion_cache

[3c × scratch × B1] Image branch
  [cache hit] cnn_scratch_b1_3c

[3c × scratch × B2] Image branch
  [cache hit] cnn_scratch_b2_3c

[3c × scratch × B3] Image branch
  [cache hit] cnn_scratch_b3_3c

[3c × tl × B1] Image branch
  [cache hit] cnn_tl_b1_3c

[3c × tl × B2] Image branch
  [cache hit] cnn_tl_b2_3c

[3c × tl × B3] Image branch
  [cache hit] cnn_tl_b3_3c

[3c × raw_136/mediapipe × B1] Landmark branch
  [cache hit] fcnn_raw_136_mp_b1_3c

[3c × raw_136/mediapipe × B2] Landmark branch
  [cache hit] fcnn_raw_136_mp_b2_3c

[3c × raw_136/mediapipe × B3] Landmark branch
  [cache hit] fcnn_raw_136_mp_b3_3c

  [3c × scratch × raw_136/mediapipe × B1] Computing late fusion weight sweep...
  best_w_image=0.95  val_mf1=0.5669  TEST mf1=0.4962  wf1=0.7655  acc=0.7966

  [3c × scratch × raw_136/mediapipe × B2] Computing late fusion weight sweep...
  best_w_image=0.75  val_mf1=0.5517  TEST mf1=0.4725  wf1=0.6545  acc=0.6297

  [3c × scratch × raw_136/mediapipe × B3] Computing late fusion weight sweep...
  best_w_image=0.80  val_mf1=0.5866  TEST mf1=0.5974  wf1=0.7589  acc=0.7449

  [3c × tl × raw_136/mediapipe × B1] Computing late fusion weight sweep...
  best_w_image=0.00  val_mf1=0.5010  TEST mf1=0.5087  wf1=0.7867  acc=0.8202

  [3c × tl × raw_136/mediapipe × B2] Computing late fusion weight sweep...
  best_w_image=0.80  val_mf1=0.5499  TEST mf1=0.7090  wf1=0.8329  acc=0.8181

  [3c × tl × raw_136/mediapipe × B3] Computing late fusion weight sweep...
  best_w_image=0.60  val_mf1=0.6167  TEST mf1=0.7067  wf1=0.8190  acc=0.8041

[3c × raw_136/faceapi × B1] Landmark branch
  [cache hit] fcnn_raw_136_fa_b1_3c

[3c × raw_136/faceapi × B2] Landmark branch
  [cache hit] fcnn_raw_136_fa_b2_3c

[3c × raw_136/faceapi × B3] Landmark branch
  [cache hit] fcnn_raw_136_fa_b3_3c

  [3c × scratch × raw_136/faceapi × B1] Computing late fusion weight sweep...
  best_w_image=0.00  val_mf1=0.7370  TEST mf1=0.7119  wf1=0.8451  acc=0.8471

  [3c × scratch × raw_136/faceapi × B2] Computing late fusion weight sweep...
  best_w_image=0.50  val_mf1=0.7037  TEST mf1=0.7131  wf1=0.8320  acc=0.8127

  [3c × scratch × raw_136/faceapi × B3] Computing late fusion weight sweep...
  best_w_image=0.05  val_mf1=0.7245  TEST mf1=0.6992  wf1=0.8417  acc=0.8095

  [3c × tl × raw_136/faceapi × B1] Computing late fusion weight sweep...
  best_w_image=0.00  val_mf1=0.7370  TEST mf1=0.7119  wf1=0.8451  acc=0.8471

  [3c × tl × raw_136/faceapi × B2] Computing late fusion weight sweep...
  best_w_image=0.50  val_mf1=0.7104  TEST mf1=0.7482  wf1=0.8686  acc=0.8558

  [3c × tl × raw_136/faceapi × B3] Computing late fusion weight sweep...
  best_w_image=0.20  val_mf1=0.7267  TEST mf1=0.7525  wf1=0.8806  acc=0.8644

[3c × facs_28/mediapipe × B1] Landmark branch
  [cache hit] fcnn_facs_28_mp_b1_3c

[3c × facs_28/mediapipe × B2] Landmark branch
  [cache hit] fcnn_facs_28_mp_b2_3c

[3c × facs_28/mediapipe × B3] Landmark branch
  [cache hit] fcnn_facs_28_mp_b3_3c

  [3c × scratch × facs_28/mediapipe × B1] Computing late fusion weight sweep...
  best_w_image=0.10  val_mf1=0.5686  TEST mf1=0.5877  wf1=0.7620  acc=0.7460

  [3c × scratch × facs_28/mediapipe × B2] Computing late fusion weight sweep...
  best_w_image=0.65  val_mf1=0.5832  TEST mf1=0.5849  wf1=0.7542  acc=0.7374

  [3c × scratch × facs_28/mediapipe × B3] Computing late fusion weight sweep...
  best_w_image=0.85  val_mf1=0.5717  TEST mf1=0.6218  wf1=0.7783  acc=0.7664

  [3c × tl × facs_28/mediapipe × B1] Computing late fusion weight sweep...
  best_w_image=0.00  val_mf1=0.5594  TEST mf1=0.5594  wf1=0.7314  acc=0.7061

  [3c × tl × facs_28/mediapipe × B2] Computing late fusion weight sweep...
  best_w_image=0.60  val_mf1=0.5482  TEST mf1=0.7042  wf1=0.8296  acc=0.8159

  [3c × tl × facs_28/mediapipe × B3] Computing late fusion weight sweep...
  best_w_image=0.75  val_mf1=0.6047  TEST mf1=0.7106  wf1=0.8282  acc=0.8138

[3c × facs_28/faceapi × B1] Landmark branch
  [cache hit] fcnn_facs_28_fa_b1_3c

[3c × facs_28/faceapi × B2] Landmark branch
  [cache hit] fcnn_facs_28_fa_b2_3c

[3c × facs_28/faceapi × B3] Landmark branch
  [cache hit] fcnn_facs_28_fa_b3_3c

  [3c × scratch × facs_28/faceapi × B1] Computing late fusion weight sweep...
  best_w_image=0.05  val_mf1=0.7321  TEST mf1=0.7604  wf1=0.8896  acc=0.8881

  [3c × scratch × facs_28/faceapi × B2] Computing late fusion weight sweep...
  best_w_image=0.00  val_mf1=0.7705  TEST mf1=0.7489  wf1=0.8622  acc=0.8536

  [3c × scratch × facs_28/faceapi × B3] Computing late fusion weight sweep...
  best_w_image=0.05  val_mf1=0.7720  TEST mf1=0.7489  wf1=0.8622  acc=0.8536

  [3c × tl × facs_28/faceapi × B1] Computing late fusion weight sweep...
  best_w_image=0.05  val_mf1=0.7344  TEST mf1=0.7604  wf1=0.8914  acc=0.8891

  [3c × tl × facs_28/faceapi × B2] Computing late fusion weight sweep...
  best_w_image=0.00  val_mf1=0.7705  TEST mf1=0.7489  wf1=0.8622  acc=0.8536

  [3c × tl × facs_28/faceapi × B3] Computing late fusion weight sweep...
  best_w_image=0.00  val_mf1=0.7705  TEST mf1=0.7489  wf1=0.8622  acc=0.8536

[3c × blendshape_52/mediapipe × B1] Landmark branch
  [cache hit] fcnn_blendshape_52_mp_b1_3c

[3c × blendshape_52/mediapipe × B2] Landmark branch
  [cache hit] fcnn_blendshape_52_mp_b2_3c

[3c × blendshape_52/mediapipe × B3] Landmark branch
  [cache hit] fcnn_blendshape_52_mp_b3_3c

  [3c × scratch × blendshape_52/mediapipe × B1] Computing late fusion weight sweep...
  best_w_image=0.95  val_mf1=0.5686  TEST mf1=0.5042  wf1=0.7719  acc=0.8019

  [3c × scratch × blendshape_52/mediapipe × B2] Computing late fusion weight sweep...
  best_w_image=0.50  val_mf1=0.6112  TEST mf1=0.6237  wf1=0.7887  acc=0.7761

  [3c × scratch × blendshape_52/mediapipe × B3] Computing late fusion weight sweep...
  best_w_image=0.25  val_mf1=0.6230  TEST mf1=0.6620  wf1=0.8001  acc=0.7847

  [3c × tl × blendshape_52/mediapipe × B1] Computing late fusion weight sweep...
  best_w_image=0.00  val_mf1=0.5249  TEST mf1=0.5713  wf1=0.8015  acc=0.8192

  [3c × tl × blendshape_52/mediapipe × B2] Computing late fusion weight sweep...
  best_w_image=0.30  val_mf1=0.6098  TEST mf1=0.6868  wf1=0.8170  acc=0.8030

  [3c × tl × blendshape_52/mediapipe × B3] Computing late fusion weight sweep...
  best_w_image=0.35  val_mf1=0.6244  TEST mf1=0.6927  wf1=0.8229  acc=0.8084
  SKIP combo: feature=blendshape_52 × source=faceapi (blendshape MP-only)

[3c × facs_plus_bs_80/mediapipe × B1] Landmark branch
  [cache hit] fcnn_facs_plus_bs_80_mp_b1_3c

[3c × facs_plus_bs_80/mediapipe × B2] Landmark branch
  [cache hit] fcnn_facs_plus_bs_80_mp_b2_3c

[3c × facs_plus_bs_80/mediapipe × B3] Landmark branch
  [cache hit] fcnn_facs_plus_bs_80_mp_b3_3c

  [3c × scratch × facs_plus_bs_80/mediapipe × B1] Computing late fusion weight sweep...
  best_w_image=0.95  val_mf1=0.5669  TEST mf1=0.5167  wf1=0.7767  acc=0.8052

  [3c × scratch × facs_plus_bs_80/mediapipe × B2] Computing late fusion weight sweep...
  best_w_image=0.50  val_mf1=0.6025  TEST mf1=0.5776  wf1=0.7859  acc=0.7761

  [3c × scratch × facs_plus_bs_80/mediapipe × B3] Computing late fusion weight sweep...
  best_w_image=0.40  val_mf1=0.5894  TEST mf1=0.6294  wf1=0.7999  acc=0.7890

  [3c × tl × facs_plus_bs_80/mediapipe × B1] Computing late fusion weight sweep...
  best_w_image=0.00  val_mf1=0.5260  TEST mf1=0.6680  wf1=0.8390  acc=0.8461

  [3c × tl × facs_plus_bs_80/mediapipe × B2] Computing late fusion weight sweep...
  best_w_image=0.45  val_mf1=0.5937  TEST mf1=0.6749  wf1=0.8188  acc=0.8062

  [3c × tl × facs_plus_bs_80/mediapipe × B3] Computing late fusion weight sweep...
  best_w_image=0.40  val_mf1=0.6259  TEST mf1=0.6550  wf1=0.8084  acc=0.7944

[3c × facs_plus_bs_80/faceapi × B1] Landmark branch
  [cache hit] fcnn_facs_plus_bs_80_fa_b1_3c

[3c × facs_plus_bs_80/faceapi × B2] Landmark branch
  [cache hit] fcnn_facs_plus_bs_80_fa_b2_3c

[3c × facs_plus_bs_80/faceapi × B3] Landmark branch
  [cache hit] fcnn_facs_plus_bs_80_fa_b3_3c

  [3c × scratch × facs_plus_bs_80/faceapi × B1] Computing late fusion weight sweep...
  best_w_image=0.00  val_mf1=0.6924  TEST mf1=0.7345  wf1=0.8864  acc=0.8902

  [3c × scratch × facs_plus_bs_80/faceapi × B2] Computing late fusion weight sweep...
  best_w_image=0.40  val_mf1=0.7074  TEST mf1=0.6717  wf1=0.8333  acc=0.8181

  [3c × scratch × facs_plus_bs_80/faceapi × B3] Computing late fusion weight sweep...
  best_w_image=0.10  val_mf1=0.6969  TEST mf1=0.6513  wf1=0.8255  acc=0.7998

  [3c × tl × facs_plus_bs_80/faceapi × B1] Computing late fusion weight sweep...
  best_w_image=0.00  val_mf1=0.6924  TEST mf1=0.7345  wf1=0.8864  acc=0.8902

  [3c × tl × facs_plus_bs_80/faceapi × B2] Computing late fusion weight sweep...
  best_w_image=0.15  val_mf1=0.7020  TEST mf1=0.6568  wf1=0.8262  acc=0.8009

  [3c × tl × facs_plus_bs_80/faceapi × B3] Computing late fusion weight sweep...
  best_w_image=0.40  val_mf1=0.7004  TEST mf1=0.6917  wf1=0.8422  acc=0.8245

[7c × scratch × B1] Image branch
  [cache hit] cnn_scratch_b1_7c

[7c × scratch × B2] Image branch
  [cache hit] cnn_scratch_b2_7c

[7c × scratch × B3] Image branch
  [cache hit] cnn_scratch_b3_7c

[7c × tl × B1] Image branch
  [cache hit] cnn_tl_b1_7c

[7c × tl × B2] Image branch
  [cache hit] cnn_tl_b2_7c

[7c × tl × B3] Image branch
  [cache hit] cnn_tl_b3_7c

[7c × raw_136/mediapipe × B1] Landmark branch
  [cache hit] fcnn_raw_136_mp_b1_7c

[7c × raw_136/mediapipe × B2] Landmark branch
  [cache hit] fcnn_raw_136_mp_b2_7c

[7c × raw_136/mediapipe × B3] Landmark branch
  [cache hit] fcnn_raw_136_mp_b3_7c

  [7c × scratch × raw_136/mediapipe × B1] Computing late fusion weight sweep...
  best_w_image=0.10  val_mf1=0.2507  TEST mf1=0.2338  wf1=0.7746  acc=0.7858

  [7c × scratch × raw_136/mediapipe × B2] Computing late fusion weight sweep...
  best_w_image=0.00  val_mf1=0.2264  TEST mf1=0.1827  wf1=0.6768  acc=0.6416

  [7c × scratch × raw_136/mediapipe × B3] Computing late fusion weight sweep...
  best_w_image=0.25  val_mf1=0.2832  TEST mf1=0.2551  wf1=0.7676  acc=0.7330

  [7c × tl × raw_136/mediapipe × B1] Computing late fusion weight sweep...
  best_w_image=0.05  val_mf1=0.2505  TEST mf1=0.2325  wf1=0.7738  acc=0.7804

  [7c × tl × raw_136/mediapipe × B2] Computing late fusion weight sweep...
  best_w_image=0.55  val_mf1=0.2523  TEST mf1=0.2828  wf1=0.8122  acc=0.7804

  [7c × tl × raw_136/mediapipe × B3] Computing late fusion weight sweep...
  best_w_image=0.90  val_mf1=0.2936  TEST mf1=0.2902  wf1=0.8030  acc=0.7890

[7c × raw_136/faceapi × B1] Landmark branch
  [cache hit] fcnn_raw_136_fa_b1_7c

[7c × raw_136/faceapi × B2] Landmark branch
  [cache hit] fcnn_raw_136_fa_b2_7c

[7c × raw_136/faceapi × B3] Landmark branch
  [cache hit] fcnn_raw_136_fa_b3_7c

  [7c × scratch × raw_136/faceapi × B1] Computing late fusion weight sweep...
  best_w_image=0.00  val_mf1=0.3528  TEST mf1=0.3122  wf1=0.8445  acc=0.8450

  [7c × scratch × raw_136/faceapi × B2] Computing late fusion weight sweep...
  best_w_image=0.10  val_mf1=0.3442  TEST mf1=0.2487  wf1=0.5758  acc=0.4715

  [7c × scratch × raw_136/faceapi × B3] Computing late fusion weight sweep...
  best_w_image=0.15  val_mf1=0.4737  TEST mf1=0.2989  wf1=0.7615  acc=0.6760

  [7c × tl × raw_136/faceapi × B1] Computing late fusion weight sweep...
  best_w_image=0.30  val_mf1=0.3543  TEST mf1=0.3159  wf1=0.8505  acc=0.8525

  [7c × tl × raw_136/faceapi × B2] Computing late fusion weight sweep...
  best_w_image=0.40  val_mf1=0.3740  TEST mf1=0.2970  wf1=0.6947  acc=0.5974

  [7c × tl × raw_136/faceapi × B3] Computing late fusion weight sweep...
  best_w_image=0.40  val_mf1=0.4909  TEST mf1=0.3264  wf1=0.8181  acc=0.7664

[7c × facs_28/mediapipe × B1] Landmark branch
  [cache hit] fcnn_facs_28_mp_b1_7c

[7c × facs_28/mediapipe × B2] Landmark branch
  [cache hit] fcnn_facs_28_mp_b2_7c

[7c × facs_28/mediapipe × B3] Landmark branch
  [cache hit] fcnn_facs_28_mp_b3_7c

  [7c × scratch × facs_28/mediapipe × B1] Computing late fusion weight sweep...
  best_w_image=0.00  val_mf1=0.2498  TEST mf1=0.1972  wf1=0.7126  acc=0.7449

  [7c × scratch × facs_28/mediapipe × B2] Computing late fusion weight sweep...
  best_w_image=0.05  val_mf1=0.2688  TEST mf1=0.2328  wf1=0.6432  acc=0.5414

  [7c × scratch × facs_28/mediapipe × B3] Computing late fusion weight sweep...
  best_w_image=0.10  val_mf1=0.2765  TEST mf1=0.2341  wf1=0.6574  acc=0.5576

  [7c × tl × facs_28/mediapipe × B1] Computing late fusion weight sweep...
  best_w_image=0.00  val_mf1=0.2498  TEST mf1=0.1972  wf1=0.7126  acc=0.7449

  [7c × tl × facs_28/mediapipe × B2] Computing late fusion weight sweep...
  best_w_image=0.50  val_mf1=0.2778  TEST mf1=0.2866  wf1=0.7876  acc=0.7449

  [7c × tl × facs_28/mediapipe × B3] Computing late fusion weight sweep...
  best_w_image=0.40  val_mf1=0.2947  TEST mf1=0.2792  wf1=0.7806  acc=0.7266

[7c × facs_28/faceapi × B1] Landmark branch
  [cache hit] fcnn_facs_28_fa_b1_7c

[7c × facs_28/faceapi × B2] Landmark branch
  [cache hit] fcnn_facs_28_fa_b2_7c

[7c × facs_28/faceapi × B3] Landmark branch
  [cache hit] fcnn_facs_28_fa_b3_7c

  [7c × scratch × facs_28/faceapi × B1] Computing late fusion weight sweep...
  best_w_image=0.25  val_mf1=0.3528  TEST mf1=0.3100  wf1=0.8593  acc=0.8611

  [7c × scratch × facs_28/faceapi × B2] Computing late fusion weight sweep...
  best_w_image=0.40  val_mf1=0.4108  TEST mf1=0.3262  wf1=0.8693  acc=0.8525

  [7c × scratch × facs_28/faceapi × B3] Computing late fusion weight sweep...
  best_w_image=0.40  val_mf1=0.3949  TEST mf1=0.3309  wf1=0.8830  acc=0.8644

  [7c × tl × facs_28/faceapi × B1] Computing late fusion weight sweep...
  best_w_image=0.05  val_mf1=0.3510  TEST mf1=0.3095  wf1=0.8580  acc=0.8579

  [7c × tl × facs_28/faceapi × B2] Computing late fusion weight sweep...
  best_w_image=0.35  val_mf1=0.4183  TEST mf1=0.3172  wf1=0.8681  acc=0.8418

  [7c × tl × facs_28/faceapi × B3] Computing late fusion weight sweep...
  best_w_image=0.45  val_mf1=0.4164  TEST mf1=0.3173  wf1=0.8671  acc=0.8418

[7c × blendshape_52/mediapipe × B1] Landmark branch
  [cache hit] fcnn_blendshape_52_mp_b1_7c

[7c × blendshape_52/mediapipe × B2] Landmark branch
  [cache hit] fcnn_blendshape_52_mp_b2_7c

[7c × blendshape_52/mediapipe × B3] Landmark branch
  [cache hit] fcnn_blendshape_52_mp_b3_7c

  [7c × scratch × blendshape_52/mediapipe × B1] Computing late fusion weight sweep...
  best_w_image=0.15  val_mf1=0.2601  TEST mf1=0.2988  wf1=0.8502  acc=0.8547

  [7c × scratch × blendshape_52/mediapipe × B2] Computing late fusion weight sweep...
  best_w_image=0.45  val_mf1=0.3117  TEST mf1=0.2281  wf1=0.7002  acc=0.6620

  [7c × scratch × blendshape_52/mediapipe × B3] Computing late fusion weight sweep...
  best_w_image=0.50  val_mf1=0.3727  TEST mf1=0.2403  wf1=0.7359  acc=0.7061

  [7c × tl × blendshape_52/mediapipe × B1] Computing late fusion weight sweep...
  best_w_image=0.25  val_mf1=0.2601  TEST mf1=0.2986  wf1=0.8406  acc=0.8439

  [7c × tl × blendshape_52/mediapipe × B2] Computing late fusion weight sweep...
  best_w_image=0.55  val_mf1=0.3230  TEST mf1=0.2813  wf1=0.7958  acc=0.7707

  [7c × tl × blendshape_52/mediapipe × B3] Computing late fusion weight sweep...
  best_w_image=0.55  val_mf1=0.3280  TEST mf1=0.2834  wf1=0.8087  acc=0.7879
  SKIP combo: feature=blendshape_52 × source=faceapi (blendshape MP-only)

[7c × facs_plus_bs_80/mediapipe × B1] Landmark branch
  [cache hit] fcnn_facs_plus_bs_80_mp_b1_7c

[7c × facs_plus_bs_80/mediapipe × B2] Landmark branch
  [cache hit] fcnn_facs_plus_bs_80_mp_b2_7c

[7c × facs_plus_bs_80/mediapipe × B3] Landmark branch
  [cache hit] fcnn_facs_plus_bs_80_mp_b3_7c

  [7c × scratch × facs_plus_bs_80/mediapipe × B1] Computing late fusion weight sweep...
  best_w_image=0.05  val_mf1=0.2495  TEST mf1=0.2475  wf1=0.8238  acc=0.8450

  [7c × scratch × facs_plus_bs_80/mediapipe × B2] Computing late fusion weight sweep...
  best_w_image=0.20  val_mf1=0.3116  TEST mf1=0.2711  wf1=0.7622  acc=0.7341

  [7c × scratch × facs_plus_bs_80/mediapipe × B3] Computing late fusion weight sweep...
  best_w_image=0.40  val_mf1=0.3207  TEST mf1=0.2730  wf1=0.7666  acc=0.7427

  [7c × tl × facs_plus_bs_80/mediapipe × B1] Computing late fusion weight sweep...
  best_w_image=0.05  val_mf1=0.2486  TEST mf1=0.2471  wf1=0.8231  acc=0.8439

  [7c × tl × facs_plus_bs_80/mediapipe × B2] Computing late fusion weight sweep...
  best_w_image=0.20  val_mf1=0.3079  TEST mf1=0.2734  wf1=0.7663  acc=0.7374

  [7c × tl × facs_plus_bs_80/mediapipe × B3] Computing late fusion weight sweep...
  best_w_image=0.20  val_mf1=0.3122  TEST mf1=0.2778  wf1=0.7752  acc=0.7470

[7c × facs_plus_bs_80/faceapi × B1] Landmark branch
  [cache hit] fcnn_facs_plus_bs_80_fa_b1_7c

[7c × facs_plus_bs_80/faceapi × B2] Landmark branch
  [cache hit] fcnn_facs_plus_bs_80_fa_b2_7c

[7c × facs_plus_bs_80/faceapi × B3] Landmark branch
  [cache hit] fcnn_facs_plus_bs_80_fa_b3_7c

  [7c × scratch × facs_plus_bs_80/faceapi × B1] Computing late fusion weight sweep...
  best_w_image=0.15  val_mf1=0.3305  TEST mf1=0.3042  wf1=0.8523  acc=0.8579

  [7c × scratch × facs_plus_bs_80/faceapi × B2] Computing late fusion weight sweep...
  best_w_image=0.00  val_mf1=0.3408  TEST mf1=0.3043  wf1=0.7844  acc=0.7578

  [7c × scratch × facs_plus_bs_80/faceapi × B3] Computing late fusion weight sweep...
  best_w_image=0.30  val_mf1=0.3697  TEST mf1=0.3171  wf1=0.7981  acc=0.7804

  [7c × tl × facs_plus_bs_80/faceapi × B1] Computing late fusion weight sweep...
  best_w_image=0.00  val_mf1=0.3275  TEST mf1=0.2970  wf1=0.8451  acc=0.8504

  [7c × tl × facs_plus_bs_80/faceapi × B2] Computing late fusion weight sweep...
  best_w_image=0.00  val_mf1=0.3408  TEST mf1=0.3043  wf1=0.7844  acc=0.7578

  [7c × tl × facs_plus_bs_80/faceapi × B3] Computing late fusion weight sweep...
  best_w_image=0.35  val_mf1=0.3507  TEST mf1=0.3332  wf1=0.8190  acc=0.8019
Saved: /mnt/extended-home/fitra_dosen/2025_iris_fer_taufik/MultimodalEmoLearn/models/frontonly_conf60/3class/Unified/fusion_late_scratch/results.json
Saved: /mnt/extended-home/fitra_dosen/2025_iris_fer_taufik/MultimodalEmoLearn/models/frontonly_conf60/3class/Unified/fusion_late_tl/results.json
Saved: /mnt/extended-home/fitra_dosen/2025_iris_fer_taufik/MultimodalEmoLearn/models/frontonly_conf60/3class/Unified/fusion_late_scratch_faceapi/results.json
Saved: /mnt/extended-home/fitra_dosen/2025_iris_fer_taufik/MultimodalEmoLearn/models/frontonly_conf60/3class/Unified/fusion_late_tl_faceapi/results.json
Saved: /mnt/extended-home/fitra_dosen/2025_iris_fer_taufik/MultimodalEmoLearn/models/frontonly_conf60/3class/Unified/fusion_late_scratch_facs_28/results.json
Saved: /mnt/extended-home/fitra_dosen/2025_iris_fer_taufik/MultimodalEmoLearn/models/frontonly_conf60/3class/Unified/fusion_late_tl_facs_28/results.json
Saved: /mnt/extended-home/fitra_dosen/2025_iris_fer_taufik/MultimodalEmoLearn/models/frontonly_conf60/3class/Unified/fusion_late_scratch_facs_28_faceapi/results.json
Saved: /mnt/extended-home/fitra_dosen/2025_iris_fer_taufik/MultimodalEmoLearn/models/frontonly_conf60/3class/Unified/fusion_late_tl_facs_28_faceapi/results.json
Saved: /mnt/extended-home/fitra_dosen/2025_iris_fer_taufik/MultimodalEmoLearn/models/frontonly_conf60/3class/Unified/fusion_late_scratch_blendshape_52/results.json
Saved: /mnt/extended-home/fitra_dosen/2025_iris_fer_taufik/MultimodalEmoLearn/models/frontonly_conf60/3class/Unified/fusion_late_tl_blendshape_52/results.json
Saved: /mnt/extended-home/fitra_dosen/2025_iris_fer_taufik/MultimodalEmoLearn/models/frontonly_conf60/3class/Unified/fusion_late_scratch_facs_plus_bs_80/results.json
Saved: /mnt/extended-home/fitra_dosen/2025_iris_fer_taufik/MultimodalEmoLearn/models/frontonly_conf60/3class/Unified/fusion_late_tl_facs_plus_bs_80/results.json
Saved: /mnt/extended-home/fitra_dosen/2025_iris_fer_taufik/MultimodalEmoLearn/models/frontonly_conf60/3class/Unified/fusion_late_scratch_facs_plus_bs_80_faceapi/results.json
Saved: /mnt/extended-home/fitra_dosen/2025_iris_fer_taufik/MultimodalEmoLearn/models/frontonly_conf60/3class/Unified/fusion_late_tl_facs_plus_bs_80_faceapi/results.json
Saved: /mnt/extended-home/fitra_dosen/2025_iris_fer_taufik/MultimodalEmoLearn/models/frontonly_conf60/7class/Unified/fusion_late_scratch/results.json
Saved: /mnt/extended-home/fitra_dosen/2025_iris_fer_taufik/MultimodalEmoLearn/models/frontonly_conf60/7class/Unified/fusion_late_tl/results.json
Saved: /mnt/extended-home/fitra_dosen/2025_iris_fer_taufik/MultimodalEmoLearn/models/frontonly_conf60/7class/Unified/fusion_late_scratch_faceapi/results.json
Saved: /mnt/extended-home/fitra_dosen/2025_iris_fer_taufik/MultimodalEmoLearn/models/frontonly_conf60/7class/Unified/fusion_late_tl_faceapi/results.json
Saved: /mnt/extended-home/fitra_dosen/2025_iris_fer_taufik/MultimodalEmoLearn/models/frontonly_conf60/7class/Unified/fusion_late_scratch_facs_28/results.json
Saved: /mnt/extended-home/fitra_dosen/2025_iris_fer_taufik/MultimodalEmoLearn/models/frontonly_conf60/7class/Unified/fusion_late_tl_facs_28/results.json
Saved: /mnt/extended-home/fitra_dosen/2025_iris_fer_taufik/MultimodalEmoLearn/models/frontonly_conf60/7class/Unified/fusion_late_scratch_facs_28_faceapi/results.json
Saved: /mnt/extended-home/fitra_dosen/2025_iris_fer_taufik/MultimodalEmoLearn/models/frontonly_conf60/7class/Unified/fusion_late_tl_facs_28_faceapi/results.json
Saved: /mnt/extended-home/fitra_dosen/2025_iris_fer_taufik/MultimodalEmoLearn/models/frontonly_conf60/7class/Unified/fusion_late_scratch_blendshape_52/results.json
Saved: /mnt/extended-home/fitra_dosen/2025_iris_fer_taufik/MultimodalEmoLearn/models/frontonly_conf60/7class/Unified/fusion_late_tl_blendshape_52/results.json
Saved: /mnt/extended-home/fitra_dosen/2025_iris_fer_taufik/MultimodalEmoLearn/models/frontonly_conf60/7class/Unified/fusion_late_scratch_facs_plus_bs_80/results.json
Saved: /mnt/extended-home/fitra_dosen/2025_iris_fer_taufik/MultimodalEmoLearn/models/frontonly_conf60/7class/Unified/fusion_late_tl_facs_plus_bs_80/results.json
Saved: /mnt/extended-home/fitra_dosen/2025_iris_fer_taufik/MultimodalEmoLearn/models/frontonly_conf60/7class/Unified/fusion_late_scratch_facs_plus_bs_80_faceapi/results.json
Saved: /mnt/extended-home/fitra_dosen/2025_iris_fer_taufik/MultimodalEmoLearn/models/frontonly_conf60/7class/Unified/fusion_late_tl_facs_plus_bs_80_faceapi/results.json

====================================================================================================
SUMMARY: Late Fusion Unified Protocol macro_f1
====================================================================================================
  scheme  variant   feature             source            B1        B2        B3
  3c     scratch   raw_136             mediapipe     0.4962    0.4725    0.5974
  3c     tl        raw_136             mediapipe     0.5087    0.7090    0.7067
  3c     scratch   raw_136             faceapi       0.7119    0.7131    0.6992
  3c     tl        raw_136             faceapi       0.7119    0.7482    0.7525
  3c     scratch   facs_28             mediapipe     0.5877    0.5849    0.6218
  3c     tl        facs_28             mediapipe     0.5594    0.7042    0.7106
  3c     scratch   facs_28             faceapi       0.7604    0.7489    0.7489
  3c     tl        facs_28             faceapi       0.7604    0.7489    0.7489
  3c     scratch   blendshape_52       mediapipe     0.5042    0.6237    0.6620
  3c     tl        blendshape_52       mediapipe     0.5713    0.6868    0.6927
  3c     scratch   facs_plus_bs_80     mediapipe     0.5167    0.5776    0.6294
  3c     tl        facs_plus_bs_80     mediapipe     0.6680    0.6749    0.6550
  3c     scratch   facs_plus_bs_80     faceapi       0.7345    0.6717    0.6513
  3c     tl        facs_plus_bs_80     faceapi       0.7345    0.6568    0.6917
  7c     scratch   raw_136             mediapipe     0.2338    0.1827    0.2551
  7c     tl        raw_136             mediapipe     0.2325    0.2828    0.2902
  7c     scratch   raw_136             faceapi       0.3122    0.2487    0.2989
  7c     tl        raw_136             faceapi       0.3159    0.2970    0.3264
  7c     scratch   facs_28             mediapipe     0.1972    0.2328    0.2341
  7c     tl        facs_28             mediapipe     0.1972    0.2866    0.2792
  7c     scratch   facs_28             faceapi       0.3100    0.3262    0.3309
  7c     tl        facs_28             faceapi       0.3095    0.3172    0.3173
  7c     scratch   blendshape_52       mediapipe     0.2988    0.2281    0.2403
  7c     tl        blendshape_52       mediapipe     0.2986    0.2813    0.2834
  7c     scratch   facs_plus_bs_80     mediapipe     0.2475    0.2711    0.2730
  7c     tl        facs_plus_bs_80     mediapipe     0.2471    0.2734    0.2778
  7c     scratch   facs_plus_bs_80     faceapi       0.3042    0.3043    0.3171
  7c     tl        facs_plus_bs_80     faceapi       0.2970    0.3043    0.3332
[retry_run] ✅ Succeeded on attempt 1
[retry_run] Attempt 1/3: CUDA_VISIBLE_DEVICES=2 /mnt/extended-home/fitra_dosen/2025_iris_fer_taufik/miniconda3/envs/2025_iris_fer_taufik/bin/python -u scripts/run_unified_fusion.py --fusions intermediate --variants tl --landmark-features facs_28 facs_plus_bs_80 --landmark-sources mediapipe faceapi --scenarios b1 b2 b3 --classes 3 7
Device: cuda
DATA_DIR: /mnt/extended-home/fitra_dosen/2025_iris_fer_taufik/MultimodalEmoLearn/data/dataset_frontonly_conf60
Output: /mnt/extended-home/fitra_dosen/2025_iris_fer_taufik/MultimodalEmoLearn/models/frontonly_conf60
Total runs: 24
Pre-loaded 24 existing runs (use --force-retrain to ignore)

[1/24] SKIP fusion_intermediate_tl_facs_28_b1_3c (existing, mf1=0.7142)

[2/24] SKIP fusion_intermediate_tl_facs_28_b2_3c (existing, mf1=0.6108)

[3/24] SKIP fusion_intermediate_tl_facs_28_b3_3c (existing, mf1=0.7229)

[4/24] SKIP fusion_intermediate_tl_facs_28_faceapi_b1_3c (existing, mf1=0.6868)

[5/24] SKIP fusion_intermediate_tl_facs_28_faceapi_b2_3c (existing, mf1=0.7525)

[6/24] SKIP fusion_intermediate_tl_facs_28_faceapi_b3_3c (existing, mf1=0.7156)

[7/24] SKIP fusion_intermediate_tl_facs_plus_bs_80_b1_3c (existing, mf1=0.6734)

[8/24] SKIP fusion_intermediate_tl_facs_plus_bs_80_b2_3c (existing, mf1=0.6018)

[9/24] SKIP fusion_intermediate_tl_facs_plus_bs_80_b3_3c (existing, mf1=0.6473)

[10/24] SKIP fusion_intermediate_tl_facs_plus_bs_80_faceapi_b1_3c (existing, mf1=0.6986)

[11/24] SKIP fusion_intermediate_tl_facs_plus_bs_80_faceapi_b2_3c (existing, mf1=0.6440)

[12/24] SKIP fusion_intermediate_tl_facs_plus_bs_80_faceapi_b3_3c (existing, mf1=0.6850)

[13/24] SKIP fusion_intermediate_tl_facs_28_b1_7c (existing, mf1=0.2842)

[14/24] SKIP fusion_intermediate_tl_facs_28_b2_7c (existing, mf1=0.2881)

[15/24] SKIP fusion_intermediate_tl_facs_28_b3_7c (existing, mf1=0.3000)

[16/24] SKIP fusion_intermediate_tl_facs_28_faceapi_b1_7c (existing, mf1=0.2476)

[17/24] SKIP fusion_intermediate_tl_facs_28_faceapi_b2_7c (existing, mf1=0.3085)

[18/24] SKIP fusion_intermediate_tl_facs_28_faceapi_b3_7c (existing, mf1=0.2845)

[19/24] SKIP fusion_intermediate_tl_facs_plus_bs_80_b1_7c (existing, mf1=0.2466)

[20/24] SKIP fusion_intermediate_tl_facs_plus_bs_80_b2_7c (existing, mf1=0.2895)

[21/24] SKIP fusion_intermediate_tl_facs_plus_bs_80_b3_7c (existing, mf1=0.2834)

[22/24] SKIP fusion_intermediate_tl_facs_plus_bs_80_faceapi_b1_7c (existing, mf1=0.2797)

[23/24] SKIP fusion_intermediate_tl_facs_plus_bs_80_faceapi_b2_7c (existing, mf1=0.3101)

[24/24] SKIP fusion_intermediate_tl_facs_plus_bs_80_faceapi_b3_7c (existing, mf1=0.3033)

Sweep done: trained=0, skipped_existing=24
Saved: /mnt/extended-home/fitra_dosen/2025_iris_fer_taufik/MultimodalEmoLearn/models/frontonly_conf60/3class/Unified/fusion_intermediate_tl_facs_28/results.json
Saved: /mnt/extended-home/fitra_dosen/2025_iris_fer_taufik/MultimodalEmoLearn/models/frontonly_conf60/3class/Unified/fusion_intermediate_tl_facs_28_faceapi/results.json
Saved: /mnt/extended-home/fitra_dosen/2025_iris_fer_taufik/MultimodalEmoLearn/models/frontonly_conf60/3class/Unified/fusion_intermediate_tl_facs_plus_bs_80/results.json
Saved: /mnt/extended-home/fitra_dosen/2025_iris_fer_taufik/MultimodalEmoLearn/models/frontonly_conf60/3class/Unified/fusion_intermediate_tl_facs_plus_bs_80_faceapi/results.json
Saved: /mnt/extended-home/fitra_dosen/2025_iris_fer_taufik/MultimodalEmoLearn/models/frontonly_conf60/7class/Unified/fusion_intermediate_tl_facs_28/results.json
Saved: /mnt/extended-home/fitra_dosen/2025_iris_fer_taufik/MultimodalEmoLearn/models/frontonly_conf60/7class/Unified/fusion_intermediate_tl_facs_28_faceapi/results.json
Saved: /mnt/extended-home/fitra_dosen/2025_iris_fer_taufik/MultimodalEmoLearn/models/frontonly_conf60/7class/Unified/fusion_intermediate_tl_facs_plus_bs_80/results.json
Saved: /mnt/extended-home/fitra_dosen/2025_iris_fer_taufik/MultimodalEmoLearn/models/frontonly_conf60/7class/Unified/fusion_intermediate_tl_facs_plus_bs_80_faceapi/results.json

========================================================================================================================
SUMMARY: Unified protocol fusion macro_f1
========================================================================================================================
  scheme  fusion         mode    variant   feature           lm_src            B1        B2        B3
  3c     intermediate   concat  tl        facs_28           mediapipe     0.7142    0.6108    0.7229
  3c     intermediate   concat  tl        facs_28           faceapi       0.6868    0.7525    0.7156
  3c     intermediate   concat  tl        facs_plus_bs_80   mediapipe     0.6734    0.6018    0.6473
  3c     intermediate   concat  tl        facs_plus_bs_80   faceapi       0.6986    0.6440    0.6850
  7c     intermediate   concat  tl        facs_28           mediapipe     0.2842    0.2881    0.3000
  7c     intermediate   concat  tl        facs_28           faceapi       0.2476    0.3085    0.2845
  7c     intermediate   concat  tl        facs_plus_bs_80   mediapipe     0.2466    0.2895    0.2834
  7c     intermediate   concat  tl        facs_plus_bs_80   faceapi       0.2797    0.3101    0.3033
[retry_run] ✅ Succeeded on attempt 1
[retry_run] Attempt 1/3: CUDA_VISIBLE_DEVICES=2 /mnt/extended-home/fitra_dosen/2025_iris_fer_taufik/miniconda3/envs/2025_iris_fer_taufik/bin/python -u scripts/run_unified_fusion.py --fusions early --variants scratch tl --landmark-features raw_136 --landmark-sources mediapipe faceapi --early-fusion-modes gated --scenarios b1 b2 b3 --classes 3 7
Device: cuda
DATA_DIR: /mnt/extended-home/fitra_dosen/2025_iris_fer_taufik/MultimodalEmoLearn/data/dataset_frontonly_conf60
Output: /mnt/extended-home/fitra_dosen/2025_iris_fer_taufik/MultimodalEmoLearn/models/frontonly_conf60
Total runs: 24
Pre-loaded 24 existing runs (use --force-retrain to ignore)

[1/24] SKIP fusion_early_gated_scratch_b1_3c (existing, mf1=0.4112)

[2/24] SKIP fusion_early_gated_scratch_b2_3c (existing, mf1=0.3852)

[3/24] SKIP fusion_early_gated_scratch_b3_3c (existing, mf1=0.6141)

[4/24] SKIP fusion_early_gated_tl_b1_3c (existing, mf1=0.6634)

[5/24] SKIP fusion_early_gated_tl_b2_3c (existing, mf1=0.6343)

[6/24] SKIP fusion_early_gated_tl_b3_3c (existing, mf1=0.6741)

[7/24] SKIP fusion_early_gated_scratch_faceapi_b1_3c (existing, mf1=0.5838)

[8/24] SKIP fusion_early_gated_scratch_faceapi_b2_3c (existing, mf1=0.5644)

[9/24] SKIP fusion_early_gated_scratch_faceapi_b3_3c (existing, mf1=0.6128)

[10/24] SKIP fusion_early_gated_tl_faceapi_b1_3c (existing, mf1=0.5421)

[11/24] SKIP fusion_early_gated_tl_faceapi_b2_3c (existing, mf1=0.6129)

[12/24] SKIP fusion_early_gated_tl_faceapi_b3_3c (existing, mf1=0.7189)

[13/24] SKIP fusion_early_gated_scratch_b1_7c (existing, mf1=0.2179)

[14/24] SKIP fusion_early_gated_scratch_b2_7c (existing, mf1=0.2129)

[15/24] SKIP fusion_early_gated_scratch_b3_7c (existing, mf1=0.2723)

[16/24] SKIP fusion_early_gated_tl_b1_7c (existing, mf1=0.2725)

[17/24] SKIP fusion_early_gated_tl_b2_7c (existing, mf1=0.2975)

[18/24] SKIP fusion_early_gated_tl_b3_7c (existing, mf1=0.2965)

[19/24] SKIP fusion_early_gated_scratch_faceapi_b1_7c (existing, mf1=0.2123)

[20/24] SKIP fusion_early_gated_scratch_faceapi_b2_7c (existing, mf1=0.2257)

[21/24] SKIP fusion_early_gated_scratch_faceapi_b3_7c (existing, mf1=0.2440)

[22/24] SKIP fusion_early_gated_tl_faceapi_b1_7c (existing, mf1=0.2389)

[23/24] SKIP fusion_early_gated_tl_faceapi_b2_7c (existing, mf1=0.3069)

[24/24] SKIP fusion_early_gated_tl_faceapi_b3_7c (existing, mf1=0.2965)

Sweep done: trained=0, skipped_existing=24
Saved: /mnt/extended-home/fitra_dosen/2025_iris_fer_taufik/MultimodalEmoLearn/models/frontonly_conf60/3class/Unified/fusion_early_gated_scratch/results.json
Saved: /mnt/extended-home/fitra_dosen/2025_iris_fer_taufik/MultimodalEmoLearn/models/frontonly_conf60/3class/Unified/fusion_early_gated_tl/results.json
Saved: /mnt/extended-home/fitra_dosen/2025_iris_fer_taufik/MultimodalEmoLearn/models/frontonly_conf60/3class/Unified/fusion_early_gated_scratch_faceapi/results.json
Saved: /mnt/extended-home/fitra_dosen/2025_iris_fer_taufik/MultimodalEmoLearn/models/frontonly_conf60/3class/Unified/fusion_early_gated_tl_faceapi/results.json
Saved: /mnt/extended-home/fitra_dosen/2025_iris_fer_taufik/MultimodalEmoLearn/models/frontonly_conf60/7class/Unified/fusion_early_gated_scratch/results.json
Saved: /mnt/extended-home/fitra_dosen/2025_iris_fer_taufik/MultimodalEmoLearn/models/frontonly_conf60/7class/Unified/fusion_early_gated_tl/results.json
Saved: /mnt/extended-home/fitra_dosen/2025_iris_fer_taufik/MultimodalEmoLearn/models/frontonly_conf60/7class/Unified/fusion_early_gated_scratch_faceapi/results.json
Saved: /mnt/extended-home/fitra_dosen/2025_iris_fer_taufik/MultimodalEmoLearn/models/frontonly_conf60/7class/Unified/fusion_early_gated_tl_faceapi/results.json

========================================================================================================================
SUMMARY: Unified protocol fusion macro_f1
========================================================================================================================
  scheme  fusion         mode    variant   feature           lm_src            B1        B2        B3
  3c     early          gated   scratch   raw_136           mediapipe     0.4112    0.3852    0.6141
  3c     early          gated   tl        raw_136           mediapipe     0.6634    0.6343    0.6741
  3c     early          gated   scratch   raw_136           faceapi       0.5838    0.5644    0.6128
  3c     early          gated   tl        raw_136           faceapi       0.5421    0.6129    0.7189
  7c     early          gated   scratch   raw_136           mediapipe     0.2179    0.2129    0.2723
  7c     early          gated   tl        raw_136           mediapipe     0.2725    0.2975    0.2965
  7c     early          gated   scratch   raw_136           faceapi       0.2123    0.2257    0.2440
  7c     early          gated   tl        raw_136           faceapi       0.2389    0.3069    0.2965
[retry_run] ✅ Succeeded on attempt 1
--- supervisor: kdef_7class ---
[retry_run] Attempt 1/3: CUDA_VISIBLE_DEVICES=2 /mnt/extended-home/fitra_dosen/2025_iris_fer_taufik/miniconda3/envs/2025_iris_fer_taufik/bin/python -u scripts/run_unified_landmark.py --data-dir data/benchmark/kdef_7class --output-prefix models/benchmark/kdef_7class --features raw_136 facs_28 --archs fcnn cnn1d --sources mediapipe --scenarios b1 b2 b3 --classes 3 7
Device: cuda
DATA_DIR: /mnt/extended-home/fitra_dosen/2025_iris_fer_taufik/MultimodalEmoLearn/data/benchmark/kdef_7class
Output: /mnt/extended-home/fitra_dosen/2025_iris_fer_taufik/MultimodalEmoLearn/models/benchmark/kdef_7class
Total runs: 24
Pre-loaded 24 existing runs (use --force-retrain to ignore)

[1/24] SKIP mediapipe_raw_136_fcnn_b1_3c (existing, mf1=0.6937)

[2/24] SKIP mediapipe_raw_136_fcnn_b2_3c (existing, mf1=0.6646)

[3/24] SKIP mediapipe_raw_136_fcnn_b3_3c (existing, mf1=0.6896)

[4/24] SKIP mediapipe_raw_136_cnn1d_b1_3c (existing, mf1=0.7099)

[5/24] SKIP mediapipe_raw_136_cnn1d_b2_3c (existing, mf1=0.6041)

[6/24] SKIP mediapipe_raw_136_cnn1d_b3_3c (existing, mf1=0.6936)

[7/24] SKIP mediapipe_facs_28_fcnn_b1_3c (existing, mf1=0.7223)

[8/24] SKIP mediapipe_facs_28_fcnn_b2_3c (existing, mf1=0.7260)

[9/24] SKIP mediapipe_facs_28_fcnn_b3_3c (existing, mf1=0.6912)

[10/24] SKIP mediapipe_facs_28_cnn1d_b1_3c (existing, mf1=0.7063)

[11/24] SKIP mediapipe_facs_28_cnn1d_b2_3c (existing, mf1=0.6512)

[12/24] SKIP mediapipe_facs_28_cnn1d_b3_3c (existing, mf1=0.6434)

[13/24] SKIP mediapipe_raw_136_fcnn_b1_7c (existing, mf1=0.5078)

[14/24] SKIP mediapipe_raw_136_fcnn_b2_7c (existing, mf1=0.5485)

[15/24] SKIP mediapipe_raw_136_fcnn_b3_7c (existing, mf1=0.5742)

[16/24] SKIP mediapipe_raw_136_cnn1d_b1_7c (existing, mf1=0.6042)

[17/24] SKIP mediapipe_raw_136_cnn1d_b2_7c (existing, mf1=0.5851)

[18/24] SKIP mediapipe_raw_136_cnn1d_b3_7c (existing, mf1=0.6015)

[19/24] SKIP mediapipe_facs_28_fcnn_b1_7c (existing, mf1=0.6066)

[20/24] SKIP mediapipe_facs_28_fcnn_b2_7c (existing, mf1=0.5927)

[21/24] SKIP mediapipe_facs_28_fcnn_b3_7c (existing, mf1=0.6087)

[22/24] SKIP mediapipe_facs_28_cnn1d_b1_7c (existing, mf1=0.6341)

[23/24] SKIP mediapipe_facs_28_cnn1d_b2_7c (existing, mf1=0.5836)

[24/24] SKIP mediapipe_facs_28_cnn1d_b3_7c (existing, mf1=0.5303)

Sweep done: trained=0, skipped_existing=24
Saved: /mnt/extended-home/fitra_dosen/2025_iris_fer_taufik/MultimodalEmoLearn/models/benchmark/kdef_7class/3class/Unified/raw_136/results.json
Saved: /mnt/extended-home/fitra_dosen/2025_iris_fer_taufik/MultimodalEmoLearn/models/benchmark/kdef_7class/3class/Unified/facs_28/results.json
Saved: /mnt/extended-home/fitra_dosen/2025_iris_fer_taufik/MultimodalEmoLearn/models/benchmark/kdef_7class/7class/Unified/raw_136/results.json
Saved: /mnt/extended-home/fitra_dosen/2025_iris_fer_taufik/MultimodalEmoLearn/models/benchmark/kdef_7class/7class/Unified/facs_28/results.json

===============================================================================================
SUMMARY: Unified protocol macro_f1
===============================================================================================
  scheme  feat      src         arch          B1        B2        B3
  3c     raw_136   mediapipe   fcnn      0.6937    0.6646    0.6896
  3c     raw_136   mediapipe   cnn1d     0.7099    0.6041    0.6936
  3c     facs_28   mediapipe   fcnn      0.7223    0.7260    0.6912
  3c     facs_28   mediapipe   cnn1d     0.7063    0.6512    0.6434
  7c     raw_136   mediapipe   fcnn      0.5078    0.5485    0.5742
  7c     raw_136   mediapipe   cnn1d     0.6042    0.5851    0.6015
  7c     facs_28   mediapipe   fcnn      0.6066    0.5927    0.6087
  7c     facs_28   mediapipe   cnn1d     0.6341    0.5836    0.5303
[retry_run] ✅ Succeeded on attempt 1
[retry_run] Attempt 1/3: CUDA_VISIBLE_DEVICES=2 /mnt/extended-home/fitra_dosen/2025_iris_fer_taufik/miniconda3/envs/2025_iris_fer_taufik/bin/python -u scripts/run_unified_derived.py --data-dir data/benchmark/kdef_7class --output-prefix models/benchmark/kdef_7class --features blendshape_52 facs_plus_bs_80 --sources mediapipe --archs fcnn cnn1d --scenarios b1 b2 b3 --classes 3 7
Device: cuda
DATA_DIR: /mnt/extended-home/fitra_dosen/2025_iris_fer_taufik/MultimodalEmoLearn/data/benchmark/kdef_7class
Output: /mnt/extended-home/fitra_dosen/2025_iris_fer_taufik/MultimodalEmoLearn/models/benchmark/kdef_7class
Total runs: 24
Pre-loaded 24 existing runs (use --force-retrain to ignore)

[1/24] SKIP blendshape_52_mediapipe_fcnn_b1_3c (existing, mf1=0.6835)

[2/24] SKIP blendshape_52_mediapipe_fcnn_b2_3c (existing, mf1=0.7659)

[3/24] SKIP blendshape_52_mediapipe_fcnn_b3_3c (existing, mf1=0.7462)

[4/24] SKIP blendshape_52_mediapipe_cnn1d_b1_3c (existing, mf1=0.7480)

[5/24] SKIP blendshape_52_mediapipe_cnn1d_b2_3c (existing, mf1=0.7088)

[6/24] SKIP blendshape_52_mediapipe_cnn1d_b3_3c (existing, mf1=0.7145)

[7/24] SKIP blendshape_52_mediapipe_fcnn_b1_7c (existing, mf1=0.6015)

[8/24] SKIP blendshape_52_mediapipe_fcnn_b2_7c (existing, mf1=0.5982)

[9/24] SKIP blendshape_52_mediapipe_fcnn_b3_7c (existing, mf1=0.6051)

[10/24] SKIP blendshape_52_mediapipe_cnn1d_b1_7c (existing, mf1=0.5821)

[11/24] SKIP blendshape_52_mediapipe_cnn1d_b2_7c (existing, mf1=0.6228)

[12/24] SKIP blendshape_52_mediapipe_cnn1d_b3_7c (existing, mf1=0.5996)

[13/24] SKIP facs_plus_bs_80_mediapipe_fcnn_b1_3c (existing, mf1=0.7751)

[14/24] SKIP facs_plus_bs_80_mediapipe_fcnn_b2_3c (existing, mf1=0.7286)

[15/24] SKIP facs_plus_bs_80_mediapipe_fcnn_b3_3c (existing, mf1=0.7584)

[16/24] SKIP facs_plus_bs_80_mediapipe_cnn1d_b1_3c (existing, mf1=0.7000)

[17/24] SKIP facs_plus_bs_80_mediapipe_cnn1d_b2_3c (existing, mf1=0.7500)

[18/24] SKIP facs_plus_bs_80_mediapipe_cnn1d_b3_3c (existing, mf1=0.7451)

[19/24] SKIP facs_plus_bs_80_mediapipe_fcnn_b1_7c (existing, mf1=0.5966)

[20/24] SKIP facs_plus_bs_80_mediapipe_fcnn_b2_7c (existing, mf1=0.5492)

[21/24] SKIP facs_plus_bs_80_mediapipe_fcnn_b3_7c (existing, mf1=0.5884)

[22/24] SKIP facs_plus_bs_80_mediapipe_cnn1d_b1_7c (existing, mf1=0.5590)

[23/24] SKIP facs_plus_bs_80_mediapipe_cnn1d_b2_7c (existing, mf1=0.5654)

[24/24] SKIP facs_plus_bs_80_mediapipe_cnn1d_b3_7c (existing, mf1=0.5490)

Sweep done: trained=0, skipped_existing=24
Saved: /mnt/extended-home/fitra_dosen/2025_iris_fer_taufik/MultimodalEmoLearn/models/benchmark/kdef_7class/3class/Unified/blendshape_52/results.json
Saved: /mnt/extended-home/fitra_dosen/2025_iris_fer_taufik/MultimodalEmoLearn/models/benchmark/kdef_7class/3class/Unified/facs_plus_bs_80/results.json
Saved: /mnt/extended-home/fitra_dosen/2025_iris_fer_taufik/MultimodalEmoLearn/models/benchmark/kdef_7class/7class/Unified/blendshape_52/results.json
Saved: /mnt/extended-home/fitra_dosen/2025_iris_fer_taufik/MultimodalEmoLearn/models/benchmark/kdef_7class/7class/Unified/facs_plus_bs_80/results.json

===============================================================================================
SUMMARY: derived features macro_f1
===============================================================================================
  scheme  feat                src         arch          B1        B2        B3
  3c     blendshape_52       mediapipe   fcnn      0.6835    0.7659    0.7462
  3c     blendshape_52       mediapipe   cnn1d     0.7480    0.7088    0.7145
  3c     facs_plus_bs_80     mediapipe   fcnn      0.7751    0.7286    0.7584
  3c     facs_plus_bs_80     mediapipe   cnn1d     0.7000    0.7500    0.7451
  3c     facs_plus_bs_80     faceapi     fcnn        -         -         -   
  3c     facs_plus_bs_80     faceapi     cnn1d       -         -         -   
  7c     blendshape_52       mediapipe   fcnn      0.6015    0.5982    0.6051
  7c     blendshape_52       mediapipe   cnn1d     0.5821    0.6228    0.5996
  7c     facs_plus_bs_80     mediapipe   fcnn      0.5966    0.5492    0.5884
  7c     facs_plus_bs_80     mediapipe   cnn1d     0.5590    0.5654    0.5490
  7c     facs_plus_bs_80     faceapi     fcnn        -         -         -   
  7c     facs_plus_bs_80     faceapi     cnn1d       -         -         -   
[retry_run] ✅ Succeeded on attempt 1
[retry_run] Attempt 1/3: CUDA_VISIBLE_DEVICES=2 /mnt/extended-home/fitra_dosen/2025_iris_fer_taufik/miniconda3/envs/2025_iris_fer_taufik/bin/python -u scripts/run_unified_image.py --data-dir data/benchmark/kdef_7class --output-prefix models/benchmark/kdef_7class --scenarios b1 b2 b3 --classes 3 7
Device: cuda
DATA_DIR: /mnt/extended-home/fitra_dosen/2025_iris_fer_taufik/MultimodalEmoLearn/data/benchmark/kdef_7class
Output: /mnt/extended-home/fitra_dosen/2025_iris_fer_taufik/MultimodalEmoLearn/models/benchmark/kdef_7class
Total runs: 12
Pre-loaded 12 existing runs (use --force-retrain to ignore)

[1/12] SKIP cnn_scratch_b1_3c (existing, mf1=0.7845)

[2/12] SKIP cnn_scratch_b2_3c (existing, mf1=0.7736)

[3/12] SKIP cnn_scratch_b3_3c (existing, mf1=0.8806)

[4/12] SKIP cnn_tl_b1_3c (existing, mf1=0.9454)

[5/12] SKIP cnn_tl_b2_3c (existing, mf1=0.9403)

[6/12] SKIP cnn_tl_b3_3c (existing, mf1=0.9486)

[7/12] SKIP cnn_scratch_b1_7c (existing, mf1=0.7920)

[8/12] SKIP cnn_scratch_b2_7c (existing, mf1=0.8104)

[9/12] SKIP cnn_scratch_b3_7c (existing, mf1=0.8490)

[10/12] SKIP cnn_tl_b1_7c (existing, mf1=0.8966)

[11/12] SKIP cnn_tl_b2_7c (existing, mf1=0.8761)

[12/12] SKIP cnn_tl_b3_7c (existing, mf1=0.8495)

Sweep done: trained=0, skipped_existing=12
Saved: /mnt/extended-home/fitra_dosen/2025_iris_fer_taufik/MultimodalEmoLearn/models/benchmark/kdef_7class/3class/Unified/cnn_scratch/results.json
Saved: /mnt/extended-home/fitra_dosen/2025_iris_fer_taufik/MultimodalEmoLearn/models/benchmark/kdef_7class/3class/Unified/cnn_tl/results.json
Saved: /mnt/extended-home/fitra_dosen/2025_iris_fer_taufik/MultimodalEmoLearn/models/benchmark/kdef_7class/7class/Unified/cnn_scratch/results.json
Saved: /mnt/extended-home/fitra_dosen/2025_iris_fer_taufik/MultimodalEmoLearn/models/benchmark/kdef_7class/7class/Unified/cnn_tl/results.json

================================================================================
SUMMARY: Unified protocol image-based macro_f1
================================================================================
  scheme  arch                B1        B2        B3
  3c     cnn_scratch     0.7845    0.7736    0.8806
  3c     cnn_tl          0.9454    0.9403    0.9486
  7c     cnn_scratch     0.7920    0.8104    0.8490
  7c     cnn_tl          0.8966    0.8761    0.8495
[retry_run] ✅ Succeeded on attempt 1
[retry_run] Attempt 1/3: CUDA_VISIBLE_DEVICES=2 /mnt/extended-home/fitra_dosen/2025_iris_fer_taufik/miniconda3/envs/2025_iris_fer_taufik/bin/python -u scripts/run_unified_fusion.py --data-dir data/benchmark/kdef_7class --output-prefix models/benchmark/kdef_7class --landmark-sources mediapipe --scenarios b1 b2 b3 --classes 3 7
Device: cuda
DATA_DIR: /mnt/extended-home/fitra_dosen/2025_iris_fer_taufik/MultimodalEmoLearn/data/benchmark/kdef_7class
Output: /mnt/extended-home/fitra_dosen/2025_iris_fer_taufik/MultimodalEmoLearn/models/benchmark/kdef_7class
Total runs: 24
Pre-loaded 24 existing runs (use --force-retrain to ignore)

[1/24] SKIP fusion_early_scratch_b1_3c (existing, mf1=0.7926)

[2/24] SKIP fusion_early_scratch_b2_3c (existing, mf1=0.7742)

[3/24] SKIP fusion_early_scratch_b3_3c (existing, mf1=0.8154)

[4/24] SKIP fusion_early_tl_b1_3c (existing, mf1=0.9441)

[5/24] SKIP fusion_early_tl_b2_3c (existing, mf1=0.9626)

[6/24] SKIP fusion_early_tl_b3_3c (existing, mf1=0.9485)

[7/24] SKIP fusion_intermediate_scratch_b1_3c (existing, mf1=0.7817)

[8/24] SKIP fusion_intermediate_scratch_b2_3c (existing, mf1=0.7404)

[9/24] SKIP fusion_intermediate_scratch_b3_3c (existing, mf1=0.7793)

[10/24] SKIP fusion_intermediate_tl_b1_3c (existing, mf1=0.9405)

[11/24] SKIP fusion_intermediate_tl_b2_3c (existing, mf1=0.9558)

[12/24] SKIP fusion_intermediate_tl_b3_3c (existing, mf1=0.9363)

[13/24] SKIP fusion_early_scratch_b1_7c (existing, mf1=0.7305)

[14/24] SKIP fusion_early_scratch_b2_7c (existing, mf1=0.6833)

[15/24] SKIP fusion_early_scratch_b3_7c (existing, mf1=0.7366)

[16/24] SKIP fusion_early_tl_b1_7c (existing, mf1=0.9140)

[17/24] SKIP fusion_early_tl_b2_7c (existing, mf1=0.9066)

[18/24] SKIP fusion_early_tl_b3_7c (existing, mf1=0.8789)

[19/24] SKIP fusion_intermediate_scratch_b1_7c (existing, mf1=0.7305)

[20/24] SKIP fusion_intermediate_scratch_b2_7c (existing, mf1=0.7208)

[21/24] SKIP fusion_intermediate_scratch_b3_7c (existing, mf1=0.7947)

[22/24] SKIP fusion_intermediate_tl_b1_7c (existing, mf1=0.8632)

[23/24] SKIP fusion_intermediate_tl_b2_7c (existing, mf1=0.8635)

[24/24] SKIP fusion_intermediate_tl_b3_7c (existing, mf1=0.8639)

Sweep done: trained=0, skipped_existing=24
Saved: /mnt/extended-home/fitra_dosen/2025_iris_fer_taufik/MultimodalEmoLearn/models/benchmark/kdef_7class/3class/Unified/fusion_early_scratch/results.json
Saved: /mnt/extended-home/fitra_dosen/2025_iris_fer_taufik/MultimodalEmoLearn/models/benchmark/kdef_7class/3class/Unified/fusion_early_tl/results.json
Saved: /mnt/extended-home/fitra_dosen/2025_iris_fer_taufik/MultimodalEmoLearn/models/benchmark/kdef_7class/3class/Unified/fusion_intermediate_scratch/results.json
Saved: /mnt/extended-home/fitra_dosen/2025_iris_fer_taufik/MultimodalEmoLearn/models/benchmark/kdef_7class/3class/Unified/fusion_intermediate_tl/results.json
Saved: /mnt/extended-home/fitra_dosen/2025_iris_fer_taufik/MultimodalEmoLearn/models/benchmark/kdef_7class/7class/Unified/fusion_early_scratch/results.json
Saved: /mnt/extended-home/fitra_dosen/2025_iris_fer_taufik/MultimodalEmoLearn/models/benchmark/kdef_7class/7class/Unified/fusion_early_tl/results.json
Saved: /mnt/extended-home/fitra_dosen/2025_iris_fer_taufik/MultimodalEmoLearn/models/benchmark/kdef_7class/7class/Unified/fusion_intermediate_scratch/results.json
Saved: /mnt/extended-home/fitra_dosen/2025_iris_fer_taufik/MultimodalEmoLearn/models/benchmark/kdef_7class/7class/Unified/fusion_intermediate_tl/results.json

========================================================================================================================
SUMMARY: Unified protocol fusion macro_f1
========================================================================================================================
  scheme  fusion         mode    variant   feature           lm_src            B1        B2        B3
  3c     early          concat  scratch   raw_136           mediapipe     0.7926    0.7742    0.8154
  3c     early          concat  tl        raw_136           mediapipe     0.9441    0.9626    0.9485
  3c     intermediate   concat  scratch   raw_136           mediapipe     0.7817    0.7404    0.7793
  3c     intermediate   concat  tl        raw_136           mediapipe     0.9405    0.9558    0.9363
  7c     early          concat  scratch   raw_136           mediapipe     0.7305    0.6833    0.7366
  7c     early          concat  tl        raw_136           mediapipe     0.9140    0.9066    0.8789
  7c     intermediate   concat  scratch   raw_136           mediapipe     0.7305    0.7208    0.7947
  7c     intermediate   concat  tl        raw_136           mediapipe     0.8632    0.8635    0.8639
[retry_run] ✅ Succeeded on attempt 1
[retry_run] Attempt 1/3: CUDA_VISIBLE_DEVICES=2 /mnt/extended-home/fitra_dosen/2025_iris_fer_taufik/miniconda3/envs/2025_iris_fer_taufik/bin/python -u scripts/compute_late_fusion_unified.py --data-dir data/benchmark/kdef_7class --output-prefix models/benchmark/kdef_7class --landmark-features raw_136 facs_28 blendshape_52 facs_plus_bs_80 --landmark-sources mediapipe --scenarios b1 b2 b3 --classes 3 7
Device: cuda
DATA_DIR: /mnt/extended-home/fitra_dosen/2025_iris_fer_taufik/MultimodalEmoLearn/data/benchmark/kdef_7class
Output prefix: /mnt/extended-home/fitra_dosen/2025_iris_fer_taufik/MultimodalEmoLearn/models/benchmark/kdef_7class
Cache dir: /mnt/extended-home/fitra_dosen/2025_iris_fer_taufik/MultimodalEmoLearn/models/benchmark/kdef_7class/late_fusion_cache

[3c × scratch × B1] Image branch
  [cache hit] cnn_scratch_b1_3c

[3c × scratch × B2] Image branch
  [cache hit] cnn_scratch_b2_3c

[3c × scratch × B3] Image branch
  [cache hit] cnn_scratch_b3_3c

[3c × tl × B1] Image branch
  [cache hit] cnn_tl_b1_3c

[3c × tl × B2] Image branch
  [cache hit] cnn_tl_b2_3c

[3c × tl × B3] Image branch
  [cache hit] cnn_tl_b3_3c

[3c × raw_136/mediapipe × B1] Landmark branch
  [cache hit] fcnn_raw_136_mp_b1_3c

[3c × raw_136/mediapipe × B2] Landmark branch
  [cache hit] fcnn_raw_136_mp_b2_3c

[3c × raw_136/mediapipe × B3] Landmark branch
  [cache hit] fcnn_raw_136_mp_b3_3c

  [3c × scratch × raw_136/mediapipe × B1] Computing late fusion weight sweep...
  best_w_image=0.75  val_mf1=0.8902  TEST mf1=0.8487  wf1=0.8478  acc=0.8469

  [3c × scratch × raw_136/mediapipe × B2] Computing late fusion weight sweep...
  best_w_image=0.65  val_mf1=0.9369  TEST mf1=0.8095  wf1=0.8245  acc=0.8231

  [3c × scratch × raw_136/mediapipe × B3] Computing late fusion weight sweep...
  best_w_image=0.80  val_mf1=0.9861  TEST mf1=0.8453  wf1=0.8646  acc=0.8639

  [3c × tl × raw_136/mediapipe × B1] Computing late fusion weight sweep...
  best_w_image=0.55  val_mf1=0.9869  TEST mf1=0.9343  wf1=0.9357  acc=0.9354

  [3c × tl × raw_136/mediapipe × B2] Computing late fusion weight sweep...
  best_w_image=0.55  val_mf1=0.9871  TEST mf1=0.9259  wf1=0.9322  acc=0.9320

  [3c × tl × raw_136/mediapipe × B3] Computing late fusion weight sweep...
  best_w_image=0.55  val_mf1=0.9970  TEST mf1=0.9508  wf1=0.9526  acc=0.9524

[3c × facs_28/mediapipe × B1] Landmark branch
  [cache hit] fcnn_facs_28_mp_b1_3c

[3c × facs_28/mediapipe × B2] Landmark branch
  [cache hit] fcnn_facs_28_mp_b2_3c

[3c × facs_28/mediapipe × B3] Landmark branch
  [cache hit] fcnn_facs_28_mp_b3_3c

  [3c × scratch × facs_28/mediapipe × B1] Computing late fusion weight sweep...
  best_w_image=0.15  val_mf1=0.9441  TEST mf1=0.7629  wf1=0.7854  acc=0.7857

  [3c × scratch × facs_28/mediapipe × B2] Computing late fusion weight sweep...
  best_w_image=0.50  val_mf1=0.9565  TEST mf1=0.8421  wf1=0.8474  acc=0.8469

  [3c × scratch × facs_28/mediapipe × B3] Computing late fusion weight sweep...
  best_w_image=0.85  val_mf1=0.9861  TEST mf1=0.8508  wf1=0.8682  acc=0.8673

  [3c × tl × facs_28/mediapipe × B1] Computing late fusion weight sweep...
  best_w_image=0.55  val_mf1=0.9890  TEST mf1=0.9390  wf1=0.9391  acc=0.9388

  [3c × tl × facs_28/mediapipe × B2] Computing late fusion weight sweep...
  best_w_image=0.50  val_mf1=0.9873  TEST mf1=0.9303  wf1=0.9323  acc=0.9320

  [3c × tl × facs_28/mediapipe × B3] Computing late fusion weight sweep...
  best_w_image=0.60  val_mf1=0.9921  TEST mf1=0.9581  wf1=0.9562  acc=0.9558

[3c × blendshape_52/mediapipe × B1] Landmark branch
  [cache hit] fcnn_blendshape_52_mp_b1_3c

[3c × blendshape_52/mediapipe × B2] Landmark branch
  [cache hit] fcnn_blendshape_52_mp_b2_3c

[3c × blendshape_52/mediapipe × B3] Landmark branch
  [cache hit] fcnn_blendshape_52_mp_b3_3c

  [3c × scratch × blendshape_52/mediapipe × B1] Computing late fusion weight sweep...
  best_w_image=0.50  val_mf1=0.9064  TEST mf1=0.8422  wf1=0.8506  acc=0.8503

  [3c × scratch × blendshape_52/mediapipe × B2] Computing late fusion weight sweep...
  best_w_image=0.65  val_mf1=0.9553  TEST mf1=0.8235  wf1=0.8343  acc=0.8333

  [3c × scratch × blendshape_52/mediapipe × B3] Computing late fusion weight sweep...
  best_w_image=0.85  val_mf1=0.9861  TEST mf1=0.8480  wf1=0.8680  acc=0.8673

  [3c × tl × blendshape_52/mediapipe × B1] Computing late fusion weight sweep...
  best_w_image=0.60  val_mf1=0.9869  TEST mf1=0.9362  wf1=0.9358  acc=0.9354

  [3c × tl × blendshape_52/mediapipe × B2] Computing late fusion weight sweep...
  best_w_image=0.50  val_mf1=0.9843  TEST mf1=0.9324  wf1=0.9324  acc=0.9320

  [3c × tl × blendshape_52/mediapipe × B3] Computing late fusion weight sweep...
  best_w_image=0.60  val_mf1=0.9921  TEST mf1=0.9529  wf1=0.9528  acc=0.9524

[3c × facs_plus_bs_80/mediapipe × B1] Landmark branch
  [cache hit] fcnn_facs_plus_bs_80_mp_b1_3c

[3c × facs_plus_bs_80/mediapipe × B2] Landmark branch
  [cache hit] fcnn_facs_plus_bs_80_mp_b2_3c

[3c × facs_plus_bs_80/mediapipe × B3] Landmark branch
  [cache hit] fcnn_facs_plus_bs_80_mp_b3_3c

  [3c × scratch × facs_plus_bs_80/mediapipe × B1] Computing late fusion weight sweep...
  best_w_image=0.30  val_mf1=0.9387  TEST mf1=0.7870  wf1=0.8107  acc=0.8129

  [3c × scratch × facs_plus_bs_80/mediapipe × B2] Computing late fusion weight sweep...
  best_w_image=0.60  val_mf1=0.9511  TEST mf1=0.8123  wf1=0.8298  acc=0.8299

  [3c × scratch × facs_plus_bs_80/mediapipe × B3] Computing late fusion weight sweep...
  best_w_image=0.55  val_mf1=0.9881  TEST mf1=0.8518  wf1=0.8704  acc=0.8707

  [3c × tl × facs_plus_bs_80/mediapipe × B1] Computing late fusion weight sweep...
  best_w_image=0.60  val_mf1=0.9920  TEST mf1=0.9313  wf1=0.9323  acc=0.9320

  [3c × tl × facs_plus_bs_80/mediapipe × B2] Computing late fusion weight sweep...
  best_w_image=0.55  val_mf1=0.9920  TEST mf1=0.9253  wf1=0.9321  acc=0.9320

  [3c × tl × facs_plus_bs_80/mediapipe × B3] Computing late fusion weight sweep...
  best_w_image=0.65  val_mf1=0.9921  TEST mf1=0.9558  wf1=0.9561  acc=0.9558

[7c × scratch × B1] Image branch
  [cache hit] cnn_scratch_b1_7c

[7c × scratch × B2] Image branch
  [cache hit] cnn_scratch_b2_7c

[7c × scratch × B3] Image branch
  [cache hit] cnn_scratch_b3_7c

[7c × tl × B1] Image branch
  [cache hit] cnn_tl_b1_7c

[7c × tl × B2] Image branch
  [cache hit] cnn_tl_b2_7c

[7c × tl × B3] Image branch
  [cache hit] cnn_tl_b3_7c

[7c × raw_136/mediapipe × B1] Landmark branch
  [cache hit] fcnn_raw_136_mp_b1_7c

[7c × raw_136/mediapipe × B2] Landmark branch
  [cache hit] fcnn_raw_136_mp_b2_7c

[7c × raw_136/mediapipe × B3] Landmark branch
  [cache hit] fcnn_raw_136_mp_b3_7c

  [7c × scratch × raw_136/mediapipe × B1] Computing late fusion weight sweep...
  best_w_image=0.40  val_mf1=0.8569  TEST mf1=0.7774  wf1=0.7774  acc=0.7823

  [7c × scratch × raw_136/mediapipe × B2] Computing late fusion weight sweep...
  best_w_image=0.50  val_mf1=0.8278  TEST mf1=0.7922  wf1=0.7922  acc=0.7959

  [7c × scratch × raw_136/mediapipe × B3] Computing late fusion weight sweep...
  best_w_image=0.35  val_mf1=0.8380  TEST mf1=0.8167  wf1=0.8167  acc=0.8197

  [7c × tl × raw_136/mediapipe × B1] Computing late fusion weight sweep...
  best_w_image=0.55  val_mf1=0.9148  TEST mf1=0.8995  wf1=0.8995  acc=0.9014

  [7c × tl × raw_136/mediapipe × B2] Computing late fusion weight sweep...
  best_w_image=0.55  val_mf1=0.9138  TEST mf1=0.8546  wf1=0.8546  acc=0.8605

  [7c × tl × raw_136/mediapipe × B3] Computing late fusion weight sweep...
  best_w_image=0.50  val_mf1=0.9177  TEST mf1=0.8505  wf1=0.8505  acc=0.8571

[7c × facs_28/mediapipe × B1] Landmark branch
  [cache hit] fcnn_facs_28_mp_b1_7c

[7c × facs_28/mediapipe × B2] Landmark branch
  [cache hit] fcnn_facs_28_mp_b2_7c

[7c × facs_28/mediapipe × B3] Landmark branch
  [cache hit] fcnn_facs_28_mp_b3_7c

  [7c × scratch × facs_28/mediapipe × B1] Computing late fusion weight sweep...
  best_w_image=0.45  val_mf1=0.8810  TEST mf1=0.7930  wf1=0.7930  acc=0.7993

  [7c × scratch × facs_28/mediapipe × B2] Computing late fusion weight sweep...
  best_w_image=0.35  val_mf1=0.8775  TEST mf1=0.7758  wf1=0.7758  acc=0.7823

  [7c × scratch × facs_28/mediapipe × B3] Computing late fusion weight sweep...
  best_w_image=0.45  val_mf1=0.8660  TEST mf1=0.8203  wf1=0.8203  acc=0.8231

  [7c × tl × facs_28/mediapipe × B1] Computing late fusion weight sweep...
  best_w_image=0.50  val_mf1=0.9281  TEST mf1=0.8926  wf1=0.8926  acc=0.8946

  [7c × tl × facs_28/mediapipe × B2] Computing late fusion weight sweep...
  best_w_image=0.40  val_mf1=0.9243  TEST mf1=0.8343  wf1=0.8343  acc=0.8435

  [7c × tl × facs_28/mediapipe × B3] Computing late fusion weight sweep...
  best_w_image=0.50  val_mf1=0.9212  TEST mf1=0.8461  wf1=0.8461  acc=0.8537

[7c × blendshape_52/mediapipe × B1] Landmark branch
  [cache hit] fcnn_blendshape_52_mp_b1_7c

[7c × blendshape_52/mediapipe × B2] Landmark branch
  [cache hit] fcnn_blendshape_52_mp_b2_7c

[7c × blendshape_52/mediapipe × B3] Landmark branch
  [cache hit] fcnn_blendshape_52_mp_b3_7c

  [7c × scratch × blendshape_52/mediapipe × B1] Computing late fusion weight sweep...
  best_w_image=0.55  val_mf1=0.8631  TEST mf1=0.8074  wf1=0.8074  acc=0.8129

  [7c × scratch × blendshape_52/mediapipe × B2] Computing late fusion weight sweep...
  best_w_image=0.30  val_mf1=0.8521  TEST mf1=0.7434  wf1=0.7434  acc=0.7483

  [7c × scratch × blendshape_52/mediapipe × B3] Computing late fusion weight sweep...
  best_w_image=0.40  val_mf1=0.8571  TEST mf1=0.7901  wf1=0.7901  acc=0.7925

  [7c × tl × blendshape_52/mediapipe × B1] Computing late fusion weight sweep...
  best_w_image=0.50  val_mf1=0.9245  TEST mf1=0.8895  wf1=0.8895  acc=0.8912

  [7c × tl × blendshape_52/mediapipe × B2] Computing late fusion weight sweep...
  best_w_image=0.75  val_mf1=0.9171  TEST mf1=0.8524  wf1=0.8524  acc=0.8605

  [7c × tl × blendshape_52/mediapipe × B3] Computing late fusion weight sweep...
  best_w_image=0.45  val_mf1=0.9029  TEST mf1=0.8595  wf1=0.8595  acc=0.8639

[7c × facs_plus_bs_80/mediapipe × B1] Landmark branch
  [cache hit] fcnn_facs_plus_bs_80_mp_b1_7c

[7c × facs_plus_bs_80/mediapipe × B2] Landmark branch
  [cache hit] fcnn_facs_plus_bs_80_mp_b2_7c

[7c × facs_plus_bs_80/mediapipe × B3] Landmark branch
  [cache hit] fcnn_facs_plus_bs_80_mp_b3_7c

  [7c × scratch × facs_plus_bs_80/mediapipe × B1] Computing late fusion weight sweep...
  best_w_image=0.45  val_mf1=0.8686  TEST mf1=0.7945  wf1=0.7945  acc=0.7993

  [7c × scratch × facs_plus_bs_80/mediapipe × B2] Computing late fusion weight sweep...
  best_w_image=0.40  val_mf1=0.8696  TEST mf1=0.7598  wf1=0.7598  acc=0.7653

  [7c × scratch × facs_plus_bs_80/mediapipe × B3] Computing late fusion weight sweep...
  best_w_image=0.40  val_mf1=0.8712  TEST mf1=0.7963  wf1=0.7963  acc=0.7993

  [7c × tl × facs_plus_bs_80/mediapipe × B1] Computing late fusion weight sweep...
  best_w_image=0.50  val_mf1=0.9217  TEST mf1=0.9069  wf1=0.9069  acc=0.9082

  [7c × tl × facs_plus_bs_80/mediapipe × B2] Computing late fusion weight sweep...
  best_w_image=0.65  val_mf1=0.9213  TEST mf1=0.8457  wf1=0.8457  acc=0.8537

  [7c × tl × facs_plus_bs_80/mediapipe × B3] Computing late fusion weight sweep...
  best_w_image=0.50  val_mf1=0.9140  TEST mf1=0.8615  wf1=0.8615  acc=0.8673
Saved: /mnt/extended-home/fitra_dosen/2025_iris_fer_taufik/MultimodalEmoLearn/models/benchmark/kdef_7class/3class/Unified/fusion_late_scratch/results.json
Saved: /mnt/extended-home/fitra_dosen/2025_iris_fer_taufik/MultimodalEmoLearn/models/benchmark/kdef_7class/3class/Unified/fusion_late_tl/results.json
Saved: /mnt/extended-home/fitra_dosen/2025_iris_fer_taufik/MultimodalEmoLearn/models/benchmark/kdef_7class/3class/Unified/fusion_late_scratch_facs_28/results.json
Saved: /mnt/extended-home/fitra_dosen/2025_iris_fer_taufik/MultimodalEmoLearn/models/benchmark/kdef_7class/3class/Unified/fusion_late_tl_facs_28/results.json
Saved: /mnt/extended-home/fitra_dosen/2025_iris_fer_taufik/MultimodalEmoLearn/models/benchmark/kdef_7class/3class/Unified/fusion_late_scratch_blendshape_52/results.json
Saved: /mnt/extended-home/fitra_dosen/2025_iris_fer_taufik/MultimodalEmoLearn/models/benchmark/kdef_7class/3class/Unified/fusion_late_tl_blendshape_52/results.json
Saved: /mnt/extended-home/fitra_dosen/2025_iris_fer_taufik/MultimodalEmoLearn/models/benchmark/kdef_7class/3class/Unified/fusion_late_scratch_facs_plus_bs_80/results.json
Saved: /mnt/extended-home/fitra_dosen/2025_iris_fer_taufik/MultimodalEmoLearn/models/benchmark/kdef_7class/3class/Unified/fusion_late_tl_facs_plus_bs_80/results.json
Saved: /mnt/extended-home/fitra_dosen/2025_iris_fer_taufik/MultimodalEmoLearn/models/benchmark/kdef_7class/7class/Unified/fusion_late_scratch/results.json
Saved: /mnt/extended-home/fitra_dosen/2025_iris_fer_taufik/MultimodalEmoLearn/models/benchmark/kdef_7class/7class/Unified/fusion_late_tl/results.json
Saved: /mnt/extended-home/fitra_dosen/2025_iris_fer_taufik/MultimodalEmoLearn/models/benchmark/kdef_7class/7class/Unified/fusion_late_scratch_facs_28/results.json
Saved: /mnt/extended-home/fitra_dosen/2025_iris_fer_taufik/MultimodalEmoLearn/models/benchmark/kdef_7class/7class/Unified/fusion_late_tl_facs_28/results.json
Saved: /mnt/extended-home/fitra_dosen/2025_iris_fer_taufik/MultimodalEmoLearn/models/benchmark/kdef_7class/7class/Unified/fusion_late_scratch_blendshape_52/results.json
Saved: /mnt/extended-home/fitra_dosen/2025_iris_fer_taufik/MultimodalEmoLearn/models/benchmark/kdef_7class/7class/Unified/fusion_late_tl_blendshape_52/results.json
Saved: /mnt/extended-home/fitra_dosen/2025_iris_fer_taufik/MultimodalEmoLearn/models/benchmark/kdef_7class/7class/Unified/fusion_late_scratch_facs_plus_bs_80/results.json
Saved: /mnt/extended-home/fitra_dosen/2025_iris_fer_taufik/MultimodalEmoLearn/models/benchmark/kdef_7class/7class/Unified/fusion_late_tl_facs_plus_bs_80/results.json

====================================================================================================
SUMMARY: Late Fusion Unified Protocol macro_f1
====================================================================================================
  scheme  variant   feature             source            B1        B2        B3
  3c     scratch   raw_136             mediapipe     0.8487    0.8095    0.8453
  3c     tl        raw_136             mediapipe     0.9343    0.9259    0.9508
  3c     scratch   facs_28             mediapipe     0.7629    0.8421    0.8508
  3c     tl        facs_28             mediapipe     0.9390    0.9303    0.9581
  3c     scratch   blendshape_52       mediapipe     0.8422    0.8235    0.8480
  3c     tl        blendshape_52       mediapipe     0.9362    0.9324    0.9529
  3c     scratch   facs_plus_bs_80     mediapipe     0.7870    0.8123    0.8518
  3c     tl        facs_plus_bs_80     mediapipe     0.9313    0.9253    0.9558
  7c     scratch   raw_136             mediapipe     0.7774    0.7922    0.8167
  7c     tl        raw_136             mediapipe     0.8995    0.8546    0.8505
  7c     scratch   facs_28             mediapipe     0.7930    0.7758    0.8203
  7c     tl        facs_28             mediapipe     0.8926    0.8343    0.8461
  7c     scratch   blendshape_52       mediapipe     0.8074    0.7434    0.7901
  7c     tl        blendshape_52       mediapipe     0.8895    0.8524    0.8595
  7c     scratch   facs_plus_bs_80     mediapipe     0.7945    0.7598    0.7963
  7c     tl        facs_plus_bs_80     mediapipe     0.9069    0.8457    0.8615
[retry_run] ✅ Succeeded on attempt 1
[retry_run] Attempt 1/3: CUDA_VISIBLE_DEVICES=2 /mnt/extended-home/fitra_dosen/2025_iris_fer_taufik/miniconda3/envs/2025_iris_fer_taufik/bin/python -u scripts/run_unified_fusion.py --data-dir data/benchmark/kdef_7class --output-prefix models/benchmark/kdef_7class --fusions early --variants scratch tl --landmark-features raw_136 --landmark-sources mediapipe --early-fusion-modes gated --scenarios b1 b2 b3 --classes 3 7
Device: cuda
DATA_DIR: /mnt/extended-home/fitra_dosen/2025_iris_fer_taufik/MultimodalEmoLearn/data/benchmark/kdef_7class
Output: /mnt/extended-home/fitra_dosen/2025_iris_fer_taufik/MultimodalEmoLearn/models/benchmark/kdef_7class
Total runs: 12
Pre-loaded 12 existing runs (use --force-retrain to ignore)

[1/12] SKIP fusion_early_gated_scratch_b1_3c (existing, mf1=0.7679)

[2/12] SKIP fusion_early_gated_scratch_b2_3c (existing, mf1=0.7800)

[3/12] SKIP fusion_early_gated_scratch_b3_3c (existing, mf1=0.8048)

[4/12] SKIP fusion_early_gated_tl_b1_3c (existing, mf1=0.9009)

[5/12] SKIP fusion_early_gated_tl_b2_3c (existing, mf1=0.9509)

[6/12] SKIP fusion_early_gated_tl_b3_3c (existing, mf1=0.9121)

[7/12] SKIP fusion_early_gated_scratch_b1_7c (existing, mf1=0.7372)

[8/12] SKIP fusion_early_gated_scratch_b2_7c (existing, mf1=0.7323)

[9/12] SKIP fusion_early_gated_scratch_b3_7c (existing, mf1=0.7502)

[10/12] SKIP fusion_early_gated_tl_b1_7c (existing, mf1=0.8975)

[11/12] SKIP fusion_early_gated_tl_b2_7c (existing, mf1=0.8532)

[12/12] SKIP fusion_early_gated_tl_b3_7c (existing, mf1=0.8802)

Sweep done: trained=0, skipped_existing=12
Saved: /mnt/extended-home/fitra_dosen/2025_iris_fer_taufik/MultimodalEmoLearn/models/benchmark/kdef_7class/3class/Unified/fusion_early_gated_scratch/results.json
Saved: /mnt/extended-home/fitra_dosen/2025_iris_fer_taufik/MultimodalEmoLearn/models/benchmark/kdef_7class/3class/Unified/fusion_early_gated_tl/results.json
Saved: /mnt/extended-home/fitra_dosen/2025_iris_fer_taufik/MultimodalEmoLearn/models/benchmark/kdef_7class/7class/Unified/fusion_early_gated_scratch/results.json
Saved: /mnt/extended-home/fitra_dosen/2025_iris_fer_taufik/MultimodalEmoLearn/models/benchmark/kdef_7class/7class/Unified/fusion_early_gated_tl/results.json

========================================================================================================================
SUMMARY: Unified protocol fusion macro_f1
========================================================================================================================
  scheme  fusion         mode    variant   feature           lm_src            B1        B2        B3
  3c     early          gated   scratch   raw_136           mediapipe     0.7679    0.7800    0.8048
  3c     early          gated   tl        raw_136           mediapipe     0.9009    0.9509    0.9121
  7c     early          gated   scratch   raw_136           mediapipe     0.7372    0.7323    0.7502
  7c     early          gated   tl        raw_136           mediapipe     0.8975    0.8532    0.8802
[retry_run] ✅ Succeeded on attempt 1
--- supervisor: rafdb_7class ---
[retry_run] Attempt 1/3: CUDA_VISIBLE_DEVICES=2 /mnt/extended-home/fitra_dosen/2025_iris_fer_taufik/miniconda3/envs/2025_iris_fer_taufik/bin/python -u scripts/run_unified_landmark.py --data-dir data/benchmark/rafdb_7class --output-prefix models/benchmark/rafdb_7class --features raw_136 facs_28 --archs fcnn cnn1d --sources mediapipe --scenarios b1 b2 b3 --classes 3 7
Device: cuda
DATA_DIR: /mnt/extended-home/fitra_dosen/2025_iris_fer_taufik/MultimodalEmoLearn/data/benchmark/rafdb_7class
Output: /mnt/extended-home/fitra_dosen/2025_iris_fer_taufik/MultimodalEmoLearn/models/benchmark/rafdb_7class
Total runs: 24
Pre-loaded 24 existing runs (use --force-retrain to ignore)

[1/24] SKIP mediapipe_raw_136_fcnn_b1_3c (existing, mf1=0.6724)

[2/24] SKIP mediapipe_raw_136_fcnn_b2_3c (existing, mf1=0.6522)

[3/24] SKIP mediapipe_raw_136_fcnn_b3_3c (existing, mf1=0.6603)

[4/24] SKIP mediapipe_raw_136_cnn1d_b1_3c (existing, mf1=0.6720)

[5/24] SKIP mediapipe_raw_136_cnn1d_b2_3c (existing, mf1=0.6515)

[6/24] SKIP mediapipe_raw_136_cnn1d_b3_3c (existing, mf1=0.6489)

[7/24] SKIP mediapipe_facs_28_fcnn_b1_3c (existing, mf1=0.6856)

[8/24] SKIP mediapipe_facs_28_fcnn_b2_3c (existing, mf1=0.6871)

[9/24] SKIP mediapipe_facs_28_fcnn_b3_3c (existing, mf1=0.6465)

[10/24] SKIP mediapipe_facs_28_cnn1d_b1_3c (existing, mf1=0.6709)

[11/24] SKIP mediapipe_facs_28_cnn1d_b2_3c (existing, mf1=0.6503)

[12/24] SKIP mediapipe_facs_28_cnn1d_b3_3c (existing, mf1=0.6441)

[13/24] SKIP mediapipe_raw_136_fcnn_b1_7c (existing, mf1=0.5373)

[14/24] SKIP mediapipe_raw_136_fcnn_b2_7c (existing, mf1=0.5197)

[15/24] SKIP mediapipe_raw_136_fcnn_b3_7c (existing, mf1=0.4768)

[16/24] SKIP mediapipe_raw_136_cnn1d_b1_7c (existing, mf1=0.5015)

[17/24] SKIP mediapipe_raw_136_cnn1d_b2_7c (existing, mf1=0.5028)

[18/24] SKIP mediapipe_raw_136_cnn1d_b3_7c (existing, mf1=0.4735)

[19/24] SKIP mediapipe_facs_28_fcnn_b1_7c (existing, mf1=0.4734)

[20/24] SKIP mediapipe_facs_28_fcnn_b2_7c (existing, mf1=0.4845)

[21/24] SKIP mediapipe_facs_28_fcnn_b3_7c (existing, mf1=0.4942)

[22/24] SKIP mediapipe_facs_28_cnn1d_b1_7c (existing, mf1=0.4722)

[23/24] SKIP mediapipe_facs_28_cnn1d_b2_7c (existing, mf1=0.4762)

[24/24] SKIP mediapipe_facs_28_cnn1d_b3_7c (existing, mf1=0.4762)

Sweep done: trained=0, skipped_existing=24
Saved: /mnt/extended-home/fitra_dosen/2025_iris_fer_taufik/MultimodalEmoLearn/models/benchmark/rafdb_7class/3class/Unified/raw_136/results.json
Saved: /mnt/extended-home/fitra_dosen/2025_iris_fer_taufik/MultimodalEmoLearn/models/benchmark/rafdb_7class/3class/Unified/facs_28/results.json
Saved: /mnt/extended-home/fitra_dosen/2025_iris_fer_taufik/MultimodalEmoLearn/models/benchmark/rafdb_7class/7class/Unified/raw_136/results.json
Saved: /mnt/extended-home/fitra_dosen/2025_iris_fer_taufik/MultimodalEmoLearn/models/benchmark/rafdb_7class/7class/Unified/facs_28/results.json

===============================================================================================
SUMMARY: Unified protocol macro_f1
===============================================================================================
  scheme  feat      src         arch          B1        B2        B3
  3c     raw_136   mediapipe   fcnn      0.6724    0.6522    0.6603
  3c     raw_136   mediapipe   cnn1d     0.6720    0.6515    0.6489
  3c     facs_28   mediapipe   fcnn      0.6856    0.6871    0.6465
  3c     facs_28   mediapipe   cnn1d     0.6709    0.6503    0.6441
  7c     raw_136   mediapipe   fcnn      0.5373    0.5197    0.4768
  7c     raw_136   mediapipe   cnn1d     0.5015    0.5028    0.4735
  7c     facs_28   mediapipe   fcnn      0.4734    0.4845    0.4942
  7c     facs_28   mediapipe   cnn1d     0.4722    0.4762    0.4762
[retry_run] ✅ Succeeded on attempt 1
[retry_run] Attempt 1/3: CUDA_VISIBLE_DEVICES=2 /mnt/extended-home/fitra_dosen/2025_iris_fer_taufik/miniconda3/envs/2025_iris_fer_taufik/bin/python -u scripts/run_unified_derived.py --data-dir data/benchmark/rafdb_7class --output-prefix models/benchmark/rafdb_7class --features blendshape_52 facs_plus_bs_80 --sources mediapipe --archs fcnn cnn1d --scenarios b1 b2 b3 --classes 3 7
Device: cuda
DATA_DIR: /mnt/extended-home/fitra_dosen/2025_iris_fer_taufik/MultimodalEmoLearn/data/benchmark/rafdb_7class
Output: /mnt/extended-home/fitra_dosen/2025_iris_fer_taufik/MultimodalEmoLearn/models/benchmark/rafdb_7class
Total runs: 24
Pre-loaded 24 existing runs (use --force-retrain to ignore)

[1/24] SKIP blendshape_52_mediapipe_fcnn_b1_3c (existing, mf1=0.6787)

[2/24] SKIP blendshape_52_mediapipe_fcnn_b2_3c (existing, mf1=0.6720)

[3/24] SKIP blendshape_52_mediapipe_fcnn_b3_3c (existing, mf1=0.6656)

[4/24] SKIP blendshape_52_mediapipe_cnn1d_b1_3c (existing, mf1=0.6628)

[5/24] SKIP blendshape_52_mediapipe_cnn1d_b2_3c (existing, mf1=0.6537)

[6/24] SKIP blendshape_52_mediapipe_cnn1d_b3_3c (existing, mf1=0.6513)

[7/24] SKIP blendshape_52_mediapipe_fcnn_b1_7c (existing, mf1=0.5033)

[8/24] SKIP blendshape_52_mediapipe_fcnn_b2_7c (existing, mf1=0.4717)

[9/24] SKIP blendshape_52_mediapipe_fcnn_b3_7c (existing, mf1=0.4732)

[10/24] SKIP blendshape_52_mediapipe_cnn1d_b1_7c (existing, mf1=0.4822)

[11/24] SKIP blendshape_52_mediapipe_cnn1d_b2_7c (existing, mf1=0.4793)

[12/24] SKIP blendshape_52_mediapipe_cnn1d_b3_7c (existing, mf1=0.4546)

[13/24] SKIP facs_plus_bs_80_mediapipe_fcnn_b1_3c (existing, mf1=0.6915)

[14/24] SKIP facs_plus_bs_80_mediapipe_fcnn_b2_3c (existing, mf1=0.6843)

[15/24] SKIP facs_plus_bs_80_mediapipe_fcnn_b3_3c (existing, mf1=0.6777)

[16/24] SKIP facs_plus_bs_80_mediapipe_cnn1d_b1_3c (existing, mf1=0.6683)

[17/24] SKIP facs_plus_bs_80_mediapipe_cnn1d_b2_3c (existing, mf1=0.6578)

[18/24] SKIP facs_plus_bs_80_mediapipe_cnn1d_b3_3c (existing, mf1=0.6716)

[19/24] SKIP facs_plus_bs_80_mediapipe_fcnn_b1_7c (existing, mf1=0.5418)

[20/24] SKIP facs_plus_bs_80_mediapipe_fcnn_b2_7c (existing, mf1=0.5236)

[21/24] SKIP facs_plus_bs_80_mediapipe_fcnn_b3_7c (existing, mf1=0.5122)

[22/24] SKIP facs_plus_bs_80_mediapipe_cnn1d_b1_7c (existing, mf1=0.4431)

[23/24] SKIP facs_plus_bs_80_mediapipe_cnn1d_b2_7c (existing, mf1=0.4983)

[24/24] SKIP facs_plus_bs_80_mediapipe_cnn1d_b3_7c (existing, mf1=0.4836)

Sweep done: trained=0, skipped_existing=24
Saved: /mnt/extended-home/fitra_dosen/2025_iris_fer_taufik/MultimodalEmoLearn/models/benchmark/rafdb_7class/3class/Unified/blendshape_52/results.json
Saved: /mnt/extended-home/fitra_dosen/2025_iris_fer_taufik/MultimodalEmoLearn/models/benchmark/rafdb_7class/3class/Unified/facs_plus_bs_80/results.json
Saved: /mnt/extended-home/fitra_dosen/2025_iris_fer_taufik/MultimodalEmoLearn/models/benchmark/rafdb_7class/7class/Unified/blendshape_52/results.json
Saved: /mnt/extended-home/fitra_dosen/2025_iris_fer_taufik/MultimodalEmoLearn/models/benchmark/rafdb_7class/7class/Unified/facs_plus_bs_80/results.json

===============================================================================================
SUMMARY: derived features macro_f1
===============================================================================================
  scheme  feat                src         arch          B1        B2        B3
  3c     blendshape_52       mediapipe   fcnn      0.6787    0.6720    0.6656
  3c     blendshape_52       mediapipe   cnn1d     0.6628    0.6537    0.6513
  3c     facs_plus_bs_80     mediapipe   fcnn      0.6915    0.6843    0.6777
  3c     facs_plus_bs_80     mediapipe   cnn1d     0.6683    0.6578    0.6716
  3c     facs_plus_bs_80     faceapi     fcnn        -         -         -   
  3c     facs_plus_bs_80     faceapi     cnn1d       -         -         -   
  7c     blendshape_52       mediapipe   fcnn      0.5033    0.4717    0.4732
  7c     blendshape_52       mediapipe   cnn1d     0.4822    0.4793    0.4546
  7c     facs_plus_bs_80     mediapipe   fcnn      0.5418    0.5236    0.5122
  7c     facs_plus_bs_80     mediapipe   cnn1d     0.4431    0.4983    0.4836
  7c     facs_plus_bs_80     faceapi     fcnn        -         -         -   
  7c     facs_plus_bs_80     faceapi     cnn1d       -         -         -   
[retry_run] ✅ Succeeded on attempt 1
[retry_run] Attempt 1/3: CUDA_VISIBLE_DEVICES=2 /mnt/extended-home/fitra_dosen/2025_iris_fer_taufik/miniconda3/envs/2025_iris_fer_taufik/bin/python -u scripts/run_unified_image.py --data-dir data/benchmark/rafdb_7class --output-prefix models/benchmark/rafdb_7class --scenarios b1 b2 b3 --classes 3 7
Device: cuda
DATA_DIR: /mnt/extended-home/fitra_dosen/2025_iris_fer_taufik/MultimodalEmoLearn/data/benchmark/rafdb_7class
Output: /mnt/extended-home/fitra_dosen/2025_iris_fer_taufik/MultimodalEmoLearn/models/benchmark/rafdb_7class
Total runs: 12
Pre-loaded 12 existing runs (use --force-retrain to ignore)

[1/12] SKIP cnn_scratch_b1_3c (existing, mf1=0.7809)

[2/12] SKIP cnn_scratch_b2_3c (existing, mf1=0.7851)

[3/12] SKIP cnn_scratch_b3_3c (existing, mf1=0.8180)

[4/12] SKIP cnn_tl_b1_3c (existing, mf1=0.8254)

[5/12] SKIP cnn_tl_b2_3c (existing, mf1=0.8093)

[6/12] SKIP cnn_tl_b3_3c (existing, mf1=0.8444)

[7/12] SKIP cnn_scratch_b1_7c (existing, mf1=0.6887)

[8/12] SKIP cnn_scratch_b2_7c (existing, mf1=0.6862)

[9/12] SKIP cnn_scratch_b3_7c (existing, mf1=0.7227)

[10/12] SKIP cnn_tl_b1_7c (existing, mf1=0.7255)

[11/12] SKIP cnn_tl_b2_7c (existing, mf1=0.7137)

[12/12] SKIP cnn_tl_b3_7c (existing, mf1=0.7355)

Sweep done: trained=0, skipped_existing=12
Saved: /mnt/extended-home/fitra_dosen/2025_iris_fer_taufik/MultimodalEmoLearn/models/benchmark/rafdb_7class/3class/Unified/cnn_scratch/results.json
Saved: /mnt/extended-home/fitra_dosen/2025_iris_fer_taufik/MultimodalEmoLearn/models/benchmark/rafdb_7class/3class/Unified/cnn_tl/results.json
Saved: /mnt/extended-home/fitra_dosen/2025_iris_fer_taufik/MultimodalEmoLearn/models/benchmark/rafdb_7class/7class/Unified/cnn_scratch/results.json
Saved: /mnt/extended-home/fitra_dosen/2025_iris_fer_taufik/MultimodalEmoLearn/models/benchmark/rafdb_7class/7class/Unified/cnn_tl/results.json

================================================================================
SUMMARY: Unified protocol image-based macro_f1
================================================================================
  scheme  arch                B1        B2        B3
  3c     cnn_scratch     0.7809    0.7851    0.8180
  3c     cnn_tl          0.8254    0.8093    0.8444
  7c     cnn_scratch     0.6887    0.6862    0.7227
  7c     cnn_tl          0.7255    0.7137    0.7355
[retry_run] ✅ Succeeded on attempt 1
[retry_run] Attempt 1/3: CUDA_VISIBLE_DEVICES=2 /mnt/extended-home/fitra_dosen/2025_iris_fer_taufik/miniconda3/envs/2025_iris_fer_taufik/bin/python -u scripts/run_unified_fusion.py --data-dir data/benchmark/rafdb_7class --output-prefix models/benchmark/rafdb_7class --landmark-sources mediapipe --scenarios b1 b2 b3 --classes 3 7
Device: cuda
DATA_DIR: /mnt/extended-home/fitra_dosen/2025_iris_fer_taufik/MultimodalEmoLearn/data/benchmark/rafdb_7class
Output: /mnt/extended-home/fitra_dosen/2025_iris_fer_taufik/MultimodalEmoLearn/models/benchmark/rafdb_7class
Total runs: 24
Pre-loaded 24 existing runs (use --force-retrain to ignore)

[1/24] SKIP fusion_early_scratch_b1_3c (existing, mf1=0.7723)

[2/24] SKIP fusion_early_scratch_b2_3c (existing, mf1=0.7923)

[3/24] SKIP fusion_early_scratch_b3_3c (existing, mf1=0.8231)

[4/24] SKIP fusion_early_tl_b1_3c (existing, mf1=0.8041)

[5/24] SKIP fusion_early_tl_b2_3c (existing, mf1=0.8150)

[6/24] SKIP fusion_early_tl_b3_3c (existing, mf1=0.8216)

[7/24] SKIP fusion_intermediate_scratch_b1_3c (existing, mf1=0.7675)

[8/24] SKIP fusion_intermediate_scratch_b2_3c (existing, mf1=0.7645)

[9/24] SKIP fusion_intermediate_scratch_b3_3c (existing, mf1=0.8025)

[10/24] SKIP fusion_intermediate_tl_b1_3c (existing, mf1=0.8273)

[11/24] SKIP fusion_intermediate_tl_b2_3c (existing, mf1=0.8019)

[12/24] SKIP fusion_intermediate_tl_b3_3c (existing, mf1=0.8362)

[13/24] SKIP fusion_early_scratch_b1_7c (existing, mf1=0.6595)

[14/24] SKIP fusion_early_scratch_b2_7c (existing, mf1=0.6688)

[15/24] SKIP fusion_early_scratch_b3_7c (existing, mf1=0.6977)

[16/24] SKIP fusion_early_tl_b1_7c (existing, mf1=0.6743)

[17/24] SKIP fusion_early_tl_b2_7c (existing, mf1=0.7006)

[18/24] SKIP fusion_early_tl_b3_7c (existing, mf1=0.7183)

[19/24] SKIP fusion_intermediate_scratch_b1_7c (existing, mf1=0.6774)

[20/24] SKIP fusion_intermediate_scratch_b2_7c (existing, mf1=0.6383)

[21/24] SKIP fusion_intermediate_scratch_b3_7c (existing, mf1=0.7088)

[22/24] SKIP fusion_intermediate_tl_b1_7c (existing, mf1=0.7204)

[23/24] SKIP fusion_intermediate_tl_b2_7c (existing, mf1=0.7222)

[24/24] SKIP fusion_intermediate_tl_b3_7c (existing, mf1=0.7377)

Sweep done: trained=0, skipped_existing=24
Saved: /mnt/extended-home/fitra_dosen/2025_iris_fer_taufik/MultimodalEmoLearn/models/benchmark/rafdb_7class/3class/Unified/fusion_early_scratch/results.json
Saved: /mnt/extended-home/fitra_dosen/2025_iris_fer_taufik/MultimodalEmoLearn/models/benchmark/rafdb_7class/3class/Unified/fusion_early_tl/results.json
Saved: /mnt/extended-home/fitra_dosen/2025_iris_fer_taufik/MultimodalEmoLearn/models/benchmark/rafdb_7class/3class/Unified/fusion_intermediate_scratch/results.json
Saved: /mnt/extended-home/fitra_dosen/2025_iris_fer_taufik/MultimodalEmoLearn/models/benchmark/rafdb_7class/3class/Unified/fusion_intermediate_tl/results.json
Saved: /mnt/extended-home/fitra_dosen/2025_iris_fer_taufik/MultimodalEmoLearn/models/benchmark/rafdb_7class/7class/Unified/fusion_early_scratch/results.json
Saved: /mnt/extended-home/fitra_dosen/2025_iris_fer_taufik/MultimodalEmoLearn/models/benchmark/rafdb_7class/7class/Unified/fusion_early_tl/results.json
Saved: /mnt/extended-home/fitra_dosen/2025_iris_fer_taufik/MultimodalEmoLearn/models/benchmark/rafdb_7class/7class/Unified/fusion_intermediate_scratch/results.json
Saved: /mnt/extended-home/fitra_dosen/2025_iris_fer_taufik/MultimodalEmoLearn/models/benchmark/rafdb_7class/7class/Unified/fusion_intermediate_tl/results.json

========================================================================================================================
SUMMARY: Unified protocol fusion macro_f1
========================================================================================================================
  scheme  fusion         mode    variant   feature           lm_src            B1        B2        B3
  3c     early          concat  scratch   raw_136           mediapipe     0.7723    0.7923    0.8231
  3c     early          concat  tl        raw_136           mediapipe     0.8041    0.8150    0.8216
  3c     intermediate   concat  scratch   raw_136           mediapipe     0.7675    0.7645    0.8025
  3c     intermediate   concat  tl        raw_136           mediapipe     0.8273    0.8019    0.8362
  7c     early          concat  scratch   raw_136           mediapipe     0.6595    0.6688    0.6977
  7c     early          concat  tl        raw_136           mediapipe     0.6743    0.7006    0.7183
  7c     intermediate   concat  scratch   raw_136           mediapipe     0.6774    0.6383    0.7088
  7c     intermediate   concat  tl        raw_136           mediapipe     0.7204    0.7222    0.7377
[retry_run] ✅ Succeeded on attempt 1
[retry_run] Attempt 1/3: CUDA_VISIBLE_DEVICES=2 /mnt/extended-home/fitra_dosen/2025_iris_fer_taufik/miniconda3/envs/2025_iris_fer_taufik/bin/python -u scripts/compute_late_fusion_unified.py --data-dir data/benchmark/rafdb_7class --output-prefix models/benchmark/rafdb_7class --landmark-features raw_136 facs_28 blendshape_52 facs_plus_bs_80 --landmark-sources mediapipe --scenarios b1 b2 b3 --classes 3 7
Device: cuda
DATA_DIR: /mnt/extended-home/fitra_dosen/2025_iris_fer_taufik/MultimodalEmoLearn/data/benchmark/rafdb_7class
Output prefix: /mnt/extended-home/fitra_dosen/2025_iris_fer_taufik/MultimodalEmoLearn/models/benchmark/rafdb_7class
Cache dir: /mnt/extended-home/fitra_dosen/2025_iris_fer_taufik/MultimodalEmoLearn/models/benchmark/rafdb_7class/late_fusion_cache

[3c × scratch × B1] Image branch
  [cache hit] cnn_scratch_b1_3c

[3c × scratch × B2] Image branch
  [cache hit] cnn_scratch_b2_3c

[3c × scratch × B3] Image branch
  [cache hit] cnn_scratch_b3_3c

[3c × tl × B1] Image branch
  [cache hit] cnn_tl_b1_3c

[3c × tl × B2] Image branch
  [cache hit] cnn_tl_b2_3c

[3c × tl × B3] Image branch
  [cache hit] cnn_tl_b3_3c

[3c × raw_136/mediapipe × B1] Landmark branch
  [cache hit] fcnn_raw_136_mp_b1_3c

[3c × raw_136/mediapipe × B2] Landmark branch
  [cache hit] fcnn_raw_136_mp_b2_3c

[3c × raw_136/mediapipe × B3] Landmark branch
  [cache hit] fcnn_raw_136_mp_b3_3c

  [3c × scratch × raw_136/mediapipe × B1] Computing late fusion weight sweep...
  best_w_image=0.80  val_mf1=0.7921  TEST mf1=0.7893  wf1=0.8131  acc=0.8113

  [3c × scratch × raw_136/mediapipe × B2] Computing late fusion weight sweep...
  best_w_image=0.40  val_mf1=0.7980  TEST mf1=0.7967  wf1=0.8202  acc=0.8195

  [3c × scratch × raw_136/mediapipe × B3] Computing late fusion weight sweep...
  best_w_image=0.55  val_mf1=0.8381  TEST mf1=0.8340  wf1=0.8534  acc=0.8525

  [3c × tl × raw_136/mediapipe × B1] Computing late fusion weight sweep...
  best_w_image=0.70  val_mf1=0.8257  TEST mf1=0.8094  wf1=0.8315  acc=0.8317

  [3c × tl × raw_136/mediapipe × B2] Computing late fusion weight sweep...
  best_w_image=0.45  val_mf1=0.8307  TEST mf1=0.8190  wf1=0.8388  acc=0.8379

  [3c × tl × raw_136/mediapipe × B3] Computing late fusion weight sweep...
  best_w_image=0.60  val_mf1=0.8517  TEST mf1=0.8400  wf1=0.8587  acc=0.8573

[3c × facs_28/mediapipe × B1] Landmark branch
  [cache hit] fcnn_facs_28_mp_b1_3c

[3c × facs_28/mediapipe × B2] Landmark branch
  [cache hit] fcnn_facs_28_mp_b2_3c

[3c × facs_28/mediapipe × B3] Landmark branch
  [cache hit] fcnn_facs_28_mp_b3_3c

  [3c × scratch × facs_28/mediapipe × B1] Computing late fusion weight sweep...
  best_w_image=0.65  val_mf1=0.7942  TEST mf1=0.7914  wf1=0.8155  acc=0.8137

  [3c × scratch × facs_28/mediapipe × B2] Computing late fusion weight sweep...
  best_w_image=0.60  val_mf1=0.7923  TEST mf1=0.7956  wf1=0.8203  acc=0.8202

  [3c × scratch × facs_28/mediapipe × B3] Computing late fusion weight sweep...
  best_w_image=0.55  val_mf1=0.8374  TEST mf1=0.8340  wf1=0.8532  acc=0.8525

  [3c × tl × facs_28/mediapipe × B1] Computing late fusion weight sweep...
  best_w_image=0.70  val_mf1=0.8280  TEST mf1=0.8063  wf1=0.8287  acc=0.8290

  [3c × tl × facs_28/mediapipe × B2] Computing late fusion weight sweep...
  best_w_image=0.55  val_mf1=0.8326  TEST mf1=0.8164  wf1=0.8360  acc=0.8351

  [3c × tl × facs_28/mediapipe × B3] Computing late fusion weight sweep...
  best_w_image=0.45  val_mf1=0.8518  TEST mf1=0.8417  wf1=0.8596  acc=0.8583

[3c × blendshape_52/mediapipe × B1] Landmark branch
  [cache hit] fcnn_blendshape_52_mp_b1_3c

[3c × blendshape_52/mediapipe × B2] Landmark branch
  [cache hit] fcnn_blendshape_52_mp_b2_3c

[3c × blendshape_52/mediapipe × B3] Landmark branch
  [cache hit] fcnn_blendshape_52_mp_b3_3c

  [3c × scratch × blendshape_52/mediapipe × B1] Computing late fusion weight sweep...
  best_w_image=0.50  val_mf1=0.7967  TEST mf1=0.7967  wf1=0.8198  acc=0.8188

  [3c × scratch × blendshape_52/mediapipe × B2] Computing late fusion weight sweep...
  best_w_image=0.60  val_mf1=0.7931  TEST mf1=0.7967  wf1=0.8215  acc=0.8212

  [3c × scratch × blendshape_52/mediapipe × B3] Computing late fusion weight sweep...
  best_w_image=0.50  val_mf1=0.8404  TEST mf1=0.8297  wf1=0.8487  acc=0.8481

  [3c × tl × blendshape_52/mediapipe × B1] Computing late fusion weight sweep...
  best_w_image=0.75  val_mf1=0.8255  TEST mf1=0.8057  wf1=0.8283  acc=0.8287

  [3c × tl × blendshape_52/mediapipe × B2] Computing late fusion weight sweep...
  best_w_image=0.50  val_mf1=0.8339  TEST mf1=0.8191  wf1=0.8387  acc=0.8379

  [3c × tl × blendshape_52/mediapipe × B3] Computing late fusion weight sweep...
  best_w_image=0.50  val_mf1=0.8525  TEST mf1=0.8416  wf1=0.8590  acc=0.8580

[3c × facs_plus_bs_80/mediapipe × B1] Landmark branch
  [cache hit] fcnn_facs_plus_bs_80_mp_b1_3c

[3c × facs_plus_bs_80/mediapipe × B2] Landmark branch
  [cache hit] fcnn_facs_plus_bs_80_mp_b2_3c

[3c × facs_plus_bs_80/mediapipe × B3] Landmark branch
  [cache hit] fcnn_facs_plus_bs_80_mp_b3_3c

  [3c × scratch × facs_plus_bs_80/mediapipe × B1] Computing late fusion weight sweep...
  best_w_image=0.70  val_mf1=0.7957  TEST mf1=0.7945  wf1=0.8182  acc=0.8164

  [3c × scratch × facs_plus_bs_80/mediapipe × B2] Computing late fusion weight sweep...
  best_w_image=0.40  val_mf1=0.8007  TEST mf1=0.8020  wf1=0.8243  acc=0.8243

  [3c × scratch × facs_plus_bs_80/mediapipe × B3] Computing late fusion weight sweep...
  best_w_image=0.60  val_mf1=0.8424  TEST mf1=0.8358  wf1=0.8552  acc=0.8546

  [3c × tl × facs_plus_bs_80/mediapipe × B1] Computing late fusion weight sweep...
  best_w_image=0.75  val_mf1=0.8254  TEST mf1=0.8084  wf1=0.8303  acc=0.8307

  [3c × tl × facs_plus_bs_80/mediapipe × B2] Computing late fusion weight sweep...
  best_w_image=0.50  val_mf1=0.8333  TEST mf1=0.8204  wf1=0.8395  acc=0.8389

  [3c × tl × facs_plus_bs_80/mediapipe × B3] Computing late fusion weight sweep...
  best_w_image=0.55  val_mf1=0.8531  TEST mf1=0.8388  wf1=0.8571  acc=0.8559

[7c × scratch × B1] Image branch
  [cache hit] cnn_scratch_b1_7c

[7c × scratch × B2] Image branch
  [cache hit] cnn_scratch_b2_7c

[7c × scratch × B3] Image branch
  [cache hit] cnn_scratch_b3_7c

[7c × tl × B1] Image branch
  [cache hit] cnn_tl_b1_7c

[7c × tl × B2] Image branch
  [cache hit] cnn_tl_b2_7c

[7c × tl × B3] Image branch
  [cache hit] cnn_tl_b3_7c

[7c × raw_136/mediapipe × B1] Landmark branch
  [cache hit] fcnn_raw_136_mp_b1_7c

[7c × raw_136/mediapipe × B2] Landmark branch
  [cache hit] fcnn_raw_136_mp_b2_7c

[7c × raw_136/mediapipe × B3] Landmark branch
  [cache hit] fcnn_raw_136_mp_b3_7c

  [7c × scratch × raw_136/mediapipe × B1] Computing late fusion weight sweep...
  best_w_image=0.80  val_mf1=0.6898  TEST mf1=0.6976  wf1=0.7939  acc=0.7990

  [7c × scratch × raw_136/mediapipe × B2] Computing late fusion weight sweep...
  best_w_image=0.60  val_mf1=0.6977  TEST mf1=0.6968  wf1=0.7865  acc=0.7892

  [7c × scratch × raw_136/mediapipe × B3] Computing late fusion weight sweep...
  best_w_image=0.65  val_mf1=0.7358  TEST mf1=0.7217  wf1=0.8107  acc=0.8072

  [7c × tl × raw_136/mediapipe × B1] Computing late fusion weight sweep...
  best_w_image=0.60  val_mf1=0.7462  TEST mf1=0.7460  wf1=0.8303  acc=0.8314

  [7c × tl × raw_136/mediapipe × B2] Computing late fusion weight sweep...
  best_w_image=0.50  val_mf1=0.7370  TEST mf1=0.7302  wf1=0.8142  acc=0.8171

  [7c × tl × raw_136/mediapipe × B3] Computing late fusion weight sweep...
  best_w_image=0.55  val_mf1=0.7521  TEST mf1=0.7520  wf1=0.8269  acc=0.8273

[7c × facs_28/mediapipe × B1] Landmark branch
  [cache hit] fcnn_facs_28_mp_b1_7c

[7c × facs_28/mediapipe × B2] Landmark branch
  [cache hit] fcnn_facs_28_mp_b2_7c

[7c × facs_28/mediapipe × B3] Landmark branch
  [cache hit] fcnn_facs_28_mp_b3_7c

  [7c × scratch × facs_28/mediapipe × B1] Computing late fusion weight sweep...
  best_w_image=0.90  val_mf1=0.6881  TEST mf1=0.6953  wf1=0.7913  acc=0.7963

  [7c × scratch × facs_28/mediapipe × B2] Computing late fusion weight sweep...
  best_w_image=0.50  val_mf1=0.6920  TEST mf1=0.6918  wf1=0.7810  acc=0.7834

  [7c × scratch × facs_28/mediapipe × B3] Computing late fusion weight sweep...
  best_w_image=1.00  val_mf1=0.7349  TEST mf1=0.7221  wf1=0.8081  acc=0.8042

  [7c × tl × facs_28/mediapipe × B1] Computing late fusion weight sweep...
  best_w_image=1.00  val_mf1=0.7426  TEST mf1=0.7399  wf1=0.8261  acc=0.8266

  [7c × tl × facs_28/mediapipe × B2] Computing late fusion weight sweep...
  best_w_image=0.70  val_mf1=0.7358  TEST mf1=0.7336  wf1=0.8154  acc=0.8178

  [7c × tl × facs_28/mediapipe × B3] Computing late fusion weight sweep...
  best_w_image=0.60  val_mf1=0.7533  TEST mf1=0.7478  wf1=0.8259  acc=0.8263

[7c × blendshape_52/mediapipe × B1] Landmark branch
  [cache hit] fcnn_blendshape_52_mp_b1_7c

[7c × blendshape_52/mediapipe × B2] Landmark branch
  [cache hit] fcnn_blendshape_52_mp_b2_7c

[7c × blendshape_52/mediapipe × B3] Landmark branch
  [cache hit] fcnn_blendshape_52_mp_b3_7c

  [7c × scratch × blendshape_52/mediapipe × B1] Computing late fusion weight sweep...
  best_w_image=0.80  val_mf1=0.6892  TEST mf1=0.6982  wf1=0.7944  acc=0.7997

  [7c × scratch × blendshape_52/mediapipe × B2] Computing late fusion weight sweep...
  best_w_image=0.90  val_mf1=0.6930  TEST mf1=0.6935  wf1=0.7825  acc=0.7844

  [7c × scratch × blendshape_52/mediapipe × B3] Computing late fusion weight sweep...
  best_w_image=0.75  val_mf1=0.7356  TEST mf1=0.7274  wf1=0.8124  acc=0.8089

  [7c × tl × blendshape_52/mediapipe × B1] Computing late fusion weight sweep...
  best_w_image=0.95  val_mf1=0.7427  TEST mf1=0.7415  wf1=0.8270  acc=0.8277

  [7c × tl × blendshape_52/mediapipe × B2] Computing late fusion weight sweep...
  best_w_image=0.50  val_mf1=0.7444  TEST mf1=0.7376  wf1=0.8153  acc=0.8174

  [7c × tl × blendshape_52/mediapipe × B3] Computing late fusion weight sweep...
  best_w_image=0.55  val_mf1=0.7597  TEST mf1=0.7429  wf1=0.8257  acc=0.8260

[7c × facs_plus_bs_80/mediapipe × B1] Landmark branch
  [cache hit] fcnn_facs_plus_bs_80_mp_b1_7c

[7c × facs_plus_bs_80/mediapipe × B2] Landmark branch
  [cache hit] fcnn_facs_plus_bs_80_mp_b2_7c

[7c × facs_plus_bs_80/mediapipe × B3] Landmark branch
  [cache hit] fcnn_facs_plus_bs_80_mp_b3_7c

  [7c × scratch × facs_plus_bs_80/mediapipe × B1] Computing late fusion weight sweep...
  best_w_image=0.45  val_mf1=0.6905  TEST mf1=0.6955  wf1=0.7938  acc=0.8007

  [7c × scratch × facs_plus_bs_80/mediapipe × B2] Computing late fusion weight sweep...
  best_w_image=0.55  val_mf1=0.6970  TEST mf1=0.6964  wf1=0.7876  acc=0.7895

  [7c × scratch × facs_plus_bs_80/mediapipe × B3] Computing late fusion weight sweep...
  best_w_image=1.00  val_mf1=0.7349  TEST mf1=0.7221  wf1=0.8081  acc=0.8042

  [7c × tl × facs_plus_bs_80/mediapipe × B1] Computing late fusion weight sweep...
  best_w_image=0.45  val_mf1=0.7456  TEST mf1=0.7344  wf1=0.8212  acc=0.8239

  [7c × tl × facs_plus_bs_80/mediapipe × B2] Computing late fusion weight sweep...
  best_w_image=0.55  val_mf1=0.7402  TEST mf1=0.7353  wf1=0.8167  acc=0.8188

  [7c × tl × facs_plus_bs_80/mediapipe × B3] Computing late fusion weight sweep...
  best_w_image=0.65  val_mf1=0.7515  TEST mf1=0.7479  wf1=0.8263  acc=0.8266
Saved: /mnt/extended-home/fitra_dosen/2025_iris_fer_taufik/MultimodalEmoLearn/models/benchmark/rafdb_7class/3class/Unified/fusion_late_scratch/results.json
Saved: /mnt/extended-home/fitra_dosen/2025_iris_fer_taufik/MultimodalEmoLearn/models/benchmark/rafdb_7class/3class/Unified/fusion_late_tl/results.json
Saved: /mnt/extended-home/fitra_dosen/2025_iris_fer_taufik/MultimodalEmoLearn/models/benchmark/rafdb_7class/3class/Unified/fusion_late_scratch_facs_28/results.json
Saved: /mnt/extended-home/fitra_dosen/2025_iris_fer_taufik/MultimodalEmoLearn/models/benchmark/rafdb_7class/3class/Unified/fusion_late_tl_facs_28/results.json
Saved: /mnt/extended-home/fitra_dosen/2025_iris_fer_taufik/MultimodalEmoLearn/models/benchmark/rafdb_7class/3class/Unified/fusion_late_scratch_blendshape_52/results.json
Saved: /mnt/extended-home/fitra_dosen/2025_iris_fer_taufik/MultimodalEmoLearn/models/benchmark/rafdb_7class/3class/Unified/fusion_late_tl_blendshape_52/results.json
Saved: /mnt/extended-home/fitra_dosen/2025_iris_fer_taufik/MultimodalEmoLearn/models/benchmark/rafdb_7class/3class/Unified/fusion_late_scratch_facs_plus_bs_80/results.json
Saved: /mnt/extended-home/fitra_dosen/2025_iris_fer_taufik/MultimodalEmoLearn/models/benchmark/rafdb_7class/3class/Unified/fusion_late_tl_facs_plus_bs_80/results.json
Saved: /mnt/extended-home/fitra_dosen/2025_iris_fer_taufik/MultimodalEmoLearn/models/benchmark/rafdb_7class/7class/Unified/fusion_late_scratch/results.json
Saved: /mnt/extended-home/fitra_dosen/2025_iris_fer_taufik/MultimodalEmoLearn/models/benchmark/rafdb_7class/7class/Unified/fusion_late_tl/results.json
Saved: /mnt/extended-home/fitra_dosen/2025_iris_fer_taufik/MultimodalEmoLearn/models/benchmark/rafdb_7class/7class/Unified/fusion_late_scratch_facs_28/results.json
Saved: /mnt/extended-home/fitra_dosen/2025_iris_fer_taufik/MultimodalEmoLearn/models/benchmark/rafdb_7class/7class/Unified/fusion_late_tl_facs_28/results.json
Saved: /mnt/extended-home/fitra_dosen/2025_iris_fer_taufik/MultimodalEmoLearn/models/benchmark/rafdb_7class/7class/Unified/fusion_late_scratch_blendshape_52/results.json
Saved: /mnt/extended-home/fitra_dosen/2025_iris_fer_taufik/MultimodalEmoLearn/models/benchmark/rafdb_7class/7class/Unified/fusion_late_tl_blendshape_52/results.json
Saved: /mnt/extended-home/fitra_dosen/2025_iris_fer_taufik/MultimodalEmoLearn/models/benchmark/rafdb_7class/7class/Unified/fusion_late_scratch_facs_plus_bs_80/results.json
Saved: /mnt/extended-home/fitra_dosen/2025_iris_fer_taufik/MultimodalEmoLearn/models/benchmark/rafdb_7class/7class/Unified/fusion_late_tl_facs_plus_bs_80/results.json

====================================================================================================
SUMMARY: Late Fusion Unified Protocol macro_f1
====================================================================================================
  scheme  variant   feature             source            B1        B2        B3
  3c     scratch   raw_136             mediapipe     0.7893    0.7967    0.8340
  3c     tl        raw_136             mediapipe     0.8094    0.8190    0.8400
  3c     scratch   facs_28             mediapipe     0.7914    0.7956    0.8340
  3c     tl        facs_28             mediapipe     0.8063    0.8164    0.8417
  3c     scratch   blendshape_52       mediapipe     0.7967    0.7967    0.8297
  3c     tl        blendshape_52       mediapipe     0.8057    0.8191    0.8416
  3c     scratch   facs_plus_bs_80     mediapipe     0.7945    0.8020    0.8358
  3c     tl        facs_plus_bs_80     mediapipe     0.8084    0.8204    0.8388
  7c     scratch   raw_136             mediapipe     0.6976    0.6968    0.7217
  7c     tl        raw_136             mediapipe     0.7460    0.7302    0.7520
  7c     scratch   facs_28             mediapipe     0.6953    0.6918    0.7221
  7c     tl        facs_28             mediapipe     0.7399    0.7336    0.7478
  7c     scratch   blendshape_52       mediapipe     0.6982    0.6935    0.7274
  7c     tl        blendshape_52       mediapipe     0.7415    0.7376    0.7429
  7c     scratch   facs_plus_bs_80     mediapipe     0.6955    0.6964    0.7221
  7c     tl        facs_plus_bs_80     mediapipe     0.7344    0.7353    0.7479
[retry_run] ✅ Succeeded on attempt 1
[retry_run] Attempt 1/3: CUDA_VISIBLE_DEVICES=2 /mnt/extended-home/fitra_dosen/2025_iris_fer_taufik/miniconda3/envs/2025_iris_fer_taufik/bin/python -u scripts/run_unified_fusion.py --data-dir data/benchmark/rafdb_7class --output-prefix models/benchmark/rafdb_7class --fusions early --variants scratch tl --landmark-features raw_136 --landmark-sources mediapipe --early-fusion-modes gated --scenarios b1 b2 b3 --classes 3 7
Device: cuda
DATA_DIR: /mnt/extended-home/fitra_dosen/2025_iris_fer_taufik/MultimodalEmoLearn/data/benchmark/rafdb_7class
Output: /mnt/extended-home/fitra_dosen/2025_iris_fer_taufik/MultimodalEmoLearn/models/benchmark/rafdb_7class
Total runs: 12
Pre-loaded 12 existing runs (use --force-retrain to ignore)

[1/12] SKIP fusion_early_gated_scratch_b1_3c (existing, mf1=0.7592)

[2/12] SKIP fusion_early_gated_scratch_b2_3c (existing, mf1=0.7554)

[3/12] SKIP fusion_early_gated_scratch_b3_3c (existing, mf1=0.8213)

[4/12] SKIP fusion_early_gated_tl_b1_3c (existing, mf1=0.8072)

[5/12] SKIP fusion_early_gated_tl_b2_3c (existing, mf1=0.8103)

[6/12] SKIP fusion_early_gated_tl_b3_3c (existing, mf1=0.8278)

[7/12] SKIP fusion_early_gated_scratch_b1_7c (existing, mf1=0.6649)

[8/12] SKIP fusion_early_gated_scratch_b2_7c (existing, mf1=0.6557)

[9/12] SKIP fusion_early_gated_scratch_b3_7c (existing, mf1=0.7139)

[10/12] SKIP fusion_early_gated_tl_b1_7c (existing, mf1=0.6813)

[11/12] SKIP fusion_early_gated_tl_b2_7c (existing, mf1=0.6979)

[12/12] SKIP fusion_early_gated_tl_b3_7c (existing, mf1=0.7273)

Sweep done: trained=0, skipped_existing=12
Saved: /mnt/extended-home/fitra_dosen/2025_iris_fer_taufik/MultimodalEmoLearn/models/benchmark/rafdb_7class/3class/Unified/fusion_early_gated_scratch/results.json
Saved: /mnt/extended-home/fitra_dosen/2025_iris_fer_taufik/MultimodalEmoLearn/models/benchmark/rafdb_7class/3class/Unified/fusion_early_gated_tl/results.json
Saved: /mnt/extended-home/fitra_dosen/2025_iris_fer_taufik/MultimodalEmoLearn/models/benchmark/rafdb_7class/7class/Unified/fusion_early_gated_scratch/results.json
Saved: /mnt/extended-home/fitra_dosen/2025_iris_fer_taufik/MultimodalEmoLearn/models/benchmark/rafdb_7class/7class/Unified/fusion_early_gated_tl/results.json

========================================================================================================================
SUMMARY: Unified protocol fusion macro_f1
========================================================================================================================
  scheme  fusion         mode    variant   feature           lm_src            B1        B2        B3
  3c     early          gated   scratch   raw_136           mediapipe     0.7592    0.7554    0.8213
  3c     early          gated   tl        raw_136           mediapipe     0.8072    0.8103    0.8278
  7c     early          gated   scratch   raw_136           mediapipe     0.6649    0.6557    0.7139
  7c     early          gated   tl        raw_136           mediapipe     0.6813    0.6979    0.7273
[retry_run] ✅ Succeeded on attempt 1
--- supervisor: ckplus_7class ---
[retry_run] Attempt 1/3: CUDA_VISIBLE_DEVICES=2 /mnt/extended-home/fitra_dosen/2025_iris_fer_taufik/miniconda3/envs/2025_iris_fer_taufik/bin/python -u scripts/run_unified_landmark.py --data-dir data/benchmark/ckplus_7class --output-prefix models/benchmark/ckplus_7class --features raw_136 facs_28 --archs fcnn cnn1d --sources mediapipe --scenarios b1 b2 b3 --classes 3 7
Device: cuda
DATA_DIR: /mnt/extended-home/fitra_dosen/2025_iris_fer_taufik/MultimodalEmoLearn/data/benchmark/ckplus_7class
Output: /mnt/extended-home/fitra_dosen/2025_iris_fer_taufik/MultimodalEmoLearn/models/benchmark/ckplus_7class
Total runs: 24
Pre-loaded 24 existing runs (use --force-retrain to ignore)

[1/24] SKIP mediapipe_raw_136_fcnn_b1_3c (existing, mf1=0.6840)

[2/24] SKIP mediapipe_raw_136_fcnn_b2_3c (existing, mf1=0.4744)

[3/24] SKIP mediapipe_raw_136_fcnn_b3_3c (existing, mf1=0.5506)

[4/24] SKIP mediapipe_raw_136_cnn1d_b1_3c (existing, mf1=0.6375)

[5/24] SKIP mediapipe_raw_136_cnn1d_b2_3c (existing, mf1=0.4817)

[6/24] SKIP mediapipe_raw_136_cnn1d_b3_3c (existing, mf1=0.5677)

[7/24] SKIP mediapipe_facs_28_fcnn_b1_3c (existing, mf1=0.9109)

[8/24] SKIP mediapipe_facs_28_fcnn_b2_3c (existing, mf1=0.8188)

[9/24] SKIP mediapipe_facs_28_fcnn_b3_3c (existing, mf1=0.7869)

[10/24] SKIP mediapipe_facs_28_cnn1d_b1_3c (existing, mf1=0.6453)

[11/24] SKIP mediapipe_facs_28_cnn1d_b2_3c (existing, mf1=0.8250)

[12/24] SKIP mediapipe_facs_28_cnn1d_b3_3c (existing, mf1=0.6603)

[13/24] SKIP mediapipe_raw_136_fcnn_b1_7c (existing, mf1=0.4074)

[14/24] SKIP mediapipe_raw_136_fcnn_b2_7c (existing, mf1=0.3693)

[15/24] SKIP mediapipe_raw_136_fcnn_b3_7c (existing, mf1=0.4652)

[16/24] SKIP mediapipe_raw_136_cnn1d_b1_7c (existing, mf1=0.4594)

[17/24] SKIP mediapipe_raw_136_cnn1d_b2_7c (existing, mf1=0.3638)

[18/24] SKIP mediapipe_raw_136_cnn1d_b3_7c (existing, mf1=0.3611)

[19/24] SKIP mediapipe_facs_28_fcnn_b1_7c (existing, mf1=0.6033)

[20/24] SKIP mediapipe_facs_28_fcnn_b2_7c (existing, mf1=0.6359)

[21/24] SKIP mediapipe_facs_28_fcnn_b3_7c (existing, mf1=0.6179)

[22/24] SKIP mediapipe_facs_28_cnn1d_b1_7c (existing, mf1=0.6360)

[23/24] SKIP mediapipe_facs_28_cnn1d_b2_7c (existing, mf1=0.5780)

[24/24] SKIP mediapipe_facs_28_cnn1d_b3_7c (existing, mf1=0.6523)

Sweep done: trained=0, skipped_existing=24
Saved: /mnt/extended-home/fitra_dosen/2025_iris_fer_taufik/MultimodalEmoLearn/models/benchmark/ckplus_7class/3class/Unified/raw_136/results.json
Saved: /mnt/extended-home/fitra_dosen/2025_iris_fer_taufik/MultimodalEmoLearn/models/benchmark/ckplus_7class/3class/Unified/facs_28/results.json
Saved: /mnt/extended-home/fitra_dosen/2025_iris_fer_taufik/MultimodalEmoLearn/models/benchmark/ckplus_7class/7class/Unified/raw_136/results.json
Saved: /mnt/extended-home/fitra_dosen/2025_iris_fer_taufik/MultimodalEmoLearn/models/benchmark/ckplus_7class/7class/Unified/facs_28/results.json

===============================================================================================
SUMMARY: Unified protocol macro_f1
===============================================================================================
  scheme  feat      src         arch          B1        B2        B3
  3c     raw_136   mediapipe   fcnn      0.6840    0.4744    0.5506
  3c     raw_136   mediapipe   cnn1d     0.6375    0.4817    0.5677
  3c     facs_28   mediapipe   fcnn      0.9109    0.8188    0.7869
  3c     facs_28   mediapipe   cnn1d     0.6453    0.8250    0.6603
  7c     raw_136   mediapipe   fcnn      0.4074    0.3693    0.4652
  7c     raw_136   mediapipe   cnn1d     0.4594    0.3638    0.3611
  7c     facs_28   mediapipe   fcnn      0.6033    0.6359    0.6179
  7c     facs_28   mediapipe   cnn1d     0.6360    0.5780    0.6523
[retry_run] ✅ Succeeded on attempt 1
[retry_run] Attempt 1/3: CUDA_VISIBLE_DEVICES=2 /mnt/extended-home/fitra_dosen/2025_iris_fer_taufik/miniconda3/envs/2025_iris_fer_taufik/bin/python -u scripts/run_unified_derived.py --data-dir data/benchmark/ckplus_7class --output-prefix models/benchmark/ckplus_7class --features blendshape_52 facs_plus_bs_80 --sources mediapipe --archs fcnn cnn1d --scenarios b1 b2 b3 --classes 3 7
Device: cuda
DATA_DIR: /mnt/extended-home/fitra_dosen/2025_iris_fer_taufik/MultimodalEmoLearn/data/benchmark/ckplus_7class
Output: /mnt/extended-home/fitra_dosen/2025_iris_fer_taufik/MultimodalEmoLearn/models/benchmark/ckplus_7class
Total runs: 24
Pre-loaded 24 existing runs (use --force-retrain to ignore)

[1/24] SKIP blendshape_52_mediapipe_fcnn_b1_3c (existing, mf1=0.8605)

[2/24] SKIP blendshape_52_mediapipe_fcnn_b2_3c (existing, mf1=0.8337)

[3/24] SKIP blendshape_52_mediapipe_fcnn_b3_3c (existing, mf1=0.8493)

[4/24] SKIP blendshape_52_mediapipe_cnn1d_b1_3c (existing, mf1=0.8391)

[5/24] SKIP blendshape_52_mediapipe_cnn1d_b2_3c (existing, mf1=0.8044)

[6/24] SKIP blendshape_52_mediapipe_cnn1d_b3_3c (existing, mf1=0.7834)

[7/24] SKIP blendshape_52_mediapipe_fcnn_b1_7c (existing, mf1=0.6839)

[8/24] SKIP blendshape_52_mediapipe_fcnn_b2_7c (existing, mf1=0.6203)

[9/24] SKIP blendshape_52_mediapipe_fcnn_b3_7c (existing, mf1=0.6761)

[10/24] SKIP blendshape_52_mediapipe_cnn1d_b1_7c (existing, mf1=0.5881)

[11/24] SKIP blendshape_52_mediapipe_cnn1d_b2_7c (existing, mf1=0.6177)

[12/24] SKIP blendshape_52_mediapipe_cnn1d_b3_7c (existing, mf1=0.5612)

[13/24] SKIP facs_plus_bs_80_mediapipe_fcnn_b1_3c (existing, mf1=0.8921)

[14/24] SKIP facs_plus_bs_80_mediapipe_fcnn_b2_3c (existing, mf1=0.8637)

[15/24] SKIP facs_plus_bs_80_mediapipe_fcnn_b3_3c (existing, mf1=0.8605)

[16/24] SKIP facs_plus_bs_80_mediapipe_cnn1d_b1_3c (existing, mf1=0.7963)

[17/24] SKIP facs_plus_bs_80_mediapipe_cnn1d_b2_3c (existing, mf1=0.7449)

[18/24] SKIP facs_plus_bs_80_mediapipe_cnn1d_b3_3c (existing, mf1=0.7705)

[19/24] SKIP facs_plus_bs_80_mediapipe_fcnn_b1_7c (existing, mf1=0.7323)

[20/24] SKIP facs_plus_bs_80_mediapipe_fcnn_b2_7c (existing, mf1=0.5822)

[21/24] SKIP facs_plus_bs_80_mediapipe_fcnn_b3_7c (existing, mf1=0.6120)

[22/24] SKIP facs_plus_bs_80_mediapipe_cnn1d_b1_7c (existing, mf1=0.6559)

[23/24] SKIP facs_plus_bs_80_mediapipe_cnn1d_b2_7c (existing, mf1=0.6006)

[24/24] SKIP facs_plus_bs_80_mediapipe_cnn1d_b3_7c (existing, mf1=0.5777)

Sweep done: trained=0, skipped_existing=24
Saved: /mnt/extended-home/fitra_dosen/2025_iris_fer_taufik/MultimodalEmoLearn/models/benchmark/ckplus_7class/3class/Unified/blendshape_52/results.json
Saved: /mnt/extended-home/fitra_dosen/2025_iris_fer_taufik/MultimodalEmoLearn/models/benchmark/ckplus_7class/3class/Unified/facs_plus_bs_80/results.json
Saved: /mnt/extended-home/fitra_dosen/2025_iris_fer_taufik/MultimodalEmoLearn/models/benchmark/ckplus_7class/7class/Unified/blendshape_52/results.json
Saved: /mnt/extended-home/fitra_dosen/2025_iris_fer_taufik/MultimodalEmoLearn/models/benchmark/ckplus_7class/7class/Unified/facs_plus_bs_80/results.json

===============================================================================================
SUMMARY: derived features macro_f1
===============================================================================================
  scheme  feat                src         arch          B1        B2        B3
  3c     blendshape_52       mediapipe   fcnn      0.8605    0.8337    0.8493
  3c     blendshape_52       mediapipe   cnn1d     0.8391    0.8044    0.7834
  3c     facs_plus_bs_80     mediapipe   fcnn      0.8921    0.8637    0.8605
  3c     facs_plus_bs_80     mediapipe   cnn1d     0.7963    0.7449    0.7705
  3c     facs_plus_bs_80     faceapi     fcnn        -         -         -   
  3c     facs_plus_bs_80     faceapi     cnn1d       -         -         -   
  7c     blendshape_52       mediapipe   fcnn      0.6839    0.6203    0.6761
  7c     blendshape_52       mediapipe   cnn1d     0.5881    0.6177    0.5612
  7c     facs_plus_bs_80     mediapipe   fcnn      0.7323    0.5822    0.6120
  7c     facs_plus_bs_80     mediapipe   cnn1d     0.6559    0.6006    0.5777
  7c     facs_plus_bs_80     faceapi     fcnn        -         -         -   
  7c     facs_plus_bs_80     faceapi     cnn1d       -         -         -   
[retry_run] ✅ Succeeded on attempt 1
[retry_run] Attempt 1/3: CUDA_VISIBLE_DEVICES=2 /mnt/extended-home/fitra_dosen/2025_iris_fer_taufik/miniconda3/envs/2025_iris_fer_taufik/bin/python -u scripts/run_unified_image.py --data-dir data/benchmark/ckplus_7class --output-prefix models/benchmark/ckplus_7class --scenarios b1 b2 b3 --classes 3 7
Device: cuda
DATA_DIR: /mnt/extended-home/fitra_dosen/2025_iris_fer_taufik/MultimodalEmoLearn/data/benchmark/ckplus_7class
Output: /mnt/extended-home/fitra_dosen/2025_iris_fer_taufik/MultimodalEmoLearn/models/benchmark/ckplus_7class
Total runs: 12
Pre-loaded 12 existing runs (use --force-retrain to ignore)

[1/12] SKIP cnn_scratch_b1_3c (existing, mf1=0.3007)

[2/12] SKIP cnn_scratch_b2_3c (existing, mf1=0.8014)

[3/12] SKIP cnn_scratch_b3_3c (existing, mf1=0.7305)

[4/12] SKIP cnn_tl_b1_3c (existing, mf1=0.9184)

[5/12] SKIP cnn_tl_b2_3c (existing, mf1=0.8587)

[6/12] SKIP cnn_tl_b3_3c (existing, mf1=0.9175)

[7/12] SKIP cnn_scratch_b1_7c (existing, mf1=0.1168)

[8/12] SKIP cnn_scratch_b2_7c (existing, mf1=0.3335)

[9/12] SKIP cnn_scratch_b3_7c (existing, mf1=0.6070)

[10/12] SKIP cnn_tl_b1_7c (existing, mf1=0.7906)

[11/12] SKIP cnn_tl_b2_7c (existing, mf1=0.8390)

[12/12] SKIP cnn_tl_b3_7c (existing, mf1=0.8474)

Sweep done: trained=0, skipped_existing=12
Saved: /mnt/extended-home/fitra_dosen/2025_iris_fer_taufik/MultimodalEmoLearn/models/benchmark/ckplus_7class/3class/Unified/cnn_scratch/results.json
Saved: /mnt/extended-home/fitra_dosen/2025_iris_fer_taufik/MultimodalEmoLearn/models/benchmark/ckplus_7class/3class/Unified/cnn_tl/results.json
Saved: /mnt/extended-home/fitra_dosen/2025_iris_fer_taufik/MultimodalEmoLearn/models/benchmark/ckplus_7class/7class/Unified/cnn_scratch/results.json
Saved: /mnt/extended-home/fitra_dosen/2025_iris_fer_taufik/MultimodalEmoLearn/models/benchmark/ckplus_7class/7class/Unified/cnn_tl/results.json

================================================================================
SUMMARY: Unified protocol image-based macro_f1
================================================================================
  scheme  arch                B1        B2        B3
  3c     cnn_scratch     0.3007    0.8014    0.7305
  3c     cnn_tl          0.9184    0.8587    0.9175
  7c     cnn_scratch     0.1168    0.3335    0.6070
  7c     cnn_tl          0.7906    0.8390    0.8474
[retry_run] ✅ Succeeded on attempt 1
[retry_run] Attempt 1/3: CUDA_VISIBLE_DEVICES=2 /mnt/extended-home/fitra_dosen/2025_iris_fer_taufik/miniconda3/envs/2025_iris_fer_taufik/bin/python -u scripts/run_unified_fusion.py --data-dir data/benchmark/ckplus_7class --output-prefix models/benchmark/ckplus_7class --landmark-sources mediapipe --scenarios b1 b2 b3 --classes 3 7
Device: cuda
DATA_DIR: /mnt/extended-home/fitra_dosen/2025_iris_fer_taufik/MultimodalEmoLearn/data/benchmark/ckplus_7class
Output: /mnt/extended-home/fitra_dosen/2025_iris_fer_taufik/MultimodalEmoLearn/models/benchmark/ckplus_7class
Total runs: 24
Pre-loaded 24 existing runs (use --force-retrain to ignore)

[1/24] SKIP fusion_early_scratch_b1_3c (existing, mf1=0.7538)

[2/24] SKIP fusion_early_scratch_b2_3c (existing, mf1=0.7943)

[3/24] SKIP fusion_early_scratch_b3_3c (existing, mf1=0.7606)

[4/24] SKIP fusion_early_tl_b1_3c (existing, mf1=0.8610)

[5/24] SKIP fusion_early_tl_b2_3c (existing, mf1=0.9017)

[6/24] SKIP fusion_early_tl_b3_3c (existing, mf1=0.9407)

[7/24] SKIP fusion_intermediate_scratch_b1_3c (existing, mf1=0.4946)

[8/24] SKIP fusion_intermediate_scratch_b2_3c (existing, mf1=0.6040)

[9/24] SKIP fusion_intermediate_scratch_b3_3c (existing, mf1=0.7068)

[10/24] SKIP fusion_intermediate_tl_b1_3c (existing, mf1=0.8601)

[11/24] SKIP fusion_intermediate_tl_b2_3c (existing, mf1=0.7901)

[12/24] SKIP fusion_intermediate_tl_b3_3c (existing, mf1=0.9251)

[13/24] SKIP fusion_early_scratch_b1_7c (existing, mf1=0.5058)

[14/24] SKIP fusion_early_scratch_b2_7c (existing, mf1=0.5555)

[15/24] SKIP fusion_early_scratch_b3_7c (existing, mf1=0.5716)

[16/24] SKIP fusion_early_tl_b1_7c (existing, mf1=0.6545)

[17/24] SKIP fusion_early_tl_b2_7c (existing, mf1=0.7446)

[18/24] SKIP fusion_early_tl_b3_7c (existing, mf1=0.8850)

[19/24] SKIP fusion_intermediate_scratch_b1_7c (existing, mf1=0.3826)

[20/24] SKIP fusion_intermediate_scratch_b2_7c (existing, mf1=0.3658)

[21/24] SKIP fusion_intermediate_scratch_b3_7c (existing, mf1=0.3662)

[22/24] SKIP fusion_intermediate_tl_b1_7c (existing, mf1=0.7538)

[23/24] SKIP fusion_intermediate_tl_b2_7c (existing, mf1=0.7231)

[24/24] SKIP fusion_intermediate_tl_b3_7c (existing, mf1=0.8582)

Sweep done: trained=0, skipped_existing=24
Saved: /mnt/extended-home/fitra_dosen/2025_iris_fer_taufik/MultimodalEmoLearn/models/benchmark/ckplus_7class/3class/Unified/fusion_early_scratch/results.json
Saved: /mnt/extended-home/fitra_dosen/2025_iris_fer_taufik/MultimodalEmoLearn/models/benchmark/ckplus_7class/3class/Unified/fusion_early_tl/results.json
Saved: /mnt/extended-home/fitra_dosen/2025_iris_fer_taufik/MultimodalEmoLearn/models/benchmark/ckplus_7class/3class/Unified/fusion_intermediate_scratch/results.json
Saved: /mnt/extended-home/fitra_dosen/2025_iris_fer_taufik/MultimodalEmoLearn/models/benchmark/ckplus_7class/3class/Unified/fusion_intermediate_tl/results.json
Saved: /mnt/extended-home/fitra_dosen/2025_iris_fer_taufik/MultimodalEmoLearn/models/benchmark/ckplus_7class/7class/Unified/fusion_early_scratch/results.json
Saved: /mnt/extended-home/fitra_dosen/2025_iris_fer_taufik/MultimodalEmoLearn/models/benchmark/ckplus_7class/7class/Unified/fusion_early_tl/results.json
Saved: /mnt/extended-home/fitra_dosen/2025_iris_fer_taufik/MultimodalEmoLearn/models/benchmark/ckplus_7class/7class/Unified/fusion_intermediate_scratch/results.json
Saved: /mnt/extended-home/fitra_dosen/2025_iris_fer_taufik/MultimodalEmoLearn/models/benchmark/ckplus_7class/7class/Unified/fusion_intermediate_tl/results.json

========================================================================================================================
SUMMARY: Unified protocol fusion macro_f1
========================================================================================================================
  scheme  fusion         mode    variant   feature           lm_src            B1        B2        B3
  3c     early          concat  scratch   raw_136           mediapipe     0.7538    0.7943    0.7606
  3c     early          concat  tl        raw_136           mediapipe     0.8610    0.9017    0.9407
  3c     intermediate   concat  scratch   raw_136           mediapipe     0.4946    0.6040    0.7068
  3c     intermediate   concat  tl        raw_136           mediapipe     0.8601    0.7901    0.9251
  7c     early          concat  scratch   raw_136           mediapipe     0.5058    0.5555    0.5716
  7c     early          concat  tl        raw_136           mediapipe     0.6545    0.7446    0.8850
  7c     intermediate   concat  scratch   raw_136           mediapipe     0.3826    0.3658    0.3662
  7c     intermediate   concat  tl        raw_136           mediapipe     0.7538    0.7231    0.8582
[retry_run] ✅ Succeeded on attempt 1
[retry_run] Attempt 1/3: CUDA_VISIBLE_DEVICES=2 /mnt/extended-home/fitra_dosen/2025_iris_fer_taufik/miniconda3/envs/2025_iris_fer_taufik/bin/python -u scripts/compute_late_fusion_unified.py --data-dir data/benchmark/ckplus_7class --output-prefix models/benchmark/ckplus_7class --landmark-features raw_136 facs_28 blendshape_52 facs_plus_bs_80 --landmark-sources mediapipe --scenarios b1 b2 b3 --classes 3 7
Device: cuda
DATA_DIR: /mnt/extended-home/fitra_dosen/2025_iris_fer_taufik/MultimodalEmoLearn/data/benchmark/ckplus_7class
Output prefix: /mnt/extended-home/fitra_dosen/2025_iris_fer_taufik/MultimodalEmoLearn/models/benchmark/ckplus_7class
Cache dir: /mnt/extended-home/fitra_dosen/2025_iris_fer_taufik/MultimodalEmoLearn/models/benchmark/ckplus_7class/late_fusion_cache

[3c × scratch × B1] Image branch
  [cache hit] cnn_scratch_b1_3c

[3c × scratch × B2] Image branch
  [cache hit] cnn_scratch_b2_3c

[3c × scratch × B3] Image branch
  [cache hit] cnn_scratch_b3_3c

[3c × tl × B1] Image branch
  [cache hit] cnn_tl_b1_3c

[3c × tl × B2] Image branch
  [cache hit] cnn_tl_b2_3c

[3c × tl × B3] Image branch
  [cache hit] cnn_tl_b3_3c

[3c × raw_136/mediapipe × B1] Landmark branch
  [cache hit] fcnn_raw_136_mp_b1_3c

[3c × raw_136/mediapipe × B2] Landmark branch
  [cache hit] fcnn_raw_136_mp_b2_3c

[3c × raw_136/mediapipe × B3] Landmark branch
  [cache hit] fcnn_raw_136_mp_b3_3c

  [3c × scratch × raw_136/mediapipe × B1] Computing late fusion weight sweep...
  best_w_image=0.50  val_mf1=0.9016  TEST mf1=0.7778  wf1=0.7966  acc=0.7966

  [3c × scratch × raw_136/mediapipe × B2] Computing late fusion weight sweep...
  best_w_image=0.35  val_mf1=0.8429  TEST mf1=0.5934  wf1=0.5927  acc=0.5932

  [3c × scratch × raw_136/mediapipe × B3] Computing late fusion weight sweep...
  best_w_image=0.75  val_mf1=0.8888  TEST mf1=0.7473  wf1=0.7545  acc=0.7627

  [3c × tl × raw_136/mediapipe × B1] Computing late fusion weight sweep...
  best_w_image=0.80  val_mf1=0.9626  TEST mf1=0.7679  wf1=0.7694  acc=0.7627

  [3c × tl × raw_136/mediapipe × B2] Computing late fusion weight sweep...
  best_w_image=1.00  val_mf1=0.9672  TEST mf1=0.9754  wf1=0.9832  acc=0.9831

  [3c × tl × raw_136/mediapipe × B3] Computing late fusion weight sweep...
  best_w_image=0.25  val_mf1=0.9700  TEST mf1=0.8498  wf1=0.8657  acc=0.8644

[3c × facs_28/mediapipe × B1] Landmark branch
  [cache hit] fcnn_facs_28_mp_b1_3c

[3c × facs_28/mediapipe × B2] Landmark branch
  [cache hit] fcnn_facs_28_mp_b2_3c

[3c × facs_28/mediapipe × B3] Landmark branch
  [cache hit] fcnn_facs_28_mp_b3_3c

  [3c × scratch × facs_28/mediapipe × B1] Computing late fusion weight sweep...
  best_w_image=0.50  val_mf1=0.9533  TEST mf1=0.8605  wf1=0.8641  acc=0.8644

  [3c × scratch × facs_28/mediapipe × B2] Computing late fusion weight sweep...
  best_w_image=0.00  val_mf1=0.9141  TEST mf1=0.8188  wf1=0.8004  acc=0.7966

  [3c × scratch × facs_28/mediapipe × B3] Computing late fusion weight sweep...
  best_w_image=0.40  val_mf1=0.9412  TEST mf1=0.8320  wf1=0.8168  acc=0.8136

  [3c × tl × facs_28/mediapipe × B1] Computing late fusion weight sweep...
  best_w_image=0.80  val_mf1=0.9795  TEST mf1=0.8432  wf1=0.8512  acc=0.8475

  [3c × tl × facs_28/mediapipe × B2] Computing late fusion weight sweep...
  best_w_image=0.40  val_mf1=0.9685  TEST mf1=0.9299  wf1=0.9322  acc=0.9322

  [3c × tl × facs_28/mediapipe × B3] Computing late fusion weight sweep...
  best_w_image=0.40  val_mf1=0.9846  TEST mf1=0.9129  wf1=0.9002  acc=0.8983

[3c × blendshape_52/mediapipe × B1] Landmark branch
  [cache hit] fcnn_blendshape_52_mp_b1_3c

[3c × blendshape_52/mediapipe × B2] Landmark branch
  [cache hit] fcnn_blendshape_52_mp_b2_3c

[3c × blendshape_52/mediapipe × B3] Landmark branch
  [cache hit] fcnn_blendshape_52_mp_b3_3c

  [3c × scratch × blendshape_52/mediapipe × B1] Computing late fusion weight sweep...
  best_w_image=0.40  val_mf1=0.9672  TEST mf1=0.8912  wf1=0.8986  acc=0.8983

  [3c × scratch × blendshape_52/mediapipe × B2] Computing late fusion weight sweep...
  best_w_image=0.00  val_mf1=0.9518  TEST mf1=0.8337  wf1=0.8320  acc=0.8305

  [3c × scratch × blendshape_52/mediapipe × B3] Computing late fusion weight sweep...
  best_w_image=0.00  val_mf1=0.9518  TEST mf1=0.8337  wf1=0.8320  acc=0.8305

  [3c × tl × blendshape_52/mediapipe × B1] Computing late fusion weight sweep...
  best_w_image=0.80  val_mf1=0.9795  TEST mf1=0.8166  wf1=0.8185  acc=0.8136

  [3c × tl × blendshape_52/mediapipe × B2] Computing late fusion weight sweep...
  best_w_image=0.50  val_mf1=0.9839  TEST mf1=0.9365  wf1=0.9497  acc=0.9492

  [3c × tl × blendshape_52/mediapipe × B3] Computing late fusion weight sweep...
  best_w_image=0.50  val_mf1=1.0000  TEST mf1=0.8663  wf1=0.8675  acc=0.8644

[3c × facs_plus_bs_80/mediapipe × B1] Landmark branch
  [cache hit] fcnn_facs_plus_bs_80_mp_b1_3c

[3c × facs_plus_bs_80/mediapipe × B2] Landmark branch
  [cache hit] fcnn_facs_plus_bs_80_mp_b2_3c

[3c × facs_plus_bs_80/mediapipe × B3] Landmark branch
  [cache hit] fcnn_facs_plus_bs_80_mp_b3_3c

  [3c × scratch × facs_plus_bs_80/mediapipe × B1] Computing late fusion weight sweep...
  best_w_image=0.00  val_mf1=0.9449  TEST mf1=0.8921  wf1=0.9115  acc=0.9153

  [3c × scratch × facs_plus_bs_80/mediapipe × B2] Computing late fusion weight sweep...
  best_w_image=0.00  val_mf1=0.9593  TEST mf1=0.8637  wf1=0.8661  acc=0.8644

  [3c × scratch × facs_plus_bs_80/mediapipe × B3] Computing late fusion weight sweep...
  best_w_image=0.50  val_mf1=0.9795  TEST mf1=0.8702  wf1=0.8805  acc=0.8814

  [3c × tl × facs_plus_bs_80/mediapipe × B1] Computing late fusion weight sweep...
  best_w_image=0.25  val_mf1=0.9626  TEST mf1=0.9174  wf1=0.9296  acc=0.9322

  [3c × tl × facs_plus_bs_80/mediapipe × B2] Computing late fusion weight sweep...
  best_w_image=1.00  val_mf1=0.9672  TEST mf1=0.9754  wf1=0.9832  acc=0.9831

  [3c × tl × facs_plus_bs_80/mediapipe × B3] Computing late fusion weight sweep...
  best_w_image=0.65  val_mf1=0.9685  TEST mf1=0.9280  wf1=0.9170  acc=0.9153

[7c × scratch × B1] Image branch
  [cache hit] cnn_scratch_b1_7c

[7c × scratch × B2] Image branch
  [cache hit] cnn_scratch_b2_7c

[7c × scratch × B3] Image branch
  [cache hit] cnn_scratch_b3_7c

[7c × tl × B1] Image branch
  [cache hit] cnn_tl_b1_7c

[7c × tl × B2] Image branch
  [cache hit] cnn_tl_b2_7c

[7c × tl × B3] Image branch
  [cache hit] cnn_tl_b3_7c

[7c × raw_136/mediapipe × B1] Landmark branch
  [cache hit] fcnn_raw_136_mp_b1_7c

[7c × raw_136/mediapipe × B2] Landmark branch
  [cache hit] fcnn_raw_136_mp_b2_7c

[7c × raw_136/mediapipe × B3] Landmark branch
  [cache hit] fcnn_raw_136_mp_b3_7c

  [7c × scratch × raw_136/mediapipe × B1] Computing late fusion weight sweep...
  best_w_image=0.55  val_mf1=0.5961  TEST mf1=0.4418  wf1=0.6533  acc=0.7288

  [7c × scratch × raw_136/mediapipe × B2] Computing late fusion weight sweep...
  best_w_image=0.50  val_mf1=0.4631  TEST mf1=0.4861  wf1=0.5801  acc=0.5424

  [7c × scratch × raw_136/mediapipe × B3] Computing late fusion weight sweep...
  best_w_image=0.90  val_mf1=0.7537  TEST mf1=0.4254  wf1=0.3182  acc=0.3898

  [7c × tl × raw_136/mediapipe × B1] Computing late fusion weight sweep...
  best_w_image=0.80  val_mf1=0.8672  TEST mf1=0.7325  wf1=0.8509  acc=0.8475

  [7c × tl × raw_136/mediapipe × B2] Computing late fusion weight sweep...
  best_w_image=0.70  val_mf1=0.7981  TEST mf1=0.7020  wf1=0.8160  acc=0.8136

  [7c × tl × raw_136/mediapipe × B3] Computing late fusion weight sweep...
  best_w_image=0.60  val_mf1=0.9850  TEST mf1=0.7994  wf1=0.8369  acc=0.8305

[7c × facs_28/mediapipe × B1] Landmark branch
  [cache hit] fcnn_facs_28_mp_b1_7c

[7c × facs_28/mediapipe × B2] Landmark branch
  [cache hit] fcnn_facs_28_mp_b2_7c

[7c × facs_28/mediapipe × B3] Landmark branch
  [cache hit] fcnn_facs_28_mp_b3_7c

  [7c × scratch × facs_28/mediapipe × B1] Computing late fusion weight sweep...
  best_w_image=0.55  val_mf1=0.9143  TEST mf1=0.6394  wf1=0.7999  acc=0.8305

  [7c × scratch × facs_28/mediapipe × B2] Computing late fusion weight sweep...
  best_w_image=0.30  val_mf1=0.8955  TEST mf1=0.6886  wf1=0.7258  acc=0.6949

  [7c × scratch × facs_28/mediapipe × B3] Computing late fusion weight sweep...
  best_w_image=0.40  val_mf1=0.9285  TEST mf1=0.6797  wf1=0.6811  acc=0.6610

  [7c × tl × facs_28/mediapipe × B1] Computing late fusion weight sweep...
  best_w_image=0.45  val_mf1=0.9415  TEST mf1=0.6937  wf1=0.8471  acc=0.8644

  [7c × tl × facs_28/mediapipe × B2] Computing late fusion weight sweep...
  best_w_image=0.30  val_mf1=0.9285  TEST mf1=0.7365  wf1=0.7725  acc=0.7458

  [7c × tl × facs_28/mediapipe × B3] Computing late fusion weight sweep...
  best_w_image=0.50  val_mf1=1.0000  TEST mf1=0.8331  wf1=0.8806  acc=0.8814

[7c × blendshape_52/mediapipe × B1] Landmark branch
  [cache hit] fcnn_blendshape_52_mp_b1_7c

[7c × blendshape_52/mediapipe × B2] Landmark branch
  [cache hit] fcnn_blendshape_52_mp_b2_7c

[7c × blendshape_52/mediapipe × B3] Landmark branch
  [cache hit] fcnn_blendshape_52_mp_b3_7c

  [7c × scratch × blendshape_52/mediapipe × B1] Computing late fusion weight sweep...
  best_w_image=0.50  val_mf1=0.9358  TEST mf1=0.6620  wf1=0.8321  acc=0.8475

  [7c × scratch × blendshape_52/mediapipe × B2] Computing late fusion weight sweep...
  best_w_image=0.35  val_mf1=0.8492  TEST mf1=0.6358  wf1=0.7288  acc=0.6949

  [7c × scratch × blendshape_52/mediapipe × B3] Computing late fusion weight sweep...
  best_w_image=0.50  val_mf1=0.9179  TEST mf1=0.6025  wf1=0.6113  acc=0.5932

  [7c × tl × blendshape_52/mediapipe × B1] Computing late fusion weight sweep...
  best_w_image=0.45  val_mf1=0.9414  TEST mf1=0.7117  wf1=0.8679  acc=0.8814

  [7c × tl × blendshape_52/mediapipe × B2] Computing late fusion weight sweep...
  best_w_image=0.55  val_mf1=0.9334  TEST mf1=0.7198  wf1=0.7847  acc=0.7627

  [7c × tl × blendshape_52/mediapipe × B3] Computing late fusion weight sweep...
  best_w_image=0.75  val_mf1=0.9850  TEST mf1=0.8012  wf1=0.8667  acc=0.8644

[7c × facs_plus_bs_80/mediapipe × B1] Landmark branch
  [cache hit] fcnn_facs_plus_bs_80_mp_b1_7c

[7c × facs_plus_bs_80/mediapipe × B2] Landmark branch
  [cache hit] fcnn_facs_plus_bs_80_mp_b2_7c

[7c × facs_plus_bs_80/mediapipe × B3] Landmark branch
  [cache hit] fcnn_facs_plus_bs_80_mp_b3_7c

  [7c × scratch × facs_plus_bs_80/mediapipe × B1] Computing late fusion weight sweep...
  best_w_image=0.00  val_mf1=0.8766  TEST mf1=0.7323  wf1=0.8730  acc=0.8814

  [7c × scratch × facs_plus_bs_80/mediapipe × B2] Computing late fusion weight sweep...
  best_w_image=0.30  val_mf1=0.8668  TEST mf1=0.5745  wf1=0.7158  acc=0.7119

  [7c × scratch × facs_plus_bs_80/mediapipe × B3] Computing late fusion weight sweep...
  best_w_image=0.45  val_mf1=0.9637  TEST mf1=0.6746  wf1=0.7074  acc=0.6949

  [7c × tl × facs_plus_bs_80/mediapipe × B1] Computing late fusion weight sweep...
  best_w_image=0.80  val_mf1=0.9120  TEST mf1=0.8008  wf1=0.9039  acc=0.8983

  [7c × tl × facs_plus_bs_80/mediapipe × B2] Computing late fusion weight sweep...
  best_w_image=0.50  val_mf1=0.9247  TEST mf1=0.6508  wf1=0.7980  acc=0.7966

  [7c × tl × facs_plus_bs_80/mediapipe × B3] Computing late fusion weight sweep...
  best_w_image=0.40  val_mf1=1.0000  TEST mf1=0.7297  wf1=0.8362  acc=0.8305
Saved: /mnt/extended-home/fitra_dosen/2025_iris_fer_taufik/MultimodalEmoLearn/models/benchmark/ckplus_7class/3class/Unified/fusion_late_scratch/results.json
Saved: /mnt/extended-home/fitra_dosen/2025_iris_fer_taufik/MultimodalEmoLearn/models/benchmark/ckplus_7class/3class/Unified/fusion_late_tl/results.json
Saved: /mnt/extended-home/fitra_dosen/2025_iris_fer_taufik/MultimodalEmoLearn/models/benchmark/ckplus_7class/3class/Unified/fusion_late_scratch_facs_28/results.json
Saved: /mnt/extended-home/fitra_dosen/2025_iris_fer_taufik/MultimodalEmoLearn/models/benchmark/ckplus_7class/3class/Unified/fusion_late_tl_facs_28/results.json
Saved: /mnt/extended-home/fitra_dosen/2025_iris_fer_taufik/MultimodalEmoLearn/models/benchmark/ckplus_7class/3class/Unified/fusion_late_scratch_blendshape_52/results.json
Saved: /mnt/extended-home/fitra_dosen/2025_iris_fer_taufik/MultimodalEmoLearn/models/benchmark/ckplus_7class/3class/Unified/fusion_late_tl_blendshape_52/results.json
Saved: /mnt/extended-home/fitra_dosen/2025_iris_fer_taufik/MultimodalEmoLearn/models/benchmark/ckplus_7class/3class/Unified/fusion_late_scratch_facs_plus_bs_80/results.json
Saved: /mnt/extended-home/fitra_dosen/2025_iris_fer_taufik/MultimodalEmoLearn/models/benchmark/ckplus_7class/3class/Unified/fusion_late_tl_facs_plus_bs_80/results.json
Saved: /mnt/extended-home/fitra_dosen/2025_iris_fer_taufik/MultimodalEmoLearn/models/benchmark/ckplus_7class/7class/Unified/fusion_late_scratch/results.json
Saved: /mnt/extended-home/fitra_dosen/2025_iris_fer_taufik/MultimodalEmoLearn/models/benchmark/ckplus_7class/7class/Unified/fusion_late_tl/results.json
Saved: /mnt/extended-home/fitra_dosen/2025_iris_fer_taufik/MultimodalEmoLearn/models/benchmark/ckplus_7class/7class/Unified/fusion_late_scratch_facs_28/results.json
Saved: /mnt/extended-home/fitra_dosen/2025_iris_fer_taufik/MultimodalEmoLearn/models/benchmark/ckplus_7class/7class/Unified/fusion_late_tl_facs_28/results.json
Saved: /mnt/extended-home/fitra_dosen/2025_iris_fer_taufik/MultimodalEmoLearn/models/benchmark/ckplus_7class/7class/Unified/fusion_late_scratch_blendshape_52/results.json
Saved: /mnt/extended-home/fitra_dosen/2025_iris_fer_taufik/MultimodalEmoLearn/models/benchmark/ckplus_7class/7class/Unified/fusion_late_tl_blendshape_52/results.json
Saved: /mnt/extended-home/fitra_dosen/2025_iris_fer_taufik/MultimodalEmoLearn/models/benchmark/ckplus_7class/7class/Unified/fusion_late_scratch_facs_plus_bs_80/results.json
Saved: /mnt/extended-home/fitra_dosen/2025_iris_fer_taufik/MultimodalEmoLearn/models/benchmark/ckplus_7class/7class/Unified/fusion_late_tl_facs_plus_bs_80/results.json

====================================================================================================
SUMMARY: Late Fusion Unified Protocol macro_f1
====================================================================================================
  scheme  variant   feature             source            B1        B2        B3
  3c     scratch   raw_136             mediapipe     0.7778    0.5934    0.7473
  3c     tl        raw_136             mediapipe     0.7679    0.9754    0.8498
  3c     scratch   facs_28             mediapipe     0.8605    0.8188    0.8320
  3c     tl        facs_28             mediapipe     0.8432    0.9299    0.9129
  3c     scratch   blendshape_52       mediapipe     0.8912    0.8337    0.8337
  3c     tl        blendshape_52       mediapipe     0.8166    0.9365    0.8663
  3c     scratch   facs_plus_bs_80     mediapipe     0.8921    0.8637    0.8702
  3c     tl        facs_plus_bs_80     mediapipe     0.9174    0.9754    0.9280
  7c     scratch   raw_136             mediapipe     0.4418    0.4861    0.4254
  7c     tl        raw_136             mediapipe     0.7325    0.7020    0.7994
  7c     scratch   facs_28             mediapipe     0.6394    0.6886    0.6797
  7c     tl        facs_28             mediapipe     0.6937    0.7365    0.8331
  7c     scratch   blendshape_52       mediapipe     0.6620    0.6358    0.6025
  7c     tl        blendshape_52       mediapipe     0.7117    0.7198    0.8012
  7c     scratch   facs_plus_bs_80     mediapipe     0.7323    0.5745    0.6746
  7c     tl        facs_plus_bs_80     mediapipe     0.8008    0.6508    0.7297
[retry_run] ✅ Succeeded on attempt 1
[retry_run] Attempt 1/3: CUDA_VISIBLE_DEVICES=2 /mnt/extended-home/fitra_dosen/2025_iris_fer_taufik/miniconda3/envs/2025_iris_fer_taufik/bin/python -u scripts/run_unified_fusion.py --data-dir data/benchmark/ckplus_7class --output-prefix models/benchmark/ckplus_7class --fusions early --variants scratch tl --landmark-features raw_136 --landmark-sources mediapipe --early-fusion-modes gated --scenarios b1 b2 b3 --classes 3 7
Device: cuda
DATA_DIR: /mnt/extended-home/fitra_dosen/2025_iris_fer_taufik/MultimodalEmoLearn/data/benchmark/ckplus_7class
Output: /mnt/extended-home/fitra_dosen/2025_iris_fer_taufik/MultimodalEmoLearn/models/benchmark/ckplus_7class
Total runs: 12
Pre-loaded 12 existing runs (use --force-retrain to ignore)

[1/12] SKIP fusion_early_gated_scratch_b1_3c (existing, mf1=0.8023)

[2/12] SKIP fusion_early_gated_scratch_b2_3c (existing, mf1=0.7444)

[3/12] SKIP fusion_early_gated_scratch_b3_3c (existing, mf1=0.7868)

[4/12] SKIP fusion_early_gated_tl_b1_3c (existing, mf1=0.9315)

[5/12] SKIP fusion_early_gated_tl_b2_3c (existing, mf1=0.8466)

[6/12] SKIP fusion_early_gated_tl_b3_3c (existing, mf1=0.8398)

[7/12] SKIP fusion_early_gated_scratch_b1_7c (existing, mf1=0.5481)

[8/12] SKIP fusion_early_gated_scratch_b2_7c (existing, mf1=0.4233)

[9/12] SKIP fusion_early_gated_scratch_b3_7c (existing, mf1=0.5473)

[10/12] SKIP fusion_early_gated_tl_b1_7c (existing, mf1=0.7446)

[11/12] SKIP fusion_early_gated_tl_b2_7c (existing, mf1=0.8571)

[12/12] SKIP fusion_early_gated_tl_b3_7c (existing, mf1=0.8510)

Sweep done: trained=0, skipped_existing=12
Saved: /mnt/extended-home/fitra_dosen/2025_iris_fer_taufik/MultimodalEmoLearn/models/benchmark/ckplus_7class/3class/Unified/fusion_early_gated_scratch/results.json
Saved: /mnt/extended-home/fitra_dosen/2025_iris_fer_taufik/MultimodalEmoLearn/models/benchmark/ckplus_7class/3class/Unified/fusion_early_gated_tl/results.json
Saved: /mnt/extended-home/fitra_dosen/2025_iris_fer_taufik/MultimodalEmoLearn/models/benchmark/ckplus_7class/7class/Unified/fusion_early_gated_scratch/results.json
Saved: /mnt/extended-home/fitra_dosen/2025_iris_fer_taufik/MultimodalEmoLearn/models/benchmark/ckplus_7class/7class/Unified/fusion_early_gated_tl/results.json

========================================================================================================================
SUMMARY: Unified protocol fusion macro_f1
========================================================================================================================
  scheme  fusion         mode    variant   feature           lm_src            B1        B2        B3
  3c     early          gated   scratch   raw_136           mediapipe     0.8023    0.7444    0.7868
  3c     early          gated   tl        raw_136           mediapipe     0.9315    0.8466    0.8398
  7c     early          gated   scratch   raw_136           mediapipe     0.5481    0.4233    0.5473
  7c     early          gated   tl        raw_136           mediapipe     0.7446    0.8571    0.8510
[retry_run] ✅ Succeeded on attempt 1
--- supervisor: jaffe_7class ---
[retry_run] Attempt 1/3: CUDA_VISIBLE_DEVICES=2 /mnt/extended-home/fitra_dosen/2025_iris_fer_taufik/miniconda3/envs/2025_iris_fer_taufik/bin/python -u scripts/run_unified_landmark.py --data-dir data/benchmark/jaffe_7class --output-prefix models/benchmark/jaffe_7class --features raw_136 facs_28 --archs fcnn cnn1d --sources mediapipe --scenarios b1 b2 b3 --classes 3 7
Device: cuda
DATA_DIR: /mnt/extended-home/fitra_dosen/2025_iris_fer_taufik/MultimodalEmoLearn/data/benchmark/jaffe_7class
Output: /mnt/extended-home/fitra_dosen/2025_iris_fer_taufik/MultimodalEmoLearn/models/benchmark/jaffe_7class
Total runs: 24
Pre-loaded 24 existing runs (use --force-retrain to ignore)

[1/24] SKIP mediapipe_raw_136_fcnn_b1_3c (existing, mf1=0.1630)

[2/24] SKIP mediapipe_raw_136_fcnn_b2_3c (existing, mf1=0.3814)

[3/24] SKIP mediapipe_raw_136_fcnn_b3_3c (existing, mf1=0.6269)

[4/24] SKIP mediapipe_raw_136_cnn1d_b1_3c (existing, mf1=0.2295)

[5/24] SKIP mediapipe_raw_136_cnn1d_b2_3c (existing, mf1=0.4275)

[6/24] SKIP mediapipe_raw_136_cnn1d_b3_3c (existing, mf1=0.5308)

[7/24] SKIP mediapipe_facs_28_fcnn_b1_3c (existing, mf1=0.2917)

[8/24] SKIP mediapipe_facs_28_fcnn_b2_3c (existing, mf1=0.2917)

[9/24] SKIP mediapipe_facs_28_fcnn_b3_3c (existing, mf1=0.4841)

[10/24] SKIP mediapipe_facs_28_cnn1d_b1_3c (existing, mf1=0.2330)

[11/24] SKIP mediapipe_facs_28_cnn1d_b2_3c (existing, mf1=0.2128)

[12/24] SKIP mediapipe_facs_28_cnn1d_b3_3c (existing, mf1=0.1838)

[13/24] SKIP mediapipe_raw_136_fcnn_b1_7c (existing, mf1=0.1608)

[14/24] SKIP mediapipe_raw_136_fcnn_b2_7c (existing, mf1=0.1081)

[15/24] SKIP mediapipe_raw_136_fcnn_b3_7c (existing, mf1=0.0948)

[16/24] SKIP mediapipe_raw_136_cnn1d_b1_7c (existing, mf1=0.0985)

[17/24] SKIP mediapipe_raw_136_cnn1d_b2_7c (existing, mf1=0.0764)

[18/24] SKIP mediapipe_raw_136_cnn1d_b3_7c (existing, mf1=0.2232)

[19/24] SKIP mediapipe_facs_28_fcnn_b1_7c (existing, mf1=0.2440)

[20/24] SKIP mediapipe_facs_28_fcnn_b2_7c (existing, mf1=0.4116)

[21/24] SKIP mediapipe_facs_28_fcnn_b3_7c (existing, mf1=0.1079)

[22/24] SKIP mediapipe_facs_28_cnn1d_b1_7c (existing, mf1=0.2763)

[23/24] SKIP mediapipe_facs_28_cnn1d_b2_7c (existing, mf1=0.1143)

[24/24] SKIP mediapipe_facs_28_cnn1d_b3_7c (existing, mf1=0.3481)

Sweep done: trained=0, skipped_existing=24
Saved: /mnt/extended-home/fitra_dosen/2025_iris_fer_taufik/MultimodalEmoLearn/models/benchmark/jaffe_7class/3class/Unified/raw_136/results.json
Saved: /mnt/extended-home/fitra_dosen/2025_iris_fer_taufik/MultimodalEmoLearn/models/benchmark/jaffe_7class/3class/Unified/facs_28/results.json
Saved: /mnt/extended-home/fitra_dosen/2025_iris_fer_taufik/MultimodalEmoLearn/models/benchmark/jaffe_7class/7class/Unified/raw_136/results.json
Saved: /mnt/extended-home/fitra_dosen/2025_iris_fer_taufik/MultimodalEmoLearn/models/benchmark/jaffe_7class/7class/Unified/facs_28/results.json

===============================================================================================
SUMMARY: Unified protocol macro_f1
===============================================================================================
  scheme  feat      src         arch          B1        B2        B3
  3c     raw_136   mediapipe   fcnn      0.1630    0.3814    0.6269
  3c     raw_136   mediapipe   cnn1d     0.2295    0.4275    0.5308
  3c     facs_28   mediapipe   fcnn      0.2917    0.2917    0.4841
  3c     facs_28   mediapipe   cnn1d     0.2330    0.2128    0.1838
  7c     raw_136   mediapipe   fcnn      0.1608    0.1081    0.0948
  7c     raw_136   mediapipe   cnn1d     0.0985    0.0764    0.2232
  7c     facs_28   mediapipe   fcnn      0.2440    0.4116    0.1079
  7c     facs_28   mediapipe   cnn1d     0.2763    0.1143    0.3481
[retry_run] ✅ Succeeded on attempt 1
[retry_run] Attempt 1/3: CUDA_VISIBLE_DEVICES=2 /mnt/extended-home/fitra_dosen/2025_iris_fer_taufik/miniconda3/envs/2025_iris_fer_taufik/bin/python -u scripts/run_unified_derived.py --data-dir data/benchmark/jaffe_7class --output-prefix models/benchmark/jaffe_7class --features blendshape_52 facs_plus_bs_80 --sources mediapipe --archs fcnn cnn1d --scenarios b1 b2 b3 --classes 3 7
Device: cuda
DATA_DIR: /mnt/extended-home/fitra_dosen/2025_iris_fer_taufik/MultimodalEmoLearn/data/benchmark/jaffe_7class
Output: /mnt/extended-home/fitra_dosen/2025_iris_fer_taufik/MultimodalEmoLearn/models/benchmark/jaffe_7class
Total runs: 24
Pre-loaded 24 existing runs (use --force-retrain to ignore)

[1/24] SKIP blendshape_52_mediapipe_fcnn_b1_3c (existing, mf1=0.3101)

[2/24] SKIP blendshape_52_mediapipe_fcnn_b2_3c (existing, mf1=0.4046)

[3/24] SKIP blendshape_52_mediapipe_fcnn_b3_3c (existing, mf1=0.6793)

[4/24] SKIP blendshape_52_mediapipe_cnn1d_b1_3c (existing, mf1=0.3029)

[5/24] SKIP blendshape_52_mediapipe_cnn1d_b2_3c (existing, mf1=0.3539)

[6/24] SKIP blendshape_52_mediapipe_cnn1d_b3_3c (existing, mf1=0.3539)

[7/24] SKIP blendshape_52_mediapipe_fcnn_b1_7c (existing, mf1=0.1418)

[8/24] SKIP blendshape_52_mediapipe_fcnn_b2_7c (existing, mf1=0.3110)

[9/24] SKIP blendshape_52_mediapipe_fcnn_b3_7c (existing, mf1=0.4304)

[10/24] SKIP blendshape_52_mediapipe_cnn1d_b1_7c (existing, mf1=0.2491)

[11/24] SKIP blendshape_52_mediapipe_cnn1d_b2_7c (existing, mf1=0.3029)

[12/24] SKIP blendshape_52_mediapipe_cnn1d_b3_7c (existing, mf1=0.2989)

[13/24] SKIP facs_plus_bs_80_mediapipe_fcnn_b1_3c (existing, mf1=0.2434)

[14/24] SKIP facs_plus_bs_80_mediapipe_fcnn_b2_3c (existing, mf1=0.3773)

[15/24] SKIP facs_plus_bs_80_mediapipe_fcnn_b3_3c (existing, mf1=0.3922)

[16/24] SKIP facs_plus_bs_80_mediapipe_cnn1d_b1_3c (existing, mf1=0.4025)

[17/24] SKIP facs_plus_bs_80_mediapipe_cnn1d_b2_3c (existing, mf1=0.3397)

[18/24] SKIP facs_plus_bs_80_mediapipe_cnn1d_b3_3c (existing, mf1=0.4370)

[19/24] SKIP facs_plus_bs_80_mediapipe_fcnn_b1_7c (existing, mf1=0.2544)

[20/24] SKIP facs_plus_bs_80_mediapipe_fcnn_b2_7c (existing, mf1=0.2912)

[21/24] SKIP facs_plus_bs_80_mediapipe_fcnn_b3_7c (existing, mf1=0.1081)

[22/24] SKIP facs_plus_bs_80_mediapipe_cnn1d_b1_7c (existing, mf1=0.1561)

[23/24] SKIP facs_plus_bs_80_mediapipe_cnn1d_b2_7c (existing, mf1=0.1145)

[24/24] SKIP facs_plus_bs_80_mediapipe_cnn1d_b3_7c (existing, mf1=0.2416)

Sweep done: trained=0, skipped_existing=24
Saved: /mnt/extended-home/fitra_dosen/2025_iris_fer_taufik/MultimodalEmoLearn/models/benchmark/jaffe_7class/3class/Unified/blendshape_52/results.json
Saved: /mnt/extended-home/fitra_dosen/2025_iris_fer_taufik/MultimodalEmoLearn/models/benchmark/jaffe_7class/3class/Unified/facs_plus_bs_80/results.json
Saved: /mnt/extended-home/fitra_dosen/2025_iris_fer_taufik/MultimodalEmoLearn/models/benchmark/jaffe_7class/7class/Unified/blendshape_52/results.json
Saved: /mnt/extended-home/fitra_dosen/2025_iris_fer_taufik/MultimodalEmoLearn/models/benchmark/jaffe_7class/7class/Unified/facs_plus_bs_80/results.json

===============================================================================================
SUMMARY: derived features macro_f1
===============================================================================================
  scheme  feat                src         arch          B1        B2        B3
  3c     blendshape_52       mediapipe   fcnn      0.3101    0.4046    0.6793
  3c     blendshape_52       mediapipe   cnn1d     0.3029    0.3539    0.3539
  3c     facs_plus_bs_80     mediapipe   fcnn      0.2434    0.3773    0.3922
  3c     facs_plus_bs_80     mediapipe   cnn1d     0.4025    0.3397    0.4370
  3c     facs_plus_bs_80     faceapi     fcnn        -         -         -   
  3c     facs_plus_bs_80     faceapi     cnn1d       -         -         -   
  7c     blendshape_52       mediapipe   fcnn      0.1418    0.3110    0.4304
  7c     blendshape_52       mediapipe   cnn1d     0.2491    0.3029    0.2989
  7c     facs_plus_bs_80     mediapipe   fcnn      0.2544    0.2912    0.1081
  7c     facs_plus_bs_80     mediapipe   cnn1d     0.1561    0.1145    0.2416
  7c     facs_plus_bs_80     faceapi     fcnn        -         -         -   
  7c     facs_plus_bs_80     faceapi     cnn1d       -         -         -   
[retry_run] ✅ Succeeded on attempt 1
[retry_run] Attempt 1/3: CUDA_VISIBLE_DEVICES=2 /mnt/extended-home/fitra_dosen/2025_iris_fer_taufik/miniconda3/envs/2025_iris_fer_taufik/bin/python -u scripts/run_unified_image.py --data-dir data/benchmark/jaffe_7class --output-prefix models/benchmark/jaffe_7class --scenarios b1 b2 b3 --classes 3 7
Device: cuda
DATA_DIR: /mnt/extended-home/fitra_dosen/2025_iris_fer_taufik/MultimodalEmoLearn/data/benchmark/jaffe_7class
Output: /mnt/extended-home/fitra_dosen/2025_iris_fer_taufik/MultimodalEmoLearn/models/benchmark/jaffe_7class
Total runs: 12
Pre-loaded 12 existing runs (use --force-retrain to ignore)

[1/12] SKIP cnn_scratch_b1_3c (existing, mf1=0.4986)

[2/12] SKIP cnn_scratch_b2_3c (existing, mf1=0.3052)

[3/12] SKIP cnn_scratch_b3_3c (existing, mf1=0.2434)

[4/12] SKIP cnn_tl_b1_3c (existing, mf1=0.4640)

[5/12] SKIP cnn_tl_b2_3c (existing, mf1=0.4530)

[6/12] SKIP cnn_tl_b3_3c (existing, mf1=0.5121)

[7/12] SKIP cnn_scratch_b1_7c (existing, mf1=0.3424)

[8/12] SKIP cnn_scratch_b2_7c (existing, mf1=0.4063)

[9/12] SKIP cnn_scratch_b3_7c (existing, mf1=0.3536)

[10/12] SKIP cnn_tl_b1_7c (existing, mf1=0.2684)

[11/12] SKIP cnn_tl_b2_7c (existing, mf1=0.4791)

[12/12] SKIP cnn_tl_b3_7c (existing, mf1=0.2747)

Sweep done: trained=0, skipped_existing=12
Saved: /mnt/extended-home/fitra_dosen/2025_iris_fer_taufik/MultimodalEmoLearn/models/benchmark/jaffe_7class/3class/Unified/cnn_scratch/results.json
Saved: /mnt/extended-home/fitra_dosen/2025_iris_fer_taufik/MultimodalEmoLearn/models/benchmark/jaffe_7class/3class/Unified/cnn_tl/results.json
Saved: /mnt/extended-home/fitra_dosen/2025_iris_fer_taufik/MultimodalEmoLearn/models/benchmark/jaffe_7class/7class/Unified/cnn_scratch/results.json
Saved: /mnt/extended-home/fitra_dosen/2025_iris_fer_taufik/MultimodalEmoLearn/models/benchmark/jaffe_7class/7class/Unified/cnn_tl/results.json

================================================================================
SUMMARY: Unified protocol image-based macro_f1
================================================================================
  scheme  arch                B1        B2        B3
  3c     cnn_scratch     0.4986    0.3052    0.2434
  3c     cnn_tl          0.4640    0.4530    0.5121
  7c     cnn_scratch     0.3424    0.4063    0.3536
  7c     cnn_tl          0.2684    0.4791    0.2747
[retry_run] ✅ Succeeded on attempt 1
[retry_run] Attempt 1/3: CUDA_VISIBLE_DEVICES=2 /mnt/extended-home/fitra_dosen/2025_iris_fer_taufik/miniconda3/envs/2025_iris_fer_taufik/bin/python -u scripts/run_unified_fusion.py --data-dir data/benchmark/jaffe_7class --output-prefix models/benchmark/jaffe_7class --landmark-sources mediapipe --scenarios b1 b2 b3 --classes 3 7
Device: cuda
DATA_DIR: /mnt/extended-home/fitra_dosen/2025_iris_fer_taufik/MultimodalEmoLearn/data/benchmark/jaffe_7class
Output: /mnt/extended-home/fitra_dosen/2025_iris_fer_taufik/MultimodalEmoLearn/models/benchmark/jaffe_7class
Total runs: 24
Pre-loaded 24 existing runs (use --force-retrain to ignore)

[1/24] SKIP fusion_early_scratch_b1_3c (existing, mf1=0.4505)

[2/24] SKIP fusion_early_scratch_b2_3c (existing, mf1=0.2200)

[3/24] SKIP fusion_early_scratch_b3_3c (existing, mf1=0.3079)

[4/24] SKIP fusion_early_tl_b1_3c (existing, mf1=0.2785)

[5/24] SKIP fusion_early_tl_b2_3c (existing, mf1=0.6430)

[6/24] SKIP fusion_early_tl_b3_3c (existing, mf1=0.5417)

[7/24] SKIP fusion_intermediate_scratch_b1_3c (existing, mf1=0.5410)

[8/24] SKIP fusion_intermediate_scratch_b2_3c (existing, mf1=0.6157)

[9/24] SKIP fusion_intermediate_scratch_b3_3c (existing, mf1=0.3344)

[10/24] SKIP fusion_intermediate_tl_b1_3c (existing, mf1=0.4057)

[11/24] SKIP fusion_intermediate_tl_b2_3c (existing, mf1=0.3483)

[12/24] SKIP fusion_intermediate_tl_b3_3c (existing, mf1=0.3798)

[13/24] SKIP fusion_early_scratch_b1_7c (existing, mf1=0.3631)

[14/24] SKIP fusion_early_scratch_b2_7c (existing, mf1=0.1239)

[15/24] SKIP fusion_early_scratch_b3_7c (existing, mf1=0.0807)

[16/24] SKIP fusion_early_tl_b1_7c (existing, mf1=0.1266)

[17/24] SKIP fusion_early_tl_b2_7c (existing, mf1=0.1204)

[18/24] SKIP fusion_early_tl_b3_7c (existing, mf1=0.2430)

[19/24] SKIP fusion_intermediate_scratch_b1_7c (existing, mf1=0.3012)

[20/24] SKIP fusion_intermediate_scratch_b2_7c (existing, mf1=0.0816)

[21/24] SKIP fusion_intermediate_scratch_b3_7c (existing, mf1=0.1002)

[22/24] SKIP fusion_intermediate_tl_b1_7c (existing, mf1=0.1766)

[23/24] SKIP fusion_intermediate_tl_b2_7c (existing, mf1=0.1982)

[24/24] SKIP fusion_intermediate_tl_b3_7c (existing, mf1=0.1426)

Sweep done: trained=0, skipped_existing=24
Saved: /mnt/extended-home/fitra_dosen/2025_iris_fer_taufik/MultimodalEmoLearn/models/benchmark/jaffe_7class/3class/Unified/fusion_early_scratch/results.json
Saved: /mnt/extended-home/fitra_dosen/2025_iris_fer_taufik/MultimodalEmoLearn/models/benchmark/jaffe_7class/3class/Unified/fusion_early_tl/results.json
Saved: /mnt/extended-home/fitra_dosen/2025_iris_fer_taufik/MultimodalEmoLearn/models/benchmark/jaffe_7class/3class/Unified/fusion_intermediate_scratch/results.json
Saved: /mnt/extended-home/fitra_dosen/2025_iris_fer_taufik/MultimodalEmoLearn/models/benchmark/jaffe_7class/3class/Unified/fusion_intermediate_tl/results.json
Saved: /mnt/extended-home/fitra_dosen/2025_iris_fer_taufik/MultimodalEmoLearn/models/benchmark/jaffe_7class/7class/Unified/fusion_early_scratch/results.json
Saved: /mnt/extended-home/fitra_dosen/2025_iris_fer_taufik/MultimodalEmoLearn/models/benchmark/jaffe_7class/7class/Unified/fusion_early_tl/results.json
Saved: /mnt/extended-home/fitra_dosen/2025_iris_fer_taufik/MultimodalEmoLearn/models/benchmark/jaffe_7class/7class/Unified/fusion_intermediate_scratch/results.json
Saved: /mnt/extended-home/fitra_dosen/2025_iris_fer_taufik/MultimodalEmoLearn/models/benchmark/jaffe_7class/7class/Unified/fusion_intermediate_tl/results.json

========================================================================================================================
SUMMARY: Unified protocol fusion macro_f1
========================================================================================================================
  scheme  fusion         mode    variant   feature           lm_src            B1        B2        B3
  3c     early          concat  scratch   raw_136           mediapipe     0.4505    0.2200    0.3079
  3c     early          concat  tl        raw_136           mediapipe     0.2785    0.6430    0.5417
  3c     intermediate   concat  scratch   raw_136           mediapipe     0.5410    0.6157    0.3344
  3c     intermediate   concat  tl        raw_136           mediapipe     0.4057    0.3483    0.3798
  7c     early          concat  scratch   raw_136           mediapipe     0.3631    0.1239    0.0807
  7c     early          concat  tl        raw_136           mediapipe     0.1266    0.1204    0.2430
  7c     intermediate   concat  scratch   raw_136           mediapipe     0.3012    0.0816    0.1002
  7c     intermediate   concat  tl        raw_136           mediapipe     0.1766    0.1982    0.1426
[retry_run] ✅ Succeeded on attempt 1
[retry_run] Attempt 1/3: CUDA_VISIBLE_DEVICES=2 /mnt/extended-home/fitra_dosen/2025_iris_fer_taufik/miniconda3/envs/2025_iris_fer_taufik/bin/python -u scripts/compute_late_fusion_unified.py --data-dir data/benchmark/jaffe_7class --output-prefix models/benchmark/jaffe_7class --landmark-features raw_136 facs_28 blendshape_52 facs_plus_bs_80 --landmark-sources mediapipe --scenarios b1 b2 b3 --classes 3 7
Device: cuda
DATA_DIR: /mnt/extended-home/fitra_dosen/2025_iris_fer_taufik/MultimodalEmoLearn/data/benchmark/jaffe_7class
Output prefix: /mnt/extended-home/fitra_dosen/2025_iris_fer_taufik/MultimodalEmoLearn/models/benchmark/jaffe_7class
Cache dir: /mnt/extended-home/fitra_dosen/2025_iris_fer_taufik/MultimodalEmoLearn/models/benchmark/jaffe_7class/late_fusion_cache

[3c × scratch × B1] Image branch
  [cache hit] cnn_scratch_b1_3c

[3c × scratch × B2] Image branch
  [cache hit] cnn_scratch_b2_3c

[3c × scratch × B3] Image branch
  [cache hit] cnn_scratch_b3_3c

[3c × tl × B1] Image branch
  [cache hit] cnn_tl_b1_3c

[3c × tl × B2] Image branch
  [cache hit] cnn_tl_b2_3c

[3c × tl × B3] Image branch
  [cache hit] cnn_tl_b3_3c

[3c × raw_136/mediapipe × B1] Landmark branch
  [cache hit] fcnn_raw_136_mp_b1_3c

[3c × raw_136/mediapipe × B2] Landmark branch
  [cache hit] fcnn_raw_136_mp_b2_3c

[3c × raw_136/mediapipe × B3] Landmark branch
  [cache hit] fcnn_raw_136_mp_b3_3c

  [3c × scratch × raw_136/mediapipe × B1] Computing late fusion weight sweep...
  best_w_image=0.85  val_mf1=0.9599  TEST mf1=0.3598  wf1=0.4557  acc=0.5000

  [3c × scratch × raw_136/mediapipe × B2] Computing late fusion weight sweep...
  best_w_image=0.30  val_mf1=0.9564  TEST mf1=0.5317  wf1=0.7011  acc=0.7500

  [3c × scratch × raw_136/mediapipe × B3] Computing late fusion weight sweep...
  best_w_image=0.00  val_mf1=0.8857  TEST mf1=0.6269  wf1=0.6839  acc=0.6750

  [3c × tl × raw_136/mediapipe × B1] Computing late fusion weight sweep...
  best_w_image=0.85  val_mf1=0.9221  TEST mf1=0.4052  wf1=0.3604  acc=0.4000

  [3c × tl × raw_136/mediapipe × B2] Computing late fusion weight sweep...
  best_w_image=0.50  val_mf1=0.9200  TEST mf1=0.7303  wf1=0.8058  acc=0.8000

  [3c × tl × raw_136/mediapipe × B3] Computing late fusion weight sweep...
  best_w_image=0.45  val_mf1=1.0000  TEST mf1=0.5835  wf1=0.6077  acc=0.5750

[3c × facs_28/mediapipe × B1] Landmark branch
  [cache hit] fcnn_facs_28_mp_b1_3c

[3c × facs_28/mediapipe × B2] Landmark branch
  [cache hit] fcnn_facs_28_mp_b2_3c

[3c × facs_28/mediapipe × B3] Landmark branch
  [cache hit] fcnn_facs_28_mp_b3_3c

  [3c × scratch × facs_28/mediapipe × B1] Computing late fusion weight sweep...
  best_w_image=0.00  val_mf1=1.0000  TEST mf1=0.2917  wf1=0.4571  acc=0.5750

  [3c × scratch × facs_28/mediapipe × B2] Computing late fusion weight sweep...
  best_w_image=0.00  val_mf1=1.0000  TEST mf1=0.2917  wf1=0.4571  acc=0.5750

  [3c × scratch × facs_28/mediapipe × B3] Computing late fusion weight sweep...
  best_w_image=0.00  val_mf1=1.0000  TEST mf1=0.2917  wf1=0.4571  acc=0.5750

  [3c × tl × facs_28/mediapipe × B1] Computing late fusion weight sweep...
  best_w_image=0.00  val_mf1=1.0000  TEST mf1=0.2917  wf1=0.4571  acc=0.5750

  [3c × tl × facs_28/mediapipe × B2] Computing late fusion weight sweep...
  best_w_image=0.00  val_mf1=1.0000  TEST mf1=0.2917  wf1=0.4571  acc=0.5750

  [3c × tl × facs_28/mediapipe × B3] Computing late fusion weight sweep...
  best_w_image=0.00  val_mf1=1.0000  TEST mf1=0.2917  wf1=0.4571  acc=0.5750

[3c × blendshape_52/mediapipe × B1] Landmark branch
  [cache hit] fcnn_blendshape_52_mp_b1_3c

[3c × blendshape_52/mediapipe × B2] Landmark branch
  [cache hit] fcnn_blendshape_52_mp_b2_3c

[3c × blendshape_52/mediapipe × B3] Landmark branch
  [cache hit] fcnn_blendshape_52_mp_b3_3c

  [3c × scratch × blendshape_52/mediapipe × B1] Computing late fusion weight sweep...
  best_w_image=0.80  val_mf1=1.0000  TEST mf1=0.4464  wf1=0.5826  acc=0.6250

  [3c × scratch × blendshape_52/mediapipe × B2] Computing late fusion weight sweep...
  best_w_image=0.50  val_mf1=0.9564  TEST mf1=0.6848  wf1=0.7905  acc=0.7750

  [3c × scratch × blendshape_52/mediapipe × B3] Computing late fusion weight sweep...
  best_w_image=1.00  val_mf1=0.8429  TEST mf1=0.4026  wf1=0.3634  acc=0.4000

  [3c × tl × blendshape_52/mediapipe × B1] Computing late fusion weight sweep...
  best_w_image=0.70  val_mf1=0.9221  TEST mf1=0.6650  wf1=0.6971  acc=0.6750

  [3c × tl × blendshape_52/mediapipe × B2] Computing late fusion weight sweep...
  best_w_image=0.70  val_mf1=0.9200  TEST mf1=0.7522  wf1=0.7863  acc=0.7750

  [3c × tl × blendshape_52/mediapipe × B3] Computing late fusion weight sweep...
  best_w_image=0.60  val_mf1=1.0000  TEST mf1=0.6051  wf1=0.6877  acc=0.6500

[3c × facs_plus_bs_80/mediapipe × B1] Landmark branch
  [cache hit] fcnn_facs_plus_bs_80_mp_b1_3c

[3c × facs_plus_bs_80/mediapipe × B2] Landmark branch
  [cache hit] fcnn_facs_plus_bs_80_mp_b2_3c

[3c × facs_plus_bs_80/mediapipe × B3] Landmark branch
  [cache hit] fcnn_facs_plus_bs_80_mp_b3_3c

  [3c × scratch × facs_plus_bs_80/mediapipe × B1] Computing late fusion weight sweep...
  best_w_image=0.80  val_mf1=1.0000  TEST mf1=0.4424  wf1=0.5832  acc=0.6250

  [3c × scratch × facs_plus_bs_80/mediapipe × B2] Computing late fusion weight sweep...
  best_w_image=0.45  val_mf1=0.9564  TEST mf1=0.6482  wf1=0.7482  acc=0.7250

  [3c × scratch × facs_plus_bs_80/mediapipe × B3] Computing late fusion weight sweep...
  best_w_image=1.00  val_mf1=0.8429  TEST mf1=0.4026  wf1=0.3634  acc=0.4000

  [3c × tl × facs_plus_bs_80/mediapipe × B1] Computing late fusion weight sweep...
  best_w_image=0.70  val_mf1=0.9221  TEST mf1=0.7185  wf1=0.7758  acc=0.7500

  [3c × tl × facs_plus_bs_80/mediapipe × B2] Computing late fusion weight sweep...
  best_w_image=0.70  val_mf1=0.9200  TEST mf1=0.7107  wf1=0.7644  acc=0.7500

  [3c × tl × facs_plus_bs_80/mediapipe × B3] Computing late fusion weight sweep...
  best_w_image=0.55  val_mf1=1.0000  TEST mf1=0.5397  wf1=0.6010  acc=0.5500

[7c × scratch × B1] Image branch
  [cache hit] cnn_scratch_b1_7c

[7c × scratch × B2] Image branch
  [cache hit] cnn_scratch_b2_7c

[7c × scratch × B3] Image branch
  [cache hit] cnn_scratch_b3_7c

[7c × tl × B1] Image branch
  [cache hit] cnn_tl_b1_7c

[7c × tl × B2] Image branch
  [cache hit] cnn_tl_b2_7c

[7c × tl × B3] Image branch
  [cache hit] cnn_tl_b3_7c

[7c × raw_136/mediapipe × B1] Landmark branch
  [cache hit] fcnn_raw_136_mp_b1_7c

[7c × raw_136/mediapipe × B2] Landmark branch
  [cache hit] fcnn_raw_136_mp_b2_7c

[7c × raw_136/mediapipe × B3] Landmark branch
  [cache hit] fcnn_raw_136_mp_b3_7c

  [7c × scratch × raw_136/mediapipe × B1] Computing late fusion weight sweep...
  best_w_image=0.85  val_mf1=0.5556  TEST mf1=0.3694  wf1=0.3682  acc=0.4500

  [7c × scratch × raw_136/mediapipe × B2] Computing late fusion weight sweep...
  best_w_image=0.60  val_mf1=0.6173  TEST mf1=0.3267  wf1=0.3377  acc=0.3750

  [7c × scratch × raw_136/mediapipe × B3] Computing late fusion weight sweep...
  best_w_image=0.55  val_mf1=0.6812  TEST mf1=0.1944  wf1=0.1979  acc=0.2750

  [7c × tl × raw_136/mediapipe × B1] Computing late fusion weight sweep...
  best_w_image=0.90  val_mf1=0.6534  TEST mf1=0.3722  wf1=0.3647  acc=0.4000

  [7c × tl × raw_136/mediapipe × B2] Computing late fusion weight sweep...
  best_w_image=0.85  val_mf1=0.5810  TEST mf1=0.3656  wf1=0.3548  acc=0.4250

  [7c × tl × raw_136/mediapipe × B3] Computing late fusion weight sweep...
  best_w_image=0.70  val_mf1=0.7653  TEST mf1=0.2570  wf1=0.2627  acc=0.3500

[7c × facs_28/mediapipe × B1] Landmark branch
  [cache hit] fcnn_facs_28_mp_b1_7c

[7c × facs_28/mediapipe × B2] Landmark branch
  [cache hit] fcnn_facs_28_mp_b2_7c

[7c × facs_28/mediapipe × B3] Landmark branch
  [cache hit] fcnn_facs_28_mp_b3_7c

  [7c × scratch × facs_28/mediapipe × B1] Computing late fusion weight sweep...
  best_w_image=0.00  val_mf1=0.7973  TEST mf1=0.2440  wf1=0.2255  acc=0.2750

  [7c × scratch × facs_28/mediapipe × B2] Computing late fusion weight sweep...
  best_w_image=0.00  val_mf1=0.7891  TEST mf1=0.4116  wf1=0.3968  acc=0.4000

  [7c × scratch × facs_28/mediapipe × B3] Computing late fusion weight sweep...
  best_w_image=0.00  val_mf1=0.7891  TEST mf1=0.4116  wf1=0.3968  acc=0.4000

  [7c × tl × facs_28/mediapipe × B1] Computing late fusion weight sweep...
  best_w_image=0.00  val_mf1=0.7973  TEST mf1=0.2440  wf1=0.2255  acc=0.2750

  [7c × tl × facs_28/mediapipe × B2] Computing late fusion weight sweep...
  best_w_image=0.00  val_mf1=0.7891  TEST mf1=0.4116  wf1=0.3968  acc=0.4000

  [7c × tl × facs_28/mediapipe × B3] Computing late fusion weight sweep...
  best_w_image=0.00  val_mf1=0.7891  TEST mf1=0.4116  wf1=0.3968  acc=0.4000

[7c × blendshape_52/mediapipe × B1] Landmark branch
  [cache hit] fcnn_blendshape_52_mp_b1_7c

[7c × blendshape_52/mediapipe × B2] Landmark branch
  [cache hit] fcnn_blendshape_52_mp_b2_7c

[7c × blendshape_52/mediapipe × B3] Landmark branch
  [cache hit] fcnn_blendshape_52_mp_b3_7c

  [7c × scratch × blendshape_52/mediapipe × B1] Computing late fusion weight sweep...
  best_w_image=0.15  val_mf1=0.7016  TEST mf1=0.1899  wf1=0.1994  acc=0.2500

  [7c × scratch × blendshape_52/mediapipe × B2] Computing late fusion weight sweep...
  best_w_image=0.75  val_mf1=0.6806  TEST mf1=0.4033  wf1=0.4135  acc=0.4750

  [7c × scratch × blendshape_52/mediapipe × B3] Computing late fusion weight sweep...
  best_w_image=0.00  val_mf1=0.6673  TEST mf1=0.3110  wf1=0.3123  acc=0.3500

  [7c × tl × blendshape_52/mediapipe × B1] Computing late fusion weight sweep...
  best_w_image=0.35  val_mf1=0.7016  TEST mf1=0.3181  wf1=0.3269  acc=0.3500

  [7c × tl × blendshape_52/mediapipe × B2] Computing late fusion weight sweep...
  best_w_image=0.00  val_mf1=0.6673  TEST mf1=0.3110  wf1=0.3123  acc=0.3500

  [7c × tl × blendshape_52/mediapipe × B3] Computing late fusion weight sweep...
  best_w_image=0.95  val_mf1=0.7653  TEST mf1=0.2915  wf1=0.2989  acc=0.4000

[7c × facs_plus_bs_80/mediapipe × B1] Landmark branch
  [cache hit] fcnn_facs_plus_bs_80_mp_b1_7c

[7c × facs_plus_bs_80/mediapipe × B2] Landmark branch
  [cache hit] fcnn_facs_plus_bs_80_mp_b2_7c

[7c × facs_plus_bs_80/mediapipe × B3] Landmark branch
  [cache hit] fcnn_facs_plus_bs_80_mp_b3_7c

  [7c × scratch × facs_plus_bs_80/mediapipe × B1] Computing late fusion weight sweep...
  best_w_image=0.15  val_mf1=0.6398  TEST mf1=0.2356  wf1=0.2331  acc=0.2750

  [7c × scratch × facs_plus_bs_80/mediapipe × B2] Computing late fusion weight sweep...
  best_w_image=0.00  val_mf1=0.7605  TEST mf1=0.2912  wf1=0.2807  acc=0.3250

  [7c × scratch × facs_plus_bs_80/mediapipe × B3] Computing late fusion weight sweep...
  best_w_image=0.00  val_mf1=0.7605  TEST mf1=0.2912  wf1=0.2807  acc=0.3250

  [7c × tl × facs_plus_bs_80/mediapipe × B1] Computing late fusion weight sweep...
  best_w_image=0.65  val_mf1=0.6891  TEST mf1=0.4584  wf1=0.4605  acc=0.4750

  [7c × tl × facs_plus_bs_80/mediapipe × B2] Computing late fusion weight sweep...
  best_w_image=0.00  val_mf1=0.7605  TEST mf1=0.2912  wf1=0.2807  acc=0.3250

  [7c × tl × facs_plus_bs_80/mediapipe × B3] Computing late fusion weight sweep...
  best_w_image=0.95  val_mf1=0.7653  TEST mf1=0.3311  wf1=0.3322  acc=0.4000
Saved: /mnt/extended-home/fitra_dosen/2025_iris_fer_taufik/MultimodalEmoLearn/models/benchmark/jaffe_7class/3class/Unified/fusion_late_scratch/results.json
Saved: /mnt/extended-home/fitra_dosen/2025_iris_fer_taufik/MultimodalEmoLearn/models/benchmark/jaffe_7class/3class/Unified/fusion_late_tl/results.json
Saved: /mnt/extended-home/fitra_dosen/2025_iris_fer_taufik/MultimodalEmoLearn/models/benchmark/jaffe_7class/3class/Unified/fusion_late_scratch_facs_28/results.json
Saved: /mnt/extended-home/fitra_dosen/2025_iris_fer_taufik/MultimodalEmoLearn/models/benchmark/jaffe_7class/3class/Unified/fusion_late_tl_facs_28/results.json
Saved: /mnt/extended-home/fitra_dosen/2025_iris_fer_taufik/MultimodalEmoLearn/models/benchmark/jaffe_7class/3class/Unified/fusion_late_scratch_blendshape_52/results.json
Saved: /mnt/extended-home/fitra_dosen/2025_iris_fer_taufik/MultimodalEmoLearn/models/benchmark/jaffe_7class/3class/Unified/fusion_late_tl_blendshape_52/results.json
Saved: /mnt/extended-home/fitra_dosen/2025_iris_fer_taufik/MultimodalEmoLearn/models/benchmark/jaffe_7class/3class/Unified/fusion_late_scratch_facs_plus_bs_80/results.json
Saved: /mnt/extended-home/fitra_dosen/2025_iris_fer_taufik/MultimodalEmoLearn/models/benchmark/jaffe_7class/3class/Unified/fusion_late_tl_facs_plus_bs_80/results.json
Saved: /mnt/extended-home/fitra_dosen/2025_iris_fer_taufik/MultimodalEmoLearn/models/benchmark/jaffe_7class/7class/Unified/fusion_late_scratch/results.json
Saved: /mnt/extended-home/fitra_dosen/2025_iris_fer_taufik/MultimodalEmoLearn/models/benchmark/jaffe_7class/7class/Unified/fusion_late_tl/results.json
Saved: /mnt/extended-home/fitra_dosen/2025_iris_fer_taufik/MultimodalEmoLearn/models/benchmark/jaffe_7class/7class/Unified/fusion_late_scratch_facs_28/results.json
Saved: /mnt/extended-home/fitra_dosen/2025_iris_fer_taufik/MultimodalEmoLearn/models/benchmark/jaffe_7class/7class/Unified/fusion_late_tl_facs_28/results.json
Saved: /mnt/extended-home/fitra_dosen/2025_iris_fer_taufik/MultimodalEmoLearn/models/benchmark/jaffe_7class/7class/Unified/fusion_late_scratch_blendshape_52/results.json
Saved: /mnt/extended-home/fitra_dosen/2025_iris_fer_taufik/MultimodalEmoLearn/models/benchmark/jaffe_7class/7class/Unified/fusion_late_tl_blendshape_52/results.json
Saved: /mnt/extended-home/fitra_dosen/2025_iris_fer_taufik/MultimodalEmoLearn/models/benchmark/jaffe_7class/7class/Unified/fusion_late_scratch_facs_plus_bs_80/results.json
Saved: /mnt/extended-home/fitra_dosen/2025_iris_fer_taufik/MultimodalEmoLearn/models/benchmark/jaffe_7class/7class/Unified/fusion_late_tl_facs_plus_bs_80/results.json

====================================================================================================
SUMMARY: Late Fusion Unified Protocol macro_f1
====================================================================================================
  scheme  variant   feature             source            B1        B2        B3
  3c     scratch   raw_136             mediapipe     0.3598    0.5317    0.6269
  3c     tl        raw_136             mediapipe     0.4052    0.7303    0.5835
  3c     scratch   facs_28             mediapipe     0.2917    0.2917    0.2917
  3c     tl        facs_28             mediapipe     0.2917    0.2917    0.2917
  3c     scratch   blendshape_52       mediapipe     0.4464    0.6848    0.4026
  3c     tl        blendshape_52       mediapipe     0.6650    0.7522    0.6051
  3c     scratch   facs_plus_bs_80     mediapipe     0.4424    0.6482    0.4026
  3c     tl        facs_plus_bs_80     mediapipe     0.7185    0.7107    0.5397
  7c     scratch   raw_136             mediapipe     0.3694    0.3267    0.1944
  7c     tl        raw_136             mediapipe     0.3722    0.3656    0.2570
  7c     scratch   facs_28             mediapipe     0.2440    0.4116    0.4116
  7c     tl        facs_28             mediapipe     0.2440    0.4116    0.4116
  7c     scratch   blendshape_52       mediapipe     0.1899    0.4033    0.3110
  7c     tl        blendshape_52       mediapipe     0.3181    0.3110    0.2915
  7c     scratch   facs_plus_bs_80     mediapipe     0.2356    0.2912    0.2912
  7c     tl        facs_plus_bs_80     mediapipe     0.4584    0.2912    0.3311
[retry_run] ✅ Succeeded on attempt 1
[retry_run] Attempt 1/3: CUDA_VISIBLE_DEVICES=2 /mnt/extended-home/fitra_dosen/2025_iris_fer_taufik/miniconda3/envs/2025_iris_fer_taufik/bin/python -u scripts/run_unified_fusion.py --data-dir data/benchmark/jaffe_7class --output-prefix models/benchmark/jaffe_7class --fusions early --variants scratch tl --landmark-features raw_136 --landmark-sources mediapipe --early-fusion-modes gated --scenarios b1 b2 b3 --classes 3 7
Device: cuda
DATA_DIR: /mnt/extended-home/fitra_dosen/2025_iris_fer_taufik/MultimodalEmoLearn/data/benchmark/jaffe_7class
Output: /mnt/extended-home/fitra_dosen/2025_iris_fer_taufik/MultimodalEmoLearn/models/benchmark/jaffe_7class
Total runs: 12
Pre-loaded 12 existing runs (use --force-retrain to ignore)

[1/12] SKIP fusion_early_gated_scratch_b1_3c (existing, mf1=0.3426)

[2/12] SKIP fusion_early_gated_scratch_b2_3c (existing, mf1=0.4358)

[3/12] SKIP fusion_early_gated_scratch_b3_3c (existing, mf1=0.4166)

[4/12] SKIP fusion_early_gated_tl_b1_3c (existing, mf1=0.3614)

[5/12] SKIP fusion_early_gated_tl_b2_3c (existing, mf1=0.4377)

[6/12] SKIP fusion_early_gated_tl_b3_3c (existing, mf1=0.5841)

[7/12] SKIP fusion_early_gated_scratch_b1_7c (existing, mf1=0.3044)

[8/12] SKIP fusion_early_gated_scratch_b2_7c (existing, mf1=0.1796)

[9/12] SKIP fusion_early_gated_scratch_b3_7c (existing, mf1=0.2767)

[10/12] SKIP fusion_early_gated_tl_b1_7c (existing, mf1=0.2347)

[11/12] SKIP fusion_early_gated_tl_b2_7c (existing, mf1=0.4226)

[12/12] SKIP fusion_early_gated_tl_b3_7c (existing, mf1=0.2315)

Sweep done: trained=0, skipped_existing=12
Saved: /mnt/extended-home/fitra_dosen/2025_iris_fer_taufik/MultimodalEmoLearn/models/benchmark/jaffe_7class/3class/Unified/fusion_early_gated_scratch/results.json
Saved: /mnt/extended-home/fitra_dosen/2025_iris_fer_taufik/MultimodalEmoLearn/models/benchmark/jaffe_7class/3class/Unified/fusion_early_gated_tl/results.json
Saved: /mnt/extended-home/fitra_dosen/2025_iris_fer_taufik/MultimodalEmoLearn/models/benchmark/jaffe_7class/7class/Unified/fusion_early_gated_scratch/results.json
Saved: /mnt/extended-home/fitra_dosen/2025_iris_fer_taufik/MultimodalEmoLearn/models/benchmark/jaffe_7class/7class/Unified/fusion_early_gated_tl/results.json

========================================================================================================================
SUMMARY: Unified protocol fusion macro_f1
========================================================================================================================
  scheme  fusion         mode    variant   feature           lm_src            B1        B2        B3
  3c     early          gated   scratch   raw_136           mediapipe     0.3426    0.4358    0.4166
  3c     early          gated   tl        raw_136           mediapipe     0.3614    0.4377    0.5841
  7c     early          gated   scratch   raw_136           mediapipe     0.3044    0.1796    0.2767
  7c     early          gated   tl        raw_136           mediapipe     0.2347    0.4226    0.2315
[retry_run] ✅ Succeeded on attempt 1
=== Supervisor done at 2026-05-19T14:46:12+07:00 ===
