Model,Accuracy,F1-Score (Macro),F1-Score (Weighted),Precision (Macro),Recall (Macro),Inference Time (s),Parameters (M)
Late Fusion,0.8567774936061381,0.2822369919597478,0.819173194284236,0.4528405524168236,0.2689238351805189,1.4907970428466797,0.0
Landmark,0.8491048593350383,0.2890904875483474,0.8170408252287615,0.38164051747866773,0.27629849288782354,0.10587143898010254,0.600966
Hybrid Fusion,0.8081841432225064,0.22205969415680885,0.744796843560727,0.40123131046613897,0.2089696904513142,0.6667907238006592,52.472486
CNN,0.7979539641943734,0.2299019607843137,0.74026628554235,0.36068556108770583,0.21699948442696274,1.3849256038665771,27.002662
